/*
SQLyog Enterprise - MySQL GUI v8.1 
MySQL - 5.5.5-10.1.28-MariaDB : Database - sga_unap
*********************************************************************
*/

/*!40101 SET NAMES utf8 */;

/*!40101 SET SQL_MODE=''*/;

/*!40014 SET @OLD_FOREIGN_KEY_CHECKS=@@FOREIGN_KEY_CHECKS, FOREIGN_KEY_CHECKS=0 */;
/*!40101 SET @OLD_SQL_MODE=@@SQL_MODE, SQL_MODE='NO_AUTO_VALUE_ON_ZERO' */;

CREATE DATABASE /*!32312 IF NOT EXISTS*/`sga_unap` /*!40100 DEFAULT CHARACTER SET utf8 */;

USE `sga_unap`;

/*Table structure for table `actitud_semanas` */

DROP TABLE IF EXISTS `actitud_semanas`;

CREATE TABLE `actitud_semanas` (
  `Acs_IdActitudSemanas` int(11) NOT NULL AUTO_INCREMENT,
  `Acs_Actitud` varchar(50) DEFAULT NULL,
  `Acs_Semana` varchar(50) DEFAULT NULL,
  `Sil_IdSilabo` int(11) DEFAULT NULL,
  PRIMARY KEY (`Acs_IdActitudSemanas`)
) ENGINE=InnoDB DEFAULT CHARSET=utf8;

/*Data for the table `actitud_semanas` */

/*Table structure for table `ambiente` */

DROP TABLE IF EXISTS `ambiente`;

CREATE TABLE `ambiente` (
  `Amb_IdAmbiente` int(11) NOT NULL AUTO_INCREMENT,
  `Amb_Nombre` varchar(45) DEFAULT NULL,
  `Amb_Direccion` varchar(45) DEFAULT NULL,
  `Amb_Telefono` varchar(45) DEFAULT NULL,
  `Tip_IdTipoAmbiente` int(11) NOT NULL,
  PRIMARY KEY (`Amb_IdAmbiente`),
  KEY `fk_ambiente_tipo_idx` (`Tip_IdTipoAmbiente`),
  CONSTRAINT `fk_ambiente_tipo` FOREIGN KEY (`Tip_IdTipoAmbiente`) REFERENCES `tipo_ambiente` (`Tia_IdTipoAmbiente`) ON DELETE NO ACTION ON UPDATE NO ACTION
) ENGINE=InnoDB DEFAULT CHARSET=utf8;

/*Data for the table `ambiente` */

/*Table structure for table `archivo_fisico` */

DROP TABLE IF EXISTS `archivo_fisico`;

CREATE TABLE `archivo_fisico` (
  `Arf_IdArchivoFisico` int(11) NOT NULL AUTO_INCREMENT,
  `Arf_Descripcion` varchar(45) DEFAULT NULL,
  `Taf_IdTipoArchivoFisico` int(11) DEFAULT NULL,
  `Arf_TypeMime` char(30) DEFAULT NULL,
  `Arf_TamanoArchivo` varchar(45) DEFAULT NULL,
  `Arf_PosicionFisica` varchar(200) DEFAULT NULL,
  `Arf_FechaCreacion` varchar(45) DEFAULT NULL,
  `Arf_FechaRegistro` timestamp NULL DEFAULT CURRENT_TIMESTAMP,
  `Arf_URL` varchar(500) DEFAULT NULL,
  `Arf_Estado` char(1) DEFAULT NULL,
  `Idi_IdIdioma` char(10) DEFAULT NULL,
  PRIMARY KEY (`Arf_IdArchivoFisico`),
  KEY `FK_archivo_fisico_tipo` (`Taf_IdTipoArchivoFisico`),
  KEY `FK_archivo_fisico_idi` (`Idi_IdIdioma`),
  CONSTRAINT `FK_archivo_fisico_arf` FOREIGN KEY (`Taf_IdTipoArchivoFisico`) REFERENCES `tipo_archivo_fisico` (`Taf_IdTipoArchivoFisico`)
) ENGINE=InnoDB AUTO_INCREMENT=400 DEFAULT CHARSET=utf8;

/*Data for the table `archivo_fisico` */

insert  into `archivo_fisico`(Arf_IdArchivoFisico,Arf_Descripcion,Taf_IdTipoArchivoFisico,Arf_TypeMime,Arf_TamanoArchivo,Arf_PosicionFisica,Arf_FechaCreacion,Arf_FechaRegistro,Arf_URL,Arf_Estado,Idi_IdIdioma) values (1,'ACTO Integrated Information System (IIS)',4,'application/pdf','2552113','SII_OTCA_Especificaciones_AFortin.pdf','05/03/2018','0000-00-00 00:00:00','','1','Inglés'),(2,'Terms of Reference of the Technical Design an',1,'','','TdR_SII_OTCA_AFortin.pdf','08/11/2013','0000-00-00 00:00:00','','1','Inglés'),(3,'Cuestionario Preliminar sobre Requerimientos ',1,'','','Datos_RRHH_PaisesOTCA_AFortin.pdf','08/11/2013','0000-00-00 00:00:00','','1','Español'),(5,'',1,NULL,'','Produto1_PlanEstrat_BGPeregovich.pdf','','0000-00-00 00:00:00','','','0'),(6,'Analisis de las Normas Peruanas sobre Recurso',1,'','','Produto_InfFinal_Soria.pdf','01/02/2014','0000-00-00 00:00:00','','1','Español'),(7,'Introducción al Sistema Jurídico peruano',2,'','','Produto_Int_Sist_Jur_Peruano_Soria.doc','04/08/2013','0000-00-00 00:00:00','','1','Español'),(8,'Matriz de Marco Legal Aplicable  sobre los Re',3,'','','Matriz_Legal_RRHH_Peru_Soria.xls','04/08/2013','0000-00-00 00:00:00','','1','Español'),(9,'Presentación del Informe Final: Análisis de l',4,'application/vnd.openxmlformats','144805','Produto_Presentacion_InfFinal_Soria.pptx','04/08/2013','0000-00-00 00:00:00','','1','Español'),(10,'Cuadro de Legislación Aplicable sobre los Rec',1,'','','Matriz_Legal_RevisadaPeru_Soria.pdf','04/08/2013','0000-00-00 00:00:00','','1','Inglés, Po'),(15,'Producto II y III: Atlas de Vulnerabilidad Hi',1,'','','Plan_Atlas_Vulnerabilidad_CIIFEN.pdf','30/05/2014','0000-00-00 00:00:00','','1','Español'),(16,'Producto 1: Atlas de Vulnerabilidad Hidroclim',1,'','','Plan_Avance_Atlas_Vulnerabilidad_CIIFEN.pdf','29/08/2013','0000-00-00 00:00:00','','1','Español'),(17,'Producto 4: Atlas de Vulnerabilidad Hidroclim',1,'','','Atlas_Vulnerabilidad_Hidroclimatica_CIIFEN.pdf','06/08/2014','0000-00-00 00:00:00','','1','Español'),(19,'',1,NULL,'','Ecosistemas_Acuaticos_Amazonicos_CAlho.pdf','','0000-00-00 00:00:00','','','0'),(20,'',1,NULL,'','Resumen_Ecosistemas_Acuaticos_Amazonicos_CAlho.pdf','','0000-00-00 00:00:00','','','0'),(21,'',1,NULL,'','Produto1_PlanEstrat_CAlho.pdf','','0000-00-00 00:00:00','','','0'),(22,'',1,NULL,'','Produto2_Amenazas_Ambientales_CAlho.pdf','','0000-00-00 00:00:00','','','0'),(23,'',1,NULL,'','Produto3_Evaluacion_Socioeconomica_CAlho.pdf','','0000-00-00 00:00:00','','','0'),(24,'',1,NULL,'','Produto4_Lista_de_Hotspots_CAlho.pdf','','0000-00-00 00:00:00','','','0'),(25,'',1,NULL,'','Produto5_Socioeconomia_Hotspots_CAlho.pdf','','0000-00-00 00:00:00','','','0'),(26,'',1,NULL,'','Produto7_Ecosistemas_Acuaticos_Biodiversidad_CAlho.pdf','','0000-00-00 00:00:00','','','0'),(27,'Produto 8: Estudo Final relativo as Atividade',1,'','','Produto8_Ecosistemas_Acuaticos_Biodiversidad_InfFinal_CAlho.pdf','01/03/2014','0000-00-00 00:00:00','','1','Portugués'),(30,'',1,NULL,'','Produto_InfFinal1_DGutierrez.pdf','','0000-00-00 00:00:00','','','0'),(31,'',1,NULL,'','Matriz_Legal_RRHHBolivia_DGutierrez.pdf','','0000-00-00 00:00:00','','','0'),(32,'Matriz Legal. Legislación Boliviana',3,'application/vnd.openxmlformats','114133','Matriz_Legal_RRHHBolivia_DGutierrez.xlsx','26/08/2013','0000-00-00 00:00:00','','1','Español'),(34,'',1,NULL,'','Produto_Int_Sist_Jur_Boliviano_DGutierrez.pdf','','0000-00-00 00:00:00','','','0'),(35,'Tabela revisada. Legislación boliviana',2,'application/vnd.openxmlformats','46532','Matriz_Legal_RevisadaBolivia_DGutierrez.docx','26/08/2013','0000-00-00 00:00:00','','1','Inglés, Po'),(36,'Textos internacionales',3,'application/vnd.openxmlformats','116221','Matriz_Legal2_RRHHBolivia_DGutierrez.xlsx','26/08/2013','0000-00-00 00:00:00','','1','Español'),(37,'Tipo de normas - Bolivia',2,'application/vnd.openxmlformats','18599','Tipo_de_normas_Bolivia_DGutierrez.docx','26/08/2013','0000-00-00 00:00:00','','1','Español'),(38,'',1,NULL,'','Produto_InfFinal_LegBolivia_DGutierrez.pdf','','0000-00-00 00:00:00','','','0'),(39,'Anexo 2 Mapeamento de Riscos Ambientais & Ane',1,'','','AnexoII_Riesgos_Ambientales_Rio_Acre.pdf','29/11/2014','0000-00-00 00:00:00','','1','Portugés'),(40,'Anexo 1. Memória de Calculo de Orcamento para',1,'','','Informe1_Calculo_para_Actividades_EMendoza.pdf','01/06/2013','0000-00-00 00:00:00','','1','Portugués'),(41,'Produto 1: Plano de Trabalho sobre vulnerabil',1,'application/pdf','10839131','1d255-ATIVID.III.2.2_ELSA_MENDOZA_RELAT--RIO_1.pdf','01/12/2012','0000-00-00 00:00:00','','1','Portugués'),(44,'',1,NULL,'','Anexo14_Fondos_Workshops_EMendoza.pdf','','0000-00-00 00:00:00','','','0'),(45,'Produto 4: Vulnerabilidade as Mudancas Climát',1,'','','Produto4_Vulnerabilidad_RegionMAP_EMendoza.pdf','01/02/2014','0000-00-00 00:00:00','','1','Portugués'),(46,'Anexo II. Lista de presenca: 1° Reuniao Inter',1,'','','Asistentes_1Reunion_Internacional_EMendoza.pdf','05/11/2013','0000-00-00 00:00:00','','1','Portugués'),(48,'Output 1: Submission of a strategic plan for ',1,'','','Produto1_PlanEstrat_FSouza.pdf','01/11/2012','0000-00-00 00:00:00','','1','Portugués'),(49,'Investigacao da literatura e de projetos da c',1,'','','Produto2_3_Inventario_Compilacion_FSouza.pdf','01/12/2013','0000-00-00 00:00:00','','1','Portugués'),(51,'',1,NULL,'','Produto1_Plan_de_Trabajo_FdeWit.pdf','','0000-00-00 00:00:00','','','0'),(52,'',1,NULL,'','Informe1_GrupoSIG_HFuentes.pdf','','0000-00-00 00:00:00','','','0'),(53,'',1,NULL,'','Produto3_Matriz_Vulnerabilidad_RRHH_FBrown.pdf','','0000-00-00 00:00:00','','','0'),(54,'',1,NULL,'','Produto1_Plan_de_Trabajo_ADT_PAE_JBenites.pdf','','0000-00-00 00:00:00','','','0'),(55,'Proposta para execução de projeto regional vi',1,'application/pdf','638154','a4275-ATIVID.I.1.1_JOS--_AM--RICO_RELAT--RIO_1.pdf','27/02/2013','0000-00-00 00:00:00','','1','Portugues'),(56,'',2,NULL,'','Produto_Int_Sist_Jur_Brasilero_HBenatti.doc','','0000-00-00 00:00:00','','','0'),(57,'',3,NULL,'','Matriz_Legal_RRHHBrasil_HBenatti.xls','','0000-00-00 00:00:00','','','0'),(58,'',3,NULL,'','Matriz_Legal2_RRHHBrasil_HBenatti.xls','','0000-00-00 00:00:00','','','0'),(59,'Presentación: Reuniáo de Experts Juridicos: H',4,'application/vnd.openxmlformats','2061216','Presentacion_Seminario_GEF_Brasil_HBenatti.pptx','13/11/2013','0000-00-00 00:00:00','','1','Portugués'),(60,'Tipo de normas - Brasil',2,'application/vnd.openxmlformats','20000','Tipo_de_normas_Brasil_HBenatti.docx','01/03/2014','0000-00-00 00:00:00','','1','Portugués'),(61,'',1,NULL,'','Produto3_InfFinal_RegionMAP_JFReyes.pdf','','0000-00-00 00:00:00','','','0'),(62,'',3,NULL,'','Matriz_Legal_RRHHColombia_LRojas.xls','','0000-00-00 00:00:00','','','0'),(63,'Jurisprudencia Recurso Hídrico en Colombia',2,'application/vnd.openxmlformats','17080','Jurisprudencia_RRHHColombia_LRojas.docx','31/08/2013','0000-00-00 00:00:00','','1','Español'),(64,'Protocolo Metodológico para la legislación co',2,'application/vnd.openxmlformats','42325','Produto_Int_Sist_Jur_Colombiano_LRojas.docx','31/08/2013','0000-00-00 00:00:00','','1','Español'),(65,'Plano Estrategico para o desenvolvimento do p',1,'','','Produto1_Plan_de_Trabajo_ElRobrini.pdf','01/09/2012','0000-00-00 00:00:00','','1','Portugués'),(66,'Ilha do Marajó: Caratericacao física dos ento',1,'','','Produto2_Ilha_do_Marajo_ElRobrini.pdf','01/11/2012','0000-00-00 00:00:00','','1','Portugués'),(67,'Serie documentada dos mapas das zonas costeir',1,'','','Produto3_Serie_Mapas_ElRobrini.pdf','01/10/2013','0000-00-00 00:00:00','','1','Portugués'),(69,'',1,NULL,'','Estrategia_de_Comunicacion.pdf','','0000-00-00 00:00:00','','','0'),(71,'',2,NULL,'','Tipo_de_normas_Surinam_NDelPrado.doc','','0000-00-00 00:00:00','','','0'),(72,'',3,NULL,'','Matriz_Legal_RRHHSurinam_NDelPrado.xls','','0000-00-00 00:00:00','','','0'),(73,'',1,NULL,'','Produto2_ProtocolMetodol_RRHHSurinam_NDelPrado.pdf','','0000-00-00 00:00:00','','','0'),(74,'',3,NULL,'','Matriz_Legal2_RRHHSurinam_NDelPrado.xls','','0000-00-00 00:00:00','','','0'),(75,'',1,NULL,'','Produto2A_ProtocolMetodol_RRHHSurinam_NDelPrado.pdf','','0000-00-00 00:00:00','','','0'),(76,'Produto 1: Plano estratégico para a execução ',1,'','','Produto1_PlanEstrat_Caracterizacion_NPFilizola.pdf','01/01/2012','0000-00-00 00:00:00','','1','Portugués'),(77,'Produto 2: Plano de custos de viagem de campo',1,'','','Produto2_Costos_de_Muestreos_NPFilizola.pdf','01/12/2012','0000-00-00 00:00:00','','1','Portugués'),(78,'Produto 3: Atividades de campo para coleta de',1,'','','Produto3_Muestreos_NPFilizola.pdf','01/01/2013','0000-00-00 00:00:00','','1','Portugués'),(79,'',1,NULL,'','Produto1_PlanEstrat_NRavena.pdf','','0000-00-00 00:00:00','','','0'),(80,'',1,NULL,'','Produto2_Base_Datos_Rio_Purus_NRavena.pdf','','0000-00-00 00:00:00','','','0'),(81,'',1,NULL,'','Produto3_Impactos_Cambio_Climatico_NRavena.pdf','','0000-00-00 00:00:00','','','0'),(82,'Produto 2: Identificacao e caracterizacao dos',1,'','','Produto2_Sitios_Pilotos_PChaves.pdf','01/11/2013','0000-00-00 00:00:00','','1','Portugués'),(83,'Produto 1: Plano Estrategico de Implementacao',1,'','','Produto1_PlanEstrat_PChaves.pdf','03/10/2012','0000-00-00 00:00:00','','1','Español'),(84,'Atlas Botanico - Varzeas Amazónicas',3,'','','Atlas_Botanico_PChaves.pdf','01/11/2013','0000-00-00 00:00:00','','1','Portugués'),(85,'',2,NULL,'','Matriz_Legal_RRHHEcuador_PSerrano.xls','','0000-00-00 00:00:00','','','0'),(86,'Introducción al sistema jurídico ecuatoriano',2,'application/vnd.openxmlformats','36074','Produto_Int_Sist_Jur_Ecuatoriano_PSerrano.docx','01/08/2013','0000-00-00 00:00:00','','1','Español'),(87,'',1,NULL,'','Produto_InfFinal_RRHHLeg_Ecuador_PSerrano.pdf','','0000-00-00 00:00:00','','','0'),(89,'',1,NULL,'','Produto2_ADTNacional_Peru_PSummers.pdf','','0000-00-00 00:00:00','','','0'),(91,'Informe Final del ADT Consolidado para el Per',2,'application/vnd.openxmlformats','746248','Produto3_ADTNacional_Peru_PSummers.docx','31/07/2014','0000-00-00 00:00:00','','1','Español'),(92,'',1,NULL,'','Produto1_Datos_Geograficos_Cartograficos_PBCoelho.pdf','','0000-00-00 00:00:00','','','0'),(93,'',1,NULL,'','Produto_PlanEstrat_STeles.pdf','','0000-00-00 00:00:00','','','0'),(94,'Inventario dos dados da legislacao sobre recu',1,'application/pdf','1396179','Produto_RelatParcial1_STeles.pdf','01/10/2013','0000-00-00 00:00:00','','1','Portugués'),(95,'',1,NULL,'','Produto4_Plan_de_Trabajo_RegionMAP_Sonaira.pdf','','0000-00-00 00:00:00','','','0'),(96,'Legal Matrix of Guyana',3,'application/vnd.openxmlformats','39663','Matriz_Legal_RRHHGuyana_TEHousty.xlsx','01/08/2013','0000-00-00 00:00:00','','1','Inglés'),(97,'Introducción al Sistema Jurídico de Guyana',2,'application/vnd.openxmlformats','42717','Produto_Int_Sist_Jur_Guyana_TEHousty.docx','12/08/2013','0000-00-00 00:00:00','','1','Inglés'),(99,'Producto 1: Plan Estratégico para la ejecució',1,'application/pdf','1926172','ceb47-ATIVID.I.2.1_YERKO_MONTERO_RELAT--RIO_1.pdf','15/12/2012','0000-00-00 00:00:00','','1','Español'),(100,'Producto 2: Análisis Institucional sobre los ',1,'application/pdf','3015201','9507a-ATIVID.I.2.1_YERKO_MONTERO_RELAT--RIO_2.pdf','19/02/2013','0000-00-00 00:00:00','','1','Español'),(102,'Producto 3: Presentación de un mapa instituci',1,'application/pdf','1231529','07a81-ATIVID.I.2.1_YERKO_MONTERO_RELAT--RIO_3.pdf','19/05/2013','0000-00-00 00:00:00','','1','Español'),(105,'Producto 4: Informe Documentado del Análisis ',1,'application/pdf','932370','7da85-ATIVID.I.2.1_YERKO_MONTERO_RELAT--RIO_4.pdf','19/08/2013','0000-00-00 00:00:00','','1','Español'),(106,'Informe Periódico N° 5: Organización del Tall',1,'application/pdf','1046409','27938-ATIVID.I.2.1_YERKO_MONTERO_RELAT--RIO_5.pdf','26/11/2013','0000-00-00 00:00:00','','1','Español'),(112,'Producto 6: Informe Final de Consultoría',1,'','','Produto_InfFinal_Consolidado_YMontero.pdf','19/11/2013','0000-00-00 00:00:00','','1','Español'),(113,'Producto 1: Plan de Trabajo - Investigación d',1,'application/pdf','6791092','edfe0-ATIVID.I.1.1_IPOS.PERU_RELATORIO_1.pdf','27/08/2014',NULL,'','1','Español'),(114,'Producto 1: Investigación Cuantitativa y Cual',1,'','','a729de9f81c835895aa3fd711bc30da5.pdf','07/04/2015',NULL,'','1','Español'),(115,'Producto 2: Investigación Cuantitativa y Cual',1,'','','2372141c46df51f081120cd803de6f1e.pdf','13/07/2015',NULL,'','1','Español'),(116,NULL,1,NULL,NULL,'fccaa7481efc185024e93c7e0aab612d.pdf',NULL,NULL,'',NULL,NULL),(117,NULL,1,NULL,NULL,'8d5bfe2df75ddafb333a26da20aaeb98.pdf',NULL,NULL,'',NULL,NULL),(118,NULL,1,NULL,NULL,'32e1828b5aff37be82b578262f93e123.pdf',NULL,NULL,'',NULL,NULL),(119,'Entendiendo la sociedad Amazónica - Investiga',1,'','','cc14e599294c2589fb74009d7c295399.pdf','14/12/2015',NULL,'','1','Español'),(120,'Producto 2: Informe de Resultados Encuesta Cu',1,'','','5d22a-ATIVID.I.1.1_AGORA_RELAT--RIO_2.pdf','16/10/2014',NULL,'','1','Español'),(121,'Producto 3: Informe de Resultados Encuesta Cu',1,'','','47fc8-ATIVID.I.1.1_AGORA_RELAT--RIO_3.pdf','16/10/2014',NULL,'','1','Español'),(122,'Producto 1: Plan Estratégico de Ejecución - I',1,'','','80b4d-ATIVID.I.1.1_AGORA_RELAT--RIO_1.pdf','19/02/2014',NULL,'','1','Español'),(123,'Producto 4: Informe Final - Investigación Cua',1,'','','4a817-ATIVID.I.1.1_AGORA_RELAT--RIO_4_FNL.pdf','16/10/2014',NULL,'','1','Español'),(124,NULL,1,NULL,NULL,'2bf75-RESUMEN-EJECUTIVO.pdf',NULL,NULL,'',NULL,NULL),(125,'PUBLIC OPINION SURVEY REPORT QUANTITATIVE SUR',1,'','','ATIVID.I.1.1 SEES_GUYANA_RELATÓRIO FINAL.PDF','24/08/2015',NULL,'','1','Ingles'),(126,'Producto 3:  Informe Final Percepcion de Prob',1,'','','8b2c2-ATIVID.I.1.1_IPOS.PERU_RELATORIO_3_FNL_QUALI.pdf','09/03/2015',NULL,'','1','Español'),(127,'Producto 2: Entendiendo la sociedad Amazónica',1,'','','17a83-ATIVID.I.1.1_IPOS.PERU_RELATORIO_2_FNL.pdf','03/11/2014',NULL,'','1',''),(128,'Pesquisa Qualitativa nos Estados do Amapá, Ma',1,'application/pdf','871982','8358112531ba9eb18ec41b236b271a21.pdf','26/05/2015','2016-05-30 08:55:13','','1','Portugués'),(129,'Produto 2 – Relatório parcial de desenvolvime',1,'application/pdf','515514','aade07f3b9bdbba36d3bd20fe826141c.pdf','13/03/2015','2016-05-30 09:08:23','','1','Portugués'),(130,'Produto 3 – Relatório parcial de desenvolvime',1,'application/pdf','311645','19bcb527d3edd78d9010eb989fe63314.pdf','13/03/2015','2016-05-30 09:40:16','','1','Portugués'),(131,'Pesquisa Quantitativa nos Estados do Amapá, M',1,'application/pdf','7563266','b4a539cdaed00cea8bf5c4f6dce984c5.pdf','26/05/2015','2016-05-30 12:31:07','','1','Portugués'),(132,'Pesquisa sobre os instrumentos, princípios e ',1,'application/pdf','2068344','44b1c2121db52df3b9d8f36d715c85b7.pdf','21/07/2015','2016-05-30 21:52:59','','1','Portugués'),(139,'Inventário dos instrumentos jurídicos interna',1,'application/pdf','624097','4b713273e9bc74e06498f5265165845c.pdf','21/07/2015','2016-05-30 22:12:55','','1','Portugués'),(147,'Relatório do Seminário de Validação Internaci',1,'application/pdf','6009940','573dd7b1e50b31c8dff0678ee155a023.pdf','24/06/2015','2016-05-30 22:23:00','','1','Portugués'),(155,'Produto 4: Confecção da Base de Dados da Ativ',1,'application/pdf','9649282','e8d69-ATIVID.II.1.3_NAZIANO.FILIZOLA_RELATORIO.SED._4.pdf','07/05/2015','2016-05-30 23:32:20','','1','Portugués'),(156,'Produto 6: Mapa documentado das regiões mais ',1,'application/pdf','1434117','b338aabbd98bb734c7fc7b848034f703.pdf','18/11/2015','2016-05-30 23:39:15','','1','Portugués'),(157,'Informe Técnico y Orientaciones para el Progr',1,'application/pdf','13923267','6391a33d4dcb98379a8c019903c9a26c.pdf','12/08/2015','2016-05-31 00:03:51','','1',NULL),(158,'Producto 1: Plan de Trabajo - Asistencia Técn',1,'application/pdf','766132','2ffb33a940d404541e2bc203034ec607.pdf','15/05/2015','2016-05-31 00:20:48','','1','Español'),(159,'Producto 2: Inspección e Informe del Trabajo ',1,'application/pdf','4364849','1895d5bee4bcbf125999ba88a1178c19.pdf','14/10/2015','2016-05-31 00:34:14','','1','Español'),(161,'Producto 5: Áreas potenciais para a execução ',1,'application/pdf','1764149','4f05b-ATIVID.III.2.2_ELSA_MENDOZA_RELAT--RIO_5.pdf','06/10/2014','2016-05-31 01:46:08','','1','Portugués'),(162,'Produto 6: Relatório Final - Adaptação às Mud',1,'application/pdf','15977757','c9698735870955ea20085cb714b4932e.pdf','20/08/2015','2016-05-31 01:54:13','','1','Español'),(163,'Série Documentada dos Cenários - Adaptation t',1,'application/pdf','6586370','1a948-ATIVID.III.2.3_MAAMAR.ROBRINI_RELATORIO_4.pdf','11/11/2014','2016-05-31 02:24:30','','1','Portugués'),(164,'Série E - Diagnóstico das Zonas Costeiras Afe',1,'application/pdf','3156356','e7edc3447fd737bd379a5e9608bc6309.pdf','05/08/2015','2016-05-31 02:29:44','','1','Portugués'),(165,'Adaptation to Sea Level Rise in the Amazon De',1,'application/pdf','9241947','24dba2d7d6effc66d8d953e14a74541e.pdf','22/07/2015','2016-05-31 02:37:26','','1','Portugués'),(166,'Producto 1: Plan de Trabajo para la Evaluació',1,'application/pdf','401993','faba82aab638f4d9e9008a73e1280c6c.pdf','17/03/2015','2016-05-31 02:42:51','','1','Español'),(167,'Revisión del Segundo Informe - Evaluación de ',1,'application/pdf','98534','bb0db3824061234d0c4495724492127f.pdf','26/01/2016','2016-05-31 02:50:25','','1','Español'),(168,'Plan de trabajo actualizado del Sistema Integ',1,'application/pdf','710508','95d4e24a430a91b6f3454f36dca6fc07.pdf','30/12/2014','2016-05-31 09:41:10','','1','Español'),(169,'Análisis y Diseño del Sistema Integrado de In',1,'application/pdf','2063892','8879b5223392fef55a11e94badbc3499.pdf','30/12/2014','2016-05-31 09:44:42','','1','Español'),(170,'Informe Final de Actividades de Desarrollo de',1,'application/pdf','622884','e9a8017c1244aa438faaff12320f233c.pdf','24/06/2015','2016-05-31 09:48:42','','1',''),(171,'Producto 1: Proposta para execução de projeto',1,'application/pdf','1304099','038d3-ATIVID.I.1.1_JOS--_AM--RICO_RELAT--RIO_2.pdf','18/05/2015','2016-07-02 18:06:21','','1','Portugués'),(172,'Produto 5: Resumo Executivo/Executive Summary',1,'application/pdf','7773693','1f6fd-ATIVID.II.1.3_NAZIANO.FILIZOLA_RELATORIO.SED._5_FNL ok.pdf','07/05/2015','2016-07-10 13:56:12','','1','Portugués'),(173,'Output 1: Strategic plan for activity impleme',2,'application/msword','148992','69bc0-ATIVID.III.3.2.A_BERNHARD.PEREGOVICH_RELATORIO_1.doc','16/11/2012','2016-07-10 17:16:47','','1','Ingles'),(174,'Produto II: Filosofia cabocla: considerações ',1,'application/pdf','1270317','b91e1-ATIVID.III.1.2_ANDREI.MORAIS_RELATORIO_1.pdf','03/03/2015','2016-07-10 18:11:54','','1',NULL),(175,'Relatório 1: Oficinas de base Agroecológica n',1,'application/pdf','366653','1d449-ATIVID.III.1.2_CLEYTON.NOGUEIRA_RELATORIO_1_FNL.pdf','01/12/2014','2016-07-10 18:21:26','','1',NULL),(176,'CARTILHA DE RECEITAS ALTERNATIVAS PARA PREVEN',1,'application/pdf','2457338','6b09f-CARTILHA-40.pdf','27/11/2014','2016-07-10 18:27:50','','1','Portugués'),(177,'RELATÓRIO 1: ETNOBOTÂNICA DE VÁRZEA AMAZÔNICA',1,'application/pdf','722424','4991f-ATIVID.III.1.2_DELIANE.OLIVEIRA_RELATORIO_1.pdf','29/10/2013','2016-07-10 18:35:38','','1','Portugués'),(178,'ANEXO 2:  Focus Group',1,'application/pdf','52644','3724a-ATIVID.III.1.2_FERNANDO.CUADROS_RELATORIO_1.pdf','03/03/2015','2016-07-10 18:43:16','','1','Español'),(179,'Informe 1: Producto 1 y Poducto 2, estudio de',1,'application/pdf','260794','d84eb-ATIVID.III.1.2_JAVIER.C.AGUILA_RELATORIO_1.pdf','03/03/2015','2016-07-10 18:54:15','','1','Español'),(180,'Producto 4. Instalación de Sistemas de Acuicu',1,'application/pdf','893750','7ed73-ATIVID.III.1.2_JAVIER.C.AGUILA_RELATORIO_2_FNL.pdf','23/04/2015','2016-07-10 18:58:10','','1','Español'),(181,'Produto 3: Avaliação dos Impactos Antropogeni',1,'application/pdf','2445844','55740-ATIVID.III.1.2_PATRICIA.C.OLIVEIRA_RELATORIO_3.pdf','08/09/2014','2016-07-10 22:24:28','','1','Portugués'),(182,'Produto 4: Identification of agro-economic al',1,'application/pdf','10356943','41e69-ATIVID.III.1.2_PATRICIA.C.OLIVEIRA_RELATORIO_4.pdf','12/05/2015','2016-07-10 22:50:01','','1','Portugués'),(183,'Produto 5: Agrotecnologias em várzeas amazôni',1,'application/pdf','1103400','30059-ATIVID.III.1.2_PATRICIA.C.OLIVEIRA_RELATORIO_5.pdf','06/04/2015','2016-07-10 22:56:09','','1','Portugués'),(184,'Produto 6: Sustainable Management of Transbou',1,'application/pdf','7357286','f4c1625810b9f8d382bffc76e7a5336d 6.pdf','31/08/2015','2016-07-10 23:03:16','','1','Portugués'),(185,'Relatório 1:  PROJETO ARQUITETÔNICO PARA HORT',1,'application/pdf','255565','7d001-ATIVID.III.1.2_MARIO.MIRANDA_RELATORIO_1.pdf','11/02/2014','2016-07-10 23:19:02','','1','Portugués'),(186,'Informe 1: Estudio Etnobotánico en los bosque',1,'application/pdf','2999059','120a5-ATIVID.III.1.2_VICTOR.H.VARGAS_RELATORIO_1.pdf','03/03/2015','2016-07-10 23:29:56','','1','Español'),(187,'Informe 1: Comprensión de la Base de Recursos',1,'application/pdf','2812269','7f653-ATIVID.II.1.1LILIANA.PALMA_RELATORIO_1.pdf','03/02/2014','2016-07-11 08:59:25','','1','Español'),(188,'Informe 2: Comprensión de la Base de Recursos',1,'application/pdf','656049','b5698-ATIVID.II.1.1LILIANA.PALMA_RELATORIO_2_FNL.pdf','02/03/2015','2016-07-11 09:06:16','','1',NULL),(189,'Informe del Taller Nacional sobre ADT incluye',1,'application/pdf','6308719','8e9ab-ATIVID.II.3.1_GLORIA.I.ARIAS_RELATORIO_2.pdf','10/04/2014','2016-07-11 15:28:58','','1',NULL),(192,'INFORME FINAL DEL ADT NACIONAL CONSOLIDADO Y ',1,'application/pdf','3342690','b1fed-ATIVID.II.3.1_GLORIA.I.ARIAS_RELATORIO_3_FNL.pdf','01/10/2014','2016-07-11 16:53:42','','1','Español'),(193,'Plan de trabajo detallado para el ADT-GEF Ama',1,'application/pdf','157679','44ba2-ATIVID.II.3.1_GUILLERMO.E.GALLARDO_RELATORIO_1.pdf','03/03/2015','2016-07-11 17:15:00','','1','Español'),(194,'Informe Final ADT nacional de Ecuador',1,'application/pdf','3201727','0235cb7f057945064d2f4463f2525f4d.pdf','28/02/2014','2016-07-11 17:23:12','','1','Español'),(195,'Informe 01-JB-2013 PLAN DE TRABAJO ADT',1,'application/pdf','969008','d9285-ATIVID.II.3.1_JORGE.BENITES_RELATORIO_1.pdf','14/08/2013','2016-07-11 17:51:52','','1','Español'),(197,'Informe 02a-JB-2014 - PROPUESTA PRELIMINAR DE',1,'application/pdf','2544182','c49c4-ATIVID.II.3.1_JORGE.BENITES_RELATORIO_2.A.pdf','10/02/2014','2016-07-11 18:02:02','','1','Español'),(198,'Informe 02.b-JB-2014 - PROPUESTA PRELIMINAR D',1,'application/pdf','3572381','1c237-ATIVID.II.3.1_JORGE.BENITES_RELATORIO_2.B.pdf','09/06/2014','2016-07-11 18:09:06','','1','Español'),(199,'Informe 02c-JB-2014 PROPUESTA REGIONAL DEL AN',1,'application/pdf','579983','7b6b0-ATIVID.II.3.1_JORGE.BENITES_RELATORIO_2.C.pdf','10/11/2014','2016-07-11 18:16:10','','1','Español'),(200,'Informe 03-JB-2014 - TALLER REGIONAL DEL ANÁL',1,'application/pdf','935190','a8dea-ATIVID.II.3.1_JORGE.BENITES_RELATORIO_3.pdf','19/01/2015','2016-07-11 18:21:03','','1','Español'),(201,'Análisis Diagnóstico Transfronterizo (ADT) Bo',1,'application/pdf','298508','c9fff-ATIVID.II.3.1_PAUL.VAN.DAME_RELATORIO_1.pdf','04/09/2014','2016-07-11 18:27:57','','1','Español'),(204,'PRODUTO I – PLANO ESTRATÉGICO DE IMPLEMENTAÇÃ',1,'application/pdf','305960','db3ce-ATIVID.III.1.2_PATRICIA.C.OLIVEIRA_RELATORIO_1.pdf','03/10/2012','2016-07-11 18:53:29','','1','Portugués'),(206,'INTRODUCCIÓN DEL SISTEMA JURÍDICO DE ECUADOR',1,'application/x-download','105122','c77a6-ATIVID.I.2.2_PATRICIA.SERRANO_RELATORIO_1_2.pdf','03/03/2015','2016-07-11 20:06:07','','1','Español'),(207,'ANÁLISIS DE LA LEGISLACIÓN ECUATORIANA PARA E',1,'application/x-download','1194636','7323e-ATIVID.I.2.2_PATRICIA.SERRANO_RELATORIO_3_4_5.pdf','13/04/2014','2016-07-11 20:18:03','','1','Español'),(208,'Diagnóstico das áreas mais críticas de vulner',1,'application/pdf','4419287','eb031-ATIVID.III.2.2_FOSTER.BROWN_RELATORIO_2.pdf','27/01/2014','2016-07-11 20:19:14','','1','Portugues'),(209,'Análise dos dados relacionados com mudanças c',1,'application/pdf','3122150','d97c5-ATIVID.III.2.2_FOSTER.BROWN_RELATORIO_1.pdf','18/09/2013','2016-07-11 20:26:56','','1','Portugues'),(210,'Matriz de vulnerabilidade dos recursos hídric',1,'application/pdf','1471929','8a685-ATIVID.III.2.2_FOSTER.BROWN_RELATORIO_3.pdf','13/09/2014','2016-07-11 20:43:17','','1',NULL),(211,'Strengthening adaptation to extreme climate e',1,'application/pdf','753502','e6392-ATIVID.III.2.2_FOSTER.BROWN_RELATORIO_4_FNL.pdf','07/04/2015','2016-07-11 20:52:19','','1','Ingles'),(212,'UNIVERSIDADE FEDERAL DO PARÁ – UFPA INSTITUTO',1,'application/pdf','754105','4e7c8-ATIVID.III.2.3_ADALBERTO.AKEL_RELATORIO_1.pdf','11/12/2013','2016-07-11 21:09:09','','1','Portugues'),(213,'UNIVERSIDADE FEDERAL DO PARÁ – UFPA INSTITUTO',1,'application/pdf','468415','48735-ATIVID.III.2.3_ADALBERTO.AKEL_RELATORIO_2.pdf','03/03/2015','2016-07-11 21:13:40','','1','Portugues'),(214,'Levantamentos Oceanográficos',1,'application/pdf','943813','44bad-ATIVID.III.2.3_ADALBERTO.AKEL_RELATORIO_3_FNL.pdf','03/03/2015','2016-07-11 21:17:49','','1','Portugues'),(215,'Banco de Dados e Elaboração de Mapas do Arqui',1,'application/pdf','9813559','b8ea3-ATIVID.III.2.3_RODRIGO.S.OLIVEIRA_RELAT--RIO_1.pdf','12/12/2013','2016-07-11 21:25:13','','1','Portugues'),(216,'Levantar informações sobre as Políticas de ad',1,'application/pdf','2055494','0ef2a-ATIVID.III.2.3_MELISSA.S.FONS--CA_RELATORIO_3_FNL.pdf','20/03/2015','2016-07-11 21:42:24','','1','Portugues'),(217,'Banco de Referências Bibliográficas sobre as ',1,'application/pdf','2065456','78031-ATIVID.III.2.3_MELISSA.S.FONS--CA_RELATORIO_1.pdf','16/09/2014','2016-07-11 21:47:41','','1','Portugues'),(218,'Levantar informações sobre as políticas de ad',1,'application/pdf','918612','c9b08-ATIVID.III.2.3_MELISSA.S.FONS--CA_RELATORIO_2.pdf','11/11/2014','2016-07-11 21:50:48','','1','Portugues'),(219,'Banco de Dados sobre a morfodinâmica das plan',1,'application/pdf','1213395','b4beb-ATIVID.III.2.3_PAULO.VICTOR.SILVA_RELATORIO_1.pdf','22/09/2014','2016-07-12 07:31:58','','1','Portugues'),(220,'AMBIENTE DE PRAIA',1,'application/pdf','2817405','bc39c-ATIVID.III.2.3_PAULO.VICTOR.SILVA_RELATORIO_3_FNL.pdf','08/05/2015','2016-07-12 10:09:51','','1','Portugues'),(221,'ANÁLISIS DE LAS NORMAS ECUATORIANAS DE RECURS',1,'application/x-download','1909451','13915-ATIVID.I.2.2_PATRICIA.SERRANO_RELATORIO_6_FNL.pdf','22/09/2014','2016-07-12 10:12:01','','1','Español'),(222,'Introducción al Sistema Jurídico Boliviano',1,'application/x-download','77966','bd781-ATIVID.I.2.2_DIEGO.GRONEMANN_RELATORIO_1.pdf','19/05/2015','2016-07-12 10:22:46','','1','Español'),(223,'ANÁLISIS DE LAS NORMAS BOLIVIANAS DE RECURSOS',1,'application/x-download','1274763','22f6d-ATIVID.I.2.2_DIEGO.E.GRONEMANN_RELAT--RIO_6_FNL.pdf','23/09/2014','2016-07-12 10:42:13','','1','Español'),(224,'ANÁLISIS DE LA LEGISLACIÓN BOLIVIANA PARA EL ',1,'application/x-download','565782','5bca0-ATIVID.I.2.2_DIEGO.E.GRONEMANN_RELAT--RIO_3_4_5.pdf','06/03/2014','2016-07-12 10:59:05','','1','Español'),(225,'Análise das normas internacionais e da estrut',1,'application/x-download','88504','50320-ATIVID.I.2.2_JOSE.F.COSTA_RELATORIO_1.pdf','03/03/2015','2016-07-12 11:23:18','','1','Portugués'),(226,'ANÁLISIS DE LAS NORMAS INTERNACIONALES DE REC',1,'application/x-download','382670','e92c5-ATIVID.I.2.2_JOSE.F.COSTA_RELATORIO_2_FNL.pdf','12/06/2014','2016-07-12 12:05:11','','1','Español'),(227,'SISTEMAS METEOROLÓGICOS QUE ATUAM NA ilha do ',1,'application/pdf','689282','93bb3-ATIVID.III.2.3_MARCELA.POMPEU_RELATORIO_1.pdf','12/13/2013','2016-07-12 15:45:08','','1','Portugues'),(228,'Banco de Dados Geográfico, Bases cartográfica',1,'application/pdf','902395','df7b8-ATIVID.III.2.3_PIERA.BRENDA.AMORA_RELATORIO_1.pdf','22/09/2014','2016-07-12 15:54:14','','1','Portugues'),(229,'Mapas temáticos, Cartas-imagens do meio físic',1,'application/pdf','969066','3ad11-ATIVID.III.2.3_PIERA.BRENDA.AMORA_RELATORIO_2.pdf','03/03/2015','2016-07-12 16:00:40','','1','Portugues'),(230,'Relatório Final: Producto 1, Producto 2, Prod',1,'application/pdf','2442838','454cf-ATIVID.III.2.3_PIERA.BRENDA.AMORA_RELATORIO_3_FNL.pdf','20/03/2015','2016-07-12 16:23:25','','1','Portugues'),(231,'Introducción al Sistema Jurídico Peruano',1,'application/x-download','79834','915cb-ATIVID.I.2.2_CARLOS.SORIA_RELATORIO_1_2.pdf','03/03/2015','2016-07-12 17:50:57','','1','Español'),(232,'Informe de Actividades de Consultoría en Base',1,'application/pdf','358137','afe2c-ATIVID.III.3.1_ENRIQUE_RIOS_RELATORIO_1.pdf','21/05/2015','2016-07-12 17:51:29','','1','Español'),(233,'Informe de Actividades y principales Resultad',1,'application/pdf','330654','b922bc95a1d188f4dd1a9458ad17624b.pdf','21/06/2016','2016-07-12 17:56:56','','1','Español'),(234,'Draft # 1: Product 01 - Guyana',1,'','0','123456.pdf','12/08/2013','2016-07-12 18:08:02','https://cincodias.elpais.com/cincodias/2018/02/27/midinero/1519734918_309797.html#?ref=rss&amp;forma','1','Inglés'),(235,'Draft # 1: Product 03 - Guyana',1,'application/x-download','267350','17695-ATIVID.I.2.2_TENI.E.HOUSTY_RELATORIO_3.pdf','11/11/2013','2016-07-12 18:35:10','','1','Inglés'),(236,'Product V: Integrated and Sustainable Managem',1,'application/x-download','805251','35c31-ATIVID.I.2.2_TENI.E.HOUSTY_RELATORIO_4_5.pdf','26/03/2014','2016-07-12 18:41:52','','1','Inglés'),(237,'ARQUITECTURA DE LA INFORMACIÓN GESTION INTEGR',1,'application/pdf','1265112','cbaed2befe4677029642b751310297a9.pdf','21/06/2016','2016-07-12 19:21:04','','1','Español'),(238,'ANALIZIS OF WATER LAW OF GUYANA AND A STRATEG',1,'application/x-download','3007639','95a87-ATIVID.I.2.2_TENI.E.HOUSTY_RELATORIO_6_FNL.pdf','25/09/2014','2016-07-12 19:46:23','','1','Inglés'),(239,'Introdução ao Sistema Jurídico Brasileiro',1,'application/x-download','64059','544ca-ATIVID.I.2.2_JOSE.H.BENETTI_RELATORIO_1_2.pdf','03/03/2015','2016-07-12 19:51:58','','1','Portugués'),(240,'Informe Final de Consultoria: ANALISIS Y SIST',1,'application/pdf','355244','e3d3915504b02245f47c7b8f103e97af.pdf','21/06/2016','2016-07-12 19:52:39','','1','Español'),(241,'ANÁLISIS DE LAS NORMAS BRASILEIRAS DE RECURSO',1,'application/x-download','707314','ae9a7-ATIVID.I.2.2_JOSE.H.BENETTI_RELATORIO_3_4_5_FNL.pdf','12/06/2014','2016-07-12 19:59:54','','1','Portugués'),(242,'PLAN DE TRABAJO: Consultoria Banco de Datos',1,'application/pdf','188288','25c67c4334d3fdc9b47204dd97027f37.pdf','17/04/2015','2016-07-12 20:02:55','','1','Español'),(243,'Matriz Legal de lo Inventario de datos de la ',1,'application/x-download','101238','12e00-ATIVID.I.2.2_LILIAN.B.ROJAS_RELATORIO_1.pdf','03/03/2015','2016-07-12 20:25:48','','1','Español'),(244,'Legal system of Suriname',1,'application/x-download','38310','d8736-ATIVID.I.2.2_NANCY.DEL.PRADO_RELATORIO_1_2.pdf','03/03/2015','2016-07-12 20:32:15','','1','Inglés'),(245,'Methodological Protocol II - Suriname',1,'application/x-download','1423613','03056-ATIVID.I.2.2_NANCY.DEL.PRADO_RELATORIO_2.pdf','04/11/2013','2016-07-12 20:46:40','','1','Inglés'),(246,'ANALIZIS OF WATER LAW OF SURINAME AND A STRAT',1,'application/x-download','2018250','5a132-ATIVID.I.2.2_NANCY.DEL.PRADO_RELATORIO_3_4_5_FNL.pdf','31/05/2014','2016-07-12 20:54:56','','1','Inglés'),(247,'Terms of Reference of the Technical Design an',1,'application/pdf','465747','1cd9f-ATIVID.III.3.1_SII_ANEXO_4.pdf','08/11/2013','2016-07-12 20:58:36','','1','Ingles'),(250,'Annex B',1,'application/pdf','62709','268d1-ATIVID.III.3.1_SII_ANEXO_3.pdf','21/05/2015','2016-07-12 21:15:16','','1','Español'),(251,'Cuestionario Preliminar sobre Requerimientos ',1,'application/pdf','428426','954e4-ATIVID.III.3.1_SII_ANEXO_2.pdf','08/11/2013','2016-07-12 21:20:35','','1','Portugues'),(252,'Proposed Architecture – Specification Documen',1,'application/pdf','725249','e184b-ATIVID.III.3.1_SII_ANEXO_1.pdf','08/11/2013','2016-07-12 21:25:51','','1','Ingles'),(253,'Informe del Workshop de validación y retroali',1,'application/pdf','1947652','f22e7-ATIVID.III.3.1_SII_REL.TALLER.VALIDACION_1.pdf','30/12/2014','2016-07-12 21:31:50','','1','Español'),(254,'WATER POLLUTION OF THE AMAZON BASIN',1,'application/pdf','636591','4a4d6e1826f45669fec4e489a4f1b2d3.pdf','15/05/2015','2016-07-12 21:56:32','','1','Ingles'),(255,'Identificación documentada de la contaminació',1,'application/pdf','4382719','55923-ATIVID.III.3.2_FERNANDA.NASCIMENTO_RELATORIO_4.pdf','07/04/2015','2016-07-12 22:27:59','','1','Portugues'),(256,'Estratégia de Monitoramento da Qualidade de Á',1,'application/pdf','786471','67036181df39b970e912261af1d1ecb9.pdf','15/05/2015','2016-07-12 22:31:42','','1','Portugues'),(257,'POLUIÇÃO DAS ÁGUAS DA BACIA AMAZÔNICA',1,'application/pdf','745348','c489bad5fffd7465256d67a77e0edb5d.pdf','15/05/2015','2016-07-12 22:35:16','','1','Portugues'),(258,'Estratégia de Monitoramento da Qualidade de Á',1,'application/pdf','1817360','c7379-ATIVID.III.3.2.B_FERNANDA.NASCIMENTO_RELATORIO_7_FNL.pdf','15/05/2015','2016-07-12 22:39:14','','1','Portugues'),(259,'Submission of a strategic plan for Project/Ac',1,'application/pdf','593585','3fbb8-ATIVID.III.3.2.B_FERNANDA.NASCIMENTO_RELATORIO_1.pdf','14/11/2012','2016-07-12 22:49:26','','1','Portugues'),(260,'POLUIÇÃO DAS ÁGUAS DA BACIA AMAZÔNICA, Inform',1,'application/pdf','11957279','5349d-ATIVID.III.3.2_FERNANDA.NASCIMENTO_RELATORIO_5.pdf','10/04/2015','2016-07-12 22:54:56','','1','Portugues'),(261,'POLUIÇÃO DAS ÁGUAS DA BACIA AMAZÔNICA, Inform',1,'application/pdf','12198075','43b6c-ATIVID.III.3.2.B_FERNANDA.NASCIMENTO_RELATORIO_6.pdf','07/05/2015','2016-07-12 23:01:44','','1','Portugues'),(262,'Investigação da literatura e de projetos de c',1,'application/pdf','9764471','af52d-ATIVID.III.3.2_FERNANDA.NASCIMENTO_RELATORIO_2_3.B.pdf','02/03/2015','2016-07-12 23:10:07','','1','Portugues'),(263,'Climate Change, Adaptation Capacity and Risk ',1,'application/pdf','1510451','3a7e4-ATIVID.III.2.1_VOYNER.CANETE_RELATORIO_4.pdf','20/03/2015','2016-07-13 10:08:14','','1','Portugues'),(264,'Análise documentada das dinâmicas sociocultur',1,'application/pdf','3268738','83535-ATIVID.III.2.1_VOYNER.CANETE_RELATORIO_2.pdf','03/03/2015','2016-07-13 10:16:36','','1','Portugues'),(265,'Relatório Parcial – Produto 1: Avaliação da p',1,'application/x-download','2335207','b73ef-ATIVID.II.1.1_PEDRO.PODESTA_RELATORIO_1.pdf','02/03/2015','2016-07-13 10:20:43','','1','Portugués'),(266,'Climate Change, Adaptation Capacity and Risk ',1,'application/pdf','4238868','312c5-ATIVID.III.2.1_VOYNER.CANETE_RELATORIO_3.pdf','22/02/2015','2016-07-13 10:26:19','','1','Portugues'),(267,'Relatório Parcial – Produto 2: Avaliação da p',1,'application/x-download','2382395','10319-ATIVID.II.1.1_PEDRO.PODESTA_RELATORIO_2.pdf','20/07/2013','2016-07-13 10:41:22','','1','Portugués'),(268,'Relatório Parcial – Produto 3 Avaliação da pe',1,'application/x-download','2872348','51679-ATIVID.II.1.1_PEDRO.PODESTA_RELATORIO_3.pdf','10/09/2013','2016-07-13 11:01:35','','1','Portugués'),(269,'Relatório Produto 4: Estudo consolidado e int',1,'application/x-download','4193186','b03aa-ATIVID.II.1.1_PEDRO.PODESTA_RELATORIO_4_FNL.pdf','20/11/2013','2016-07-13 11:13:31','','1','Portugués'),(270,'Relatório Parcial – Produto 1: As cabeceiras ',1,'application/x-download','6254068','91934-ATIVID.II.1.1_III.1.1_ROBERTO.E.REIS_RELATORIO_1.pdf','18/05/2015','2016-07-13 11:29:12','','1','Portugués'),(271,'Relatório Parcial – Produto 2: O baixo rio To',1,'application/x-download','3244975','b977a-ATIVID.II.1.1_III.1.1_ROBERTO.E.REIS_RELATORIO_2.pdf','05/07/2013','2016-07-13 11:36:06','','1','Portugués'),(272,'Relatório Parcial – Produto 3: O médio rio Ne',1,'application/x-download','3339021','11972-ATIVID.II.1.1_III.1.1_ROBERTO.E.REIS_RELATORIO_3.pdf','10/09/2013','2016-07-13 11:46:09','','1','Portugués'),(273,'Relatório – Produto 4: Estudo consolidado e i',1,'application/x-download','4548620','330c5-ATIVID.II.1.1_III.1.1_ROBERTO.E.REIS_RELATORIO_4_FNL.pdf','19/11/2013','2016-07-13 11:58:16','','1','Portugués'),(274,'ATLAS DE VULNERABILIDAD HIROCLIMÁTICA DE LA C',1,'application/x-download','13923267','b8ee70c39fd38341c28a784aee351005.pdf','12/08/2015','2016-07-13 12:28:19','','1','Español'),(275,'PLANO ESTRATÉGICO DE IMPLEMENTAÇÃO DO PROJETO',1,'application/pdf','716178','cab92-ATIVID.III.2.1_NIRVIA.RAVENA_RELATORIO_1.pdf','19/11/2012','2016-07-13 12:50:44','','1','Portugues'),(276,'Base de dados consolidada acerca das medidas ',1,'application/pdf','2235431','36faf-ATIVID.III.2.1_NIRVIA.RAVENA_RELATORIO_2.pdf','06/09/2013','2016-07-13 12:55:38','','1','Portugues'),(277,'Análise documentada dos impactos e das mudanç',1,'application/pdf','13781883','e4454-ATIVID.III.2.1_NIRVIA.RAVENA_RELATORIO_3.pdf','23/11/2013','2016-07-13 13:03:18','','1','Portugues'),(278,'RELATÓRIO DO PRODUTO 04 PARA PROJETO GEF AMAZ',1,'application/pdf','2292450','8f555-ATIVID.III.2.1_NIRVIA.RAVENA_RELATORIO_4.pdf','17/12/2014','2016-07-13 13:08:16','','1','Portugues'),(279,'MUDANÇAS CLIMÁTICAS, CAPACIDADE DE ADAPTAÇÃO ',1,'application/pdf','5901490','45ec50d26b5d2fd9985d3056a33a439d.pdf','27/07/2015','2016-07-13 13:13:22','','1','Portugues'),(280,'Plano de Trabalho para elaboração de um Siste',1,'application/pdf','554708','bcf7b-ATIVID.III.2.2_ANDRE.BRACCIALI_RELATORIO_1.pdf','13/01/2014','2016-07-13 14:22:00','','1','Portugues'),(281,'INFORME TÉCNICO Y ORIENTACIONES PARA EL PLAN ',1,'application/x-download','10724400','f1358922b277c2d785ad5088b0c90514.pdf','20/11/2015','2016-07-13 16:32:23','','1','Español'),(282,'DE TAIL ED WORKPLAN AND INDE X F OR F INAL NA',1,'application/x-download','288038','36769-ATIVID.II.3.1_PAULETTE.BYNOE_RELATORIO_1.pdf','02/05/2014','2016-07-13 16:44:08','','1','Inglés'),(283,'Report on National Workshops held in Guyana',1,'application/x-download','1708946','1242f-ATIVID.II.3.1_PAULETTE.BYNOE_RELATORIO_2.pdf','18/08/2014','2016-07-13 17:13:01','','1','Inglés'),(284,'Product 03 - Consolidated Final National TDA ',1,'application/x-download','656838','e5416-ATIVID.II.3.1_PAULETTE.BYNOE_RELATORIO_3.pdf','05/03/2015','2016-07-13 17:29:05','','1','Inglés'),(285,'Product 04 – National SAP Consulting Process',1,'application/x-download','513245','70ebf-ATIVID.II.3.1_PAULETTE.BYNOE_RELATORIO_4_2.pdf','05/03/2015','2016-07-13 17:47:58','','1','Inglés'),(286,'Plan de Trabajo y borrador del Índice del Inf',1,'application/x-download','219942','c4833-ATIVID.II.3.1_PERCY.SUMMERS_RELATORIO_1.pdf','03/03/2015','2016-07-13 18:07:42','','1','Español'),(287,'Producto 2: Informe del Taller Nacional sobre',1,'application/x-download','501889','272a9-ATIVID.II.3.1_PERCY.SUMMERS_RELATORIO_2.pdf','03/03/2015','2016-07-13 18:21:48','','1','Español'),(288,'Relatório Final Consolidado contendo a defini',1,'application/pdf','1798249','b01ad-ATIVID.III.2.2_ANDRE.BRACCIALI_RELATORIO_2_FNL.pdf','30/05/2014','2016-07-13 18:50:58','','1','Portugues'),(289,'Plan de Trabajo Técnico de Campo Lado Bolivia',1,'application/pdf','669869','32581-ATIVID.III.2.2_JUAN.F.REYES_RELATORIO_1.pdf','25/07/2013','2016-07-13 18:56:05','','1','Español'),(290,'Producto 3 Informe final del ADT nacional con',1,'application/x-download','1129431','1393ba319bd788db8d68c57ed3c2f232.pdf','03/03/2015','2016-07-13 18:56:14','','1','Español'),(291,'Levantamiento de datos e informaciones obteni',1,'application/pdf','1922474','25fd7-ATIVID.III.2.2_JUAN.F.REYES_RELATORIO_2.pdf','28/02/2014','2016-07-13 19:00:50','','1','Español'),(292,'Informe Final: Levantamiento de datos e infor',1,'application/pdf','1135863','866d5-ATIVID.III.2.2_JUAN.F.REYES_RELATORIO_3_FNL.pdf','29/07/2014','2016-07-13 19:06:35','','1','Español'),(293,'Vulnerabilidade dos Recursos Hídricos às Muda',1,'application/pdf','11912190','c3ecf-ATIVID.III.2.2_ELSA_MENDOZA_RELAT--RIO_4.pdf','12/03/2014','2016-07-13 19:15:32','','1','Portugues'),(294,'PRODUTO I: MUDANÇA CLIMÁTICA, CAPACIDADE DE A',1,'application/pdf','655769','8eecb-ATIVID.III.2.1_ADRIANO.SOUSA_RELATORIO_1.pdf','20/09/2013','2016-07-13 19:18:03','','1','Portugués'),(295,'PRODUTO II: CLIMATOLOGIA E VARIABILIDADE HIDR',1,'application/pdf','2259351','4ffb9-ATIVID.III.2.1_ADRIANO.SOUSA_RELATORIO_2.pdf','03/03/2015','2016-07-13 19:29:47','','1','Portugués'),(296,'PRODUTO 3. DOWNSCALING DINÂMICO PARA A SUB-BA',1,'application/pdf','1266430','04f74-ATIVID.III.2.1_ADRIANO.SOUSA_RELATORIO_3.pdf','03/03/2015','2016-07-13 19:35:43','','1','Portugués'),(297,'Producto No. 1 - Plan de Trabajo',1,'application/x-download','543529','a6001-ATIVID.II.3.1_GLORIA.I.ARIAS_RELAT--RIO_1.pdf','10/04/2014','2016-07-13 20:01:28','','1','Español'),(298,'Produto 04: Avaliação da capacidade das insti',1,'application/pdf','1241986','0fe1a-ATIVID.III.2.1_FRANCIMARA.COSTA_RELATORIO_4.pdf','23/12/2014','2016-07-13 20:03:17','','1','Portugués'),(299,'Produto 5.Cenários Hidro-Meteorológicos e seu',1,'application/pdf','1426181','34dd0-ATIVID.III.2.1_ADRIANO.SOUSA_RELATORIO_5.pdf','04/03/2015','2016-07-13 20:10:53','','1','Portugués'),(300,'PRODUTO IV- RELATÓRIO COM ANÁLISE ANTROPOLÓGI',1,'application/x-download','1008511','c52ec-ATIVID.III.2.1_VOYNER.CANETE_RELATORIO_5_FNL.pdf','19/05/2015','2016-07-13 20:13:04','','1','Portugués'),(301,'PRODUTO FINAL PRODUTO IV - CENÁRIOS HIDRO-MET',1,'application/pdf','895831','2bab2-ATIVID.III.2.1_ADRIANO.SOUSA_RELATORIO_6_FNL.pdf','19/05/2015','2016-07-13 20:26:13','','1','Portugués'),(302,'Plan de Trabajo Técnico de Campo de Perú',1,'application/pdf','616717','4e171-ATIVID.III.2.2_RONALD.CORVERA_RELATORIO_1.pdf','12/05/2015','2016-07-13 20:31:06','','1','Español'),(303,'Produto I: Antropólogo',1,'application/x-download','602949','c4ba6-ATIVID.III.2.1_VOYNER.CANETE_RELATORIO_1.pdf','20/09/2013','2016-07-13 20:33:25','','1','Portugués'),(304,'LEVANTAMIENTO DE DATOS E INFORMACIÓN OBTENIDA',1,'application/pdf','9983214','dc27c-ATIVID.III.2.2_RONALD.CORVERA_RELATORIO_2.pdf','28/02/2014','2016-07-13 20:38:02','','1','Español'),(305,'PRODUTO IV - RELATÓRIO FINAL DA ANÁLISE CLIMÁ',1,'application/x-download','1709067','67f42-ATIVID.III.2.1_MARIA.ISABEL_RELATORIO_6_FNL.pdf','13/05/2015','2016-07-13 20:42:00','','1','Portugués'),(306,'PROPOSTA METODOLÓGICA E DESENHO DO SISTEMA DE',1,'application/pdf','15963066','e4496-ATIVID.III.2.2_EYMAR.S.SAMPAIO.LOPES_RELATORIO_1.pdf','19/03/2014','2016-07-13 20:46:44','','1','Español'),(307,'Plano de Trabalho – Produto 1',1,'application/pdf','444744','c0ccc-ATIVID.III.2.2_SONAIRA.S.SILVA_RELATORIO_1.pdf','03/03/2015','2016-07-13 20:51:55','','1','Portugues'),(308,'Primeiro produto Relatório sobre o Banco de D',1,'application/pdf','1213395','64fc5-ATIVID.III.2.3_PAULO.VICTOR.SILVA_RELATORIO_2.pdf','22/09/2014','2016-07-13 20:56:33','','1','Portugués'),(309,'Relatório Parcial Produto 3',1,'application/pdf','4245499','55139-ATIVID.III.2.2_SONAIRA.S.SILVA_RELATORIO_3.pdf','08/01/14','2016-07-13 20:59:09','','1','Portugues'),(310,'PRODUTO 5. Relatório final da análise climáti',1,'application/x-download','1365635','a84bf-ATIVID.III.2.1_MARIA.ISABEL_RELATORIO_5.pdf','04/03/2015','2016-07-13 21:15:26','','1','Portugués'),(311,'Relatório Plano de Trabalho – Produto 4',1,'application/pdf','1760974','ba09d-ATIVID.III.2.2_SONAIRA.S.SILVA_RELATORIO_4_FNL.pdf','04/11/2014','2016-07-13 21:16:46','','1','Portugues'),(312,'Plano de Trabalho Técnico de Campo Lado Brasi',1,'application/pdf','684844','e27cf-ATIVID.III.2.2_FRONIKA.WIT_RELATORIO_1.pdf','26/06/2013','2016-07-13 21:23:28','','1','Portugues'),(313,'Levantamento de Dados e Informações Obtidas n',1,'application/pdf','2473473','05cbe-ATIVID.III.2.2_FRONIKA.WIT_RELATORIO_2.pdf','19/12/2013','2016-07-13 21:26:58','','1','Portugues'),(314,'Relatório Parcial',1,'application/pdf','3917205','2aa95-ATIVID.III.2.2_FRONIKA.WIT_RELATORIO_3.pdf','18/09/2014','2016-07-13 21:32:07','','1','Portugues'),(315,'Relatório Final',1,'application/pdf','4242371','d78f7-ATIVID.III.2.2_FRONIKA.WIT_RELATORIO_4.pdf','28/10/2014','2016-07-13 21:37:24','','1','Portugues'),(316,'Relatório Parcial Plan de Trabajo – Produto 1',2,'application/msword','1086464','8f3b3-ATIVID.III.2.2_WILSON.PALOMINO_RELATORIO_1.doc','04/07/2013','2016-07-13 21:46:12','','1','Español'),(317,'Unidades de planificación y las áreas de mayo',1,'application/pdf','18383418','b35a3-ATIVID.III.2.2_WILSON.PALOMINO_RELATORIO_3.pdf','08/01/2014','2016-07-13 21:53:54','','1','Español'),(318,'Consolidación de la base datos – Producto 2',1,'application/pdf','8498921','382b6-ATIVID.III.2.2_WILSON.PALOMINO_RELATORIO_2.pdf','18/09/2013','2016-07-13 22:00:05','','1','Español'),(319,'Vulnerabilidad y riesgo de los recursos hídri',1,'application/pdf','7008278','0d25a-ATIVID.III.2.2_WILSON.PALOMINO_RELATORIO_4_FNL.pdf','08/09/2014','2016-07-13 22:15:54','','1','Español'),(320,'Plano de Trabalho – Produto 1',1,'application/pdf','433252','89f5b-ATIVID.III.2.2_HUGO.FUENTES_RELATORIO_1.pdf','03/07/2013','2016-07-13 22:23:53','','1','Español -'),(321,'Plano de Trabalho – Produto 2',1,'application/pdf','4945048','ebb05-ATIVID.III.2.2_HUGO.FUENTES_RELATORIO_2.pdf','17/09/2013','2016-07-13 22:26:52','','1','Español -'),(322,'CONSTRUCCIÓN DE UNIDADES HIDROLÓGICAS (MICRO ',1,'application/pdf','8991195','059a2-ATIVID.III.2.2_HUGO.FUENTES_RELATORIO_3.pdf','08/01/2014','2016-07-13 22:32:11','','1','Español'),(323,'VULNERABILIDAD Y RIESGO DE LOS RECURSOS HÍDRI',1,'application/pdf','14678198','2d45e-ATIVID.III.2.2_HUGO.FUENTES_RELATORIO_4_FNL_2.pdf','02/05/2014','2016-07-13 22:36:19','','1','Español -'),(324,'ESPECIALISTA EM INTELIGÊNCIA COMPUTACIONAL',1,'application/pdf','505902','d1c7b-ATIVID.III.2.1_ROMULO.SOUSA_RELATORIO_1.pdf','20/09/2013','2016-07-14 10:52:52','','1','Portugues'),(325,'RELATÓRIO DE PARCIAL DO PRODUTO 02 PARA PROJE',1,'application/pdf','210786','793fc-ATIVID.III.2.1_ROMULO.SOUSA_RELATORIO_2.pdf','03/03/2015','2016-07-14 10:57:12','','1','Portugues'),(326,'RELATÓRIO DO PRODUTO 03 PARA PROJETO GEF AMAZ',1,'application/pdf','1765205','d986c-ATIVID.III.2.1_ROMULO.SOUSA_RELATORIO_3.pdf','25/05/2015','2016-07-14 11:01:14','','1','Portugues'),(327,'PRODUTO IV: RELATÓRIO DO PROJETO GEF AMAZONAS',1,'application/pdf','1190871','ee26c-ATIVID.III.2.1_ROMULO.SOUSA_RELATORIO_4.pdf','09/04/2015','2016-07-14 11:04:40','','1','Portugues'),(328,'PRODUTO 03: CARACTERIZAÇÃO E ANÁLISE DO PLANO',1,'application/pdf','212083','6a0f4-ATIVID.III.2.1_FRANCIMARA.COSTA_RELATORIO_3.pdf','03/03/2015','2016-07-14 11:44:01','','1','Portugues'),(329,'Produto 04: Avaliação da capacidade das insti',1,'application/pdf','1241986','7deec-ATIVID.III.2.1_FRANCIMARA.COSTA_RELATORIO_4.pdf','23/12/2014','2016-07-14 11:48:14','','1','Portugues'),(330,'PRODUTO VI AVALIAÇÃO DA CAPACIDADE DAS INSTIT',1,'application/pdf','1134061','e93a2-ATIVID.III.2.1_FRANCIMARA.COSTA_REL._5_FNL_2.pdf','09/04/2015','2016-07-14 11:52:43','','1','Portugues'),(331,'PRODUTO II: INVENTÁRIO DE EQUIPAMENTOS E INFR',1,'application/pdf','646938','76c99-ATIVID.III.2.1_FRANCIMARA.COSTA_RELATORIO_2.pdf','03/03/2015','2016-07-14 11:58:08','','1','Portugues'),(332,'PRODUTO FINAL - PRODUTO IV: RELATÓRIO DO PROJ',1,'application/x-download','1334094','8326d-ATIVID.III.2.1_ROMULO.SOUSA_RELATORIO_5_FNL.pdf','19/05/2015','2016-07-14 12:05:54','','1','Portugués'),(333,'ESTRATÉGIAS DE ADAPTAÇÃO E POSSÍVEIS RESPOSTA',1,'application/pdf','253324','51b3b-ATIVID.III.2.1_PEDRO.SILVESTRE_RELATORIO_2_FNL.pdf','27/02/72015','2016-07-14 12:06:03','','1','Portugues'),(334,'Produto 01: Relatório de dados secundários co',1,'application/x-download','182481','be1f5-ATIVID.III.2.1_FRANCIMARA.COSTA_RELATORIO_1.pdf','03/03/2015','2016-07-14 12:12:32','','1','Portugués'),(335,'PRODUTO 3. Mapas temáticos das condições clim',1,'application/x-download','583277','82b91-ATIVID.III.2.1_MARIA.ISABEL_RELATORIO_3_2.pdf','03/03/2015','2016-07-14 12:16:48','','1','Portugués'),(336,'ATIVIDADE DO CONSULTOR: Produto 1',1,'application/pdf','379262','c4e90-ATIVID.III.2.1_PEDRO.SILVESTRE_RELATORIO_1.pdf','03/03/2015','2016-07-14 12:19:48','','1','Portugues'),(337,'AUXÍLIO NA ELABORAÇÃO DO ARTIGO CONSTANTE DO ',1,'application/pdf','194502','53551-ATIVID.III.2.1_ANTONIO.S.CORDEIRO_RELATORIO_2_FNL.pdf','03/03/2015','2016-07-14 12:23:04','','1','Portugues'),(338,'Produto I - METEOROLOGISTA. ANÁLISE DIAGNÓSTI',1,'application/x-download','520583','77f35-ATIVID.III.2.1_MARIA.ISABEL_RELATORIO_1.pdf','20/09/2013','2016-07-14 12:23:58','','1','Portugués'),(339,'ATIVIDADE DO CONSULTOR: Produto 1 - ANÁLISE D',1,'application/pdf','325496','ca207-ATIVID.III.2.1_ANTONIO.S.CORDEIRO_RELATORIO_1.pdf','03/03/2015','2016-07-14 12:27:32','','1','Portugues'),(340,'ANÁLISE DAS CARACTERÍSTICAS METEOROLÓGICAS DA',1,'application/x-download','2042998','44d2c-ATIVID.III.2.1_MARIA.ISABEL_RELATORIO_2.pdf','03/03/2015','2016-07-14 12:28:47','','1','Portugués'),(341,'PRODUTO 4. Distribuição espacial dos quantita',1,'application/x-download','322490','20db3-ATIVID.III.2.1_MARIA.ISABEL_RELATORIO_4.pdf','03/03/2015','2016-07-14 12:35:26','','1','Portugués'),(342,'Produto 1: Estrutura do Informe Final',4,'application/pdf','192881','6339f-ATIVID.II.1.2_INGO.WAHNFRIED_RELATORIO_1.pdf','19/05/2015','2016-07-14 12:50:28','','1','Portugues'),(343,'Produto 2: Informe Final',1,'application/pdf','15956312','693f720cf12d4fc1388126a44a5b36ab.pdf','01/04/2016','2016-07-14 13:13:14','','1','Portugues'),(344,'ATIVID.IV.1.1 ALBERTO CRESPO RELATÓRIO 1',1,'application/pdf','133691','5b749-ATIVID.IV.1.1_ALBERTO.CRESPO_INFORME_1.pdf','23/04/12','2016-10-24 08:49:32','','1','Español'),(345,'ATIVID.IV.1.1 ALBERTO CRESPO RELATÓRIO 1',1,'application/pdf','133691','5b749-ATIVID.IV.1.1_ALBERTO.CRESPO_INFORME_1.pdf','23/04/2012','2016-10-24 08:57:23','file:///C:/Users/Luis/Downloads/5b749-ATIVID.IV.1.1_ALBERTO.CRESPO_INFORME_1.pdf','1','Español'),(346,'ATIVID.IV.1.1 ALBERTO CRESPO RELATÓRIO 2',1,'application/pdf','142124','a4ec1-ATIVID.IV.1.1_ALBERTO.CRESPO_INFORME_2.pdf','05/06/2012','2016-10-24 09:01:51','file:///C:/Users/Luis/Downloads/a4ec1-ATIVID.IV.1.1_ALBERTO.CRESPO_INFORME_2.pdf','1','Español'),(347,'ATIVID.IV.1.1 ALBERTO CRESPO RELATÓRIO 3 FINA',1,'application/pdf','110657','f3736-ATIVID.IV.1.1_ALBERTO.CRESPO_INFORME_3.pdf','23/04/2012','2016-10-24 09:05:06','file:///C:/Users/Luis/Downloads/f3736-ATIVID.IV.1.1_ALBERTO.CRESPO_INFORME_3.pdf','1','Español'),(348,'ATIVID.V.1.1 ALBERTO CRESPO ANEXO 1',1,'application/pdf','236945','d6b81-ATIVID.V.1.1_ALBERTO.CRESPO_INST.SISTEMA.INFORMACION.pdf','24/05/1012','2016-10-24 09:09:21','file:///C:/Users/Luis/Downloads/d6b81-ATIVID.V.1.1_ALBERTO.CRESPO_INST.SISTEMA.INFORMACION.pdf','1','Inglés'),(349,'ATIVID.V.1.1 ALBERTO CRESPO ANEXO 2',1,'application/pdf','113543','7b56a-ATIVID.V.1.1_ALBERTO.CRESPO_INST.SISTEMAS.GESTION..pdf','24/05/2012','2016-10-24 09:26:13','file:///C:/Users/Luis/Downloads/7b56a-ATIVID.V.1.1_ALBERTO.CRESPO_INST.SISTEMAS.GESTION..pdf','1','Inglés'),(350,'ATIVID.V.1.1 ALBERTO CRESPO ANEXO 3',1,'application/pdf','118086','0a16c-ATIVID.V.1.1_ALBERTO.CRESPO_INST.SISTEMAS.GESTION.pdf','24/05/2012','2016-10-24 09:28:44','file:///C:/Users/Luis/Downloads/0a16c-ATIVID.V.1.1_ALBERTO.CRESPO_INST.SISTEMAS.GESTION.pdf','1','Español'),(351,'ATIVID.V.1.1 ALBERTO CRESPO ANEXO 4',1,'application/pdf','177154','c8068-ATIVID.V.1.1_ALBERTO.CRESPO_INSTRUCTIVOSI.pdf','24/05/2012','2016-10-24 09:33:03','file:///C:/Users/Luis/Downloads/c8068-ATIVID.V.1.1_ALBERTO.CRESPO_INSTRUCTIVOSI.pdf','1','Español'),(352,'ATIVID.V.1.1 ALBERTO CRESPO ANEXO 5',3,'application/vnd.openxmlformats','134496','df46c-ATIVID.V.1.1_ALBERTO.CRESPO_INDICE.GOBERNABIL.AGUA.xlsx','24/05/1012','2016-10-24 09:39:14','','1','Inglés'),(353,'ATIVID.V.1.1 ALBERTO CRESPO ANEXO 6',3,'application/vnd.ms-excel','352256','840d5-ATIVID.V.1.1_ALBERTO.CRESPO_PLAN.COORDINADORES.xls','24/05/2012','2016-10-24 09:44:26','','1','Español'),(354,'ATIVID.V.1.1 ALBERTO CRESPO ANEXO 7',3,'application/vnd.ms-excel','351232','aca52-ATIVID.V.1.1_ALBERTO.CRESPO_PLAN.IND.COLS.VISIBLES.xls','24/05/2012','2016-10-24 09:48:26','','1','Español'),(355,'ATIVID.V.1.1 ALBERTO CRESPO ANEXO 8',3,'application/vnd.openxmlformats','55976','99109-ATIVID.V.1.1_ALBERTO.CRESPO_PLAN.M.E.xlsx','24/05/2012','2016-10-24 09:51:33','','1','Inglés'),(356,'ATIVID.IV.1.1 ALBERTO CRESPO RELATÓRIO 1',1,'application/pdf','133691','5b749-ATIVID.IV.1.1_INFORME_1.pdf','24/05/2012','2016-10-24 09:59:26','','1','Español'),(357,'Proyecto de Gestión Integrada de Recursos Híd',1,'application/pdf','1609299','151c8-ATIVID.II.2.1_CIIFEN_RELATORIO_2_3.pdf','30/05/2014','2016-10-24 11:24:45','file:///C:/Users/MARIA%20ISABEL/Downloads/151c8-ATIVID.II.2.1_CIIFEN_RELATORIO_2_3.pdf','1','Español'),(360,'Producto 1: Plan Estratégico (Equipo de traba',1,'application/pdf','590649','6a29b-ATIVID.II.2.1_CIIFEN_RELATORIO_1.pdf','29/08/2013','2016-10-24 20:47:43','file:///C:/Users/MARIA%20ISABEL/Videos/6a29b-ATIVID.II.2.1_CIIFEN_RELATORIO_1.pdf','1',NULL),(362,'Producto IV: Síntesis de los datos a nivel re',1,'application/pdf','3221169','446b9-ATIVID.II.2.1_CIIFEN_RELATORIO_4.pdf','06/08/2014','2016-10-24 20:57:16','http://201.65.8.230/siigef/archivosFisicos/446b9-ATIVID.II.2.1_CIIFEN_RELATORIO_4.pdf','1','Español'),(365,'Análisis Diagnóstico Transfronterizo Cuenca a',1,'application/pdf','3167869','651b8229e4e429f12390a5d997f3e717.pdf','02/01/2015','2016-10-25 09:18:45','file:///C:/Users/MARIA%20ISABEL/Videos/651b8229e4e429f12390a5d997f3e717.pdf','1','Español'),(366,'Análisis de la Legislación Peruana para el Ma',1,'application/pdf','346901','1069f-ATIVID.I.2.2_CARLOS.SORIA_RELATORIO_3_4_5.pdf','01/11/13','2016-11-04 10:11:47','1069f-ATIVID.I.2.2_CARLOS.SORIA_RELATORIO_3_4_5','1','Español'),(367,'Pesquisa Qualitativa, GESTÃO INTEGRADA E SUST',1,'application/pdf','882937','8dbb21fe5fec4c336f6c378a359d53e1.pdf','02/04/2015','2016-11-08 12:02:47','file:///C:/Users/MARIA%20ISABEL/Downloads/8dbb21fe5fec4c336f6c378a359d53e1.pdf','1','Portugues'),(368,'Product 01:Detailed Work Plan for the Prepara',1,'application/pdf','268981','8aa08-ATIVID.II.3.1_TAHNEE.SAERIE_RELATORIO_1.pdf','16/10/2014','2016-11-08 13:27:12','file:///C:/Users/MARIA%20ISABEL/Downloads/8aa08-ATIVID.II.3.1_TAHNEE.SAERIE_RELATORIO_1.pdf','1','Ingles'),(369,'Product 02: National TDA Workshop Report Suri',1,'application/pdf','2891391','b8e97-ATIVID.II.3.1_TAHNEE.SAERIE_RELATORIO_2.pdf','16/10/2014','2016-11-08 13:30:48','file:///C:/Users/MARIA%20ISABEL/Downloads/b8e97-ATIVID.II.3.1_TAHNEE.SAERIE_RELATORIO_2.pdf','1','Ingles'),(370,'ESTUDIO DE BIOMONITOREO DE MACROINVERTEBRADOS',1,'application/pdf','2248570','a493e48ccb6e335a37836f6ccd5ffa8e.pdf','2015-2016','2016-11-08 21:24:35','file:///C:/Users/MARIA%20ISABEL/Downloads/a493e48ccb6e335a37836f6ccd5ffa8e%20(2).pdf','1','Español'),(377,'PRODUCTO III: INFORME FINAL DEL ESTUDIO DE MA',1,'application/pdf','3791509','e61a31b251b4693c2e76d2b00d5c1c65.pdf','29/06/2016','2016-11-08 22:08:41','file:///C:/Users/MARIA%20ISABEL/Downloads/e61a31b251b4693c2e76d2b00d5c1c65%20(2).pdf','1','Español'),(378,'ESTUDIO DE BIOMONITOREO DE MACROINVERTEBRADOS',1,'application/pdf','2248570','a493e48ccb6e335a37836f6ccd5ffa8e.pdf','2015-2016','2016-11-09 10:59:20','file:///C:/Users/MARIA%20ISABEL/Downloads/a493e48ccb6e335a37836f6ccd5ffa8e%20(3).pdf','1','Español'),(379,'PRODUCTO II: INFORME DE PECES Y MACROINVERTEB',1,'application/pdf','2610438','9863399673febc3142c395e2899d9cc7.pdf','09/02/2016','2016-11-09 11:09:19','file:///C:/Users/MARIA%20ISABEL/Downloads/9863399673febc3142c395e2899d9cc7%20(3).pdf','1','Español'),(380,'PRODUCTO II: INFORME DE PECES Y MACROINVERTEB',1,'application/pdf','2948281','db2284a43ee30daec1a63d9e2f361dd5.pdf','16/04/2016','2016-11-09 11:13:55','file:///C:/Users/MARIA%20ISABEL/Downloads/db2284a43ee30daec1a63d9e2f361dd5%20(3).pdf','1','Español'),(382,'PRODUCTO II: INFORME DE PECES Y MACROINVERTEB',1,'application/pdf','2948281','db2284a43ee30daec1a63d9e2f361dd5.pdf','16/04/2016','2016-11-09 11:28:18','file:///C:/Users/MARIA%20ISABEL/Downloads/db2284a43ee30daec1a63d9e2f361dd5%20(3).pdf','1','Español'),(383,'PRODUCTO II: INFORME DE PECES Y MACROINVERTEB',1,'application/pdf','2948281','db2284a43ee30daec1a63d9e2f361dd5.pdf','16/04/2016','2016-11-09 11:33:22','file:///C:/Users/MARIA%20ISABEL/Downloads/db2284a43ee30daec1a63d9e2f361dd5%20(3).pdf','1','Español'),(384,'Proyecto: Manejo integrado y sostenible de lo',3,'application/vnd.openxmlformats','17548','COLOMBIA.xlsx','07/11/2016','2016-11-18 10:35:33','','1','Español'),(385,'Proyecto: Manejo integrado y sostenible de lo',3,'application/vnd.openxmlformats','17971','ecuador.xlsx','08/11/2016','2016-11-18 10:44:41','','1','Español'),(386,'Proyecto: Manejo integrado y sostenible de lo',3,'application/vnd.openxmlformats','1221509','data - variable PERU.xlsx','09/11/2016','2016-11-18 10:49:33','','1','Español'),(387,'Proyecto: Manejo integrado y sostenible de lo',3,'application/vnd.openxmlformats','952808','Anexo 1. Base de Datos OTCA Final v2 final v1.xlsx','09/11/2016','2016-11-18 10:52:57','','1','Español'),(388,'Project: Integrated and sustainable managemen',3,'application/vnd.openxmlformats','23142','guyana.xlsx','09/11/2016','2016-11-18 11:14:14','','1','Inglés'),(389,'Guía metodológica para el biomonitoreo de Mac',1,'application/pdf','29382422','GUIA 1.pdf','15/08/2016','2016-11-18 12:29:18','','1','Español'),(390,'GUÍA METODOLÓGICA PARA EL BIOMONITOREO DE MAC',1,'application/pdf','47957436','GUIA 2.pdf','09/08/2016','2016-11-18 12:43:18','','1','Español'),(391,'Educación, participación y Ambiente Número 2',1,'application/pdf','4538600','Educacion_Participacion_y_Ambiente_02 (1).pdf','10/12/2009','2016-11-18 19:52:20','file:///C:/Users/Luis/Downloads/Educacion_Participacion_y_Ambiente_02.pdf','1','Español'),(392,'Educación, participación y ambiente-N° 01',1,'application/pdf','6170801','Educacion_Participacion_y_Ambiente_01.pdf','10/12/2009','2016-11-18 19:58:04','file:///C:/Users/MARIA%20ISABEL/Downloads/Educacion_Participacion_y_Ambiente_01.pdf','1','Español'),(393,'Construction of one Sediment Trapping Unit - ',1,'application/pdf','1894266','Suriname_Construction of one Sediment Trapping Unit  copy.pdf','20/10/2016','2017-01-24 09:16:28','','1','Inglés'),(394,'Final Consultancy Report To Ministry of Agric',1,'application/pdf','9618609','Guyana NWIS - MAPIT Final Report copy.pdf','2016-11-11','2017-01-24 09:41:35','','1','Ingles'),(395,'MONITOREO DE ESPECIES AMENAZADAS POR INUNDACI',1,'application/pdf','2747253','Bolivia_INFORME FINAL Monitoreo de Especies Amenazadas.pdf','2016-10-10','2017-01-24 09:50:39','','1','Español'),(396,'Inspección Río Madre de Dios (Bolivia): DIAGN',2,'application/msword','8225792','Bolivia Madre de Dios DIAGNOSTICO Y PLAN DE  ACCION .doc','2016-11-20','2017-01-24 09:58:38','','1','Español'),(397,'Doc Prueba000',1,'application/pdf','2552113','1. PLAN DE TRABAJO PRIC.pdf','05/03/2018','2018-03-05 18:08:32','','1',''),(398,'Doc Prueba1',1,'application/pdf','2233','RHE10466982186E00125.pdf','05/03/2018','2018-03-05 23:02:26','','1',NULL),(399,'Doc Prueba1111',1,'application/pdf','2552113','1. PLAN DE TRABAJO PRIC - copia.pdf',NULL,'2018-03-06 11:17:28','','1',NULL);

/*Table structure for table `asistencia` */

DROP TABLE IF EXISTS `asistencia`;

CREATE TABLE `asistencia` (
  `Asi_IdAsistencia` int(11) NOT NULL AUTO_INCREMENT,
  `Asi_Fecha` date DEFAULT NULL,
  `Asi_Estado` int(11) DEFAULT NULL,
  `Usu_IdUsuario` int(11) DEFAULT NULL,
  `Hca_IdHorarioCargaAademica` int(11) DEFAULT NULL,
  PRIMARY KEY (`Asi_IdAsistencia`)
) ENGINE=InnoDB DEFAULT CHARSET=utf8;

/*Data for the table `asistencia` */

/*Table structure for table `autor` */

DROP TABLE IF EXISTS `autor`;

CREATE TABLE `autor` (
  `Aut_IdAutor` int(11) NOT NULL AUTO_INCREMENT,
  `Aut_Nombre` varchar(150) DEFAULT NULL,
  `Aut_Profesion` varchar(200) DEFAULT NULL,
  `Aut_Email` varchar(50) DEFAULT NULL,
  `Aut_Estado` bit(1) DEFAULT NULL,
  PRIMARY KEY (`Aut_IdAutor`),
  FULLTEXT KEY `Aut_Nombre` (`Aut_Nombre`),
  FULLTEXT KEY `Aut_Nombre_2` (`Aut_Nombre`)
) ENGINE=InnoDB AUTO_INCREMENT=113 DEFAULT CHARSET=utf8;

/*Data for the table `autor` */

insert  into `autor`(Aut_IdAutor,Aut_Nombre,Aut_Profesion,Aut_Email,Aut_Estado) values (1,'Andreé Fortin',NULL,NULL,NULL),(2,'Bernhard G. Peregovich',NULL,NULL,NULL),(3,'Carlos Soria Dall\'Orso',NULL,NULL,NULL),(4,'Carlos Soria Dall\'Orso & Erick Leddy García Cerrón',NULL,NULL,NULL),(5,'CIIFEN',NULL,NULL,NULL),(6,'Cleber J. R. Alho',NULL,NULL,NULL),(7,'Diego Eduardo Gutierrez Gronemann',NULL,NULL,NULL),(8,'Elsa Mendoza',NULL,NULL,NULL),(9,'Fernanda Souza do Nascimento',NULL,NULL,NULL),(10,'Fronika Claziena Agatha de Wit',NULL,NULL,NULL),(11,'Hugo L. Fuentes',NULL,NULL,NULL),(12,'Irwin Foster Brown',NULL,NULL,NULL),(13,'Jorge Benites Agüero',NULL,NULL,NULL),(14,'Jose Americo Canto Lopes',NULL,NULL,NULL),(15,'Jose Heder Benatti',NULL,NULL,NULL),(16,'Juan Fernando Reyes',NULL,NULL,NULL),(17,'Lilian Bibiana Rojas Mejía',NULL,NULL,NULL),(18,'Maamar El Robrini',NULL,NULL,NULL),(19,'Maria Eugenia Corvalán',NULL,NULL,NULL),(20,'Nancy del Prado',NULL,NULL,NULL),(21,'Naziano Pantoja Filizola Júnior',NULL,NULL,NULL),(22,'Nirvia Ravena',NULL,NULL,NULL),(23,'Patrícia Chaves de Oliveira',NULL,NULL,NULL),(24,'Patricia Serrano Roca',NULL,NULL,NULL),(25,'Percy Summers Sarria',NULL,NULL,NULL),(26,'Piera Brenda Coelho Amoras',NULL,NULL,NULL),(27,'Solange Teles da Silva',NULL,NULL,NULL),(28,'Sonaira Souza da Silva',NULL,NULL,NULL),(29,'Teni Eric Housty',NULL,NULL,NULL),(30,'Yerko Nicolás Montero Castillo',NULL,NULL,NULL),(31,'Ipsos Peru',NULL,NULL,NULL),(32,'Ruizmier Consulting & Research SRL',NULL,NULL,NULL),(33,'DATEXCO',NULL,NULL,NULL),(34,'AGORA GRUPO CONSULTOR',NULL,NULL,NULL),(35,'UNIVERSITY OF GUYANA SCHOOL OF EARTH AND ENVIRONMENTAL SCIENCES - SEES',NULL,NULL,NULL),(36,'Zaytec Brasil Serviço de Pesquisa LTDA',NULL,NULL,NULL),(37,'Carlos Soria Dall\\\\\\\\\\\\\\\'Orso',NULL,NULL,NULL),(38,'Carlos Soria Dall\\\\\\\\\\\\\\\\\\\\\\\\\\\\\\\\\\\\\\\\\\\\\\\\\\\\\\\\\\\\\\\\\\\\\\\\\\\\\\\\\\\\\\\\\\\\\\\\\\\\\\\\\\\\\\\\\\\\\\\\\\\\\\\'Orso',NULL,NULL,NULL),(39,'Carlos Soria Dall\\\\\\\\\\\\\\\\\\\\\\\\\\\\\\\\\\\\\\\\\\\\\\\\\\\\\\\\\\\\\\\\\\\\\\\\\\\\\\\\\\\\\\\\\\\\\\\\\\\\\\\\\\\\\\\\\\\\\\\\\\\\\\\\\\\\\\\\\\\\\\\\\\\\\\\\\\\\\\\\\\\\\\\\\\\\\\\\\\\\\\\\\\\\\\\\\\\\\\\\\\\\\\\\\\\\\\\\\\\\\\\\\\\\\\\\\\\\\\\\\\\\\\\\\\\\\\\\\\\\\\\\\\',NULL,NULL,NULL),(40,'Carlos Soria Dall\\\\\\\\\\\\\\\\\\\\\\\\\\\\\\\\\\\\\\\\\\\\\\\\\\\\\\\\\\\\\\\\\\\\\\\\\\\\\\\\\\\\\\\\\\\\\\\\\\\\\\\\\\\\\\\\\\\\\\\\\\\\\\\\\\\\\\\\\\\\\\\\\\\\\\\\\\\\\\\\\\\\\\\\\\\\\\\\\\\\\\\\\\\\\\\\\\\\\\\\\\\\\\\\\\\\\\\\\\\\\\\\\\\\\\\\\\\\\\\\\\\\\\\\\\\\\\\\\\\\\\\\\\',NULL,NULL,NULL),(41,'Carlos Soria Dall\\\\\\\\\\\\\\\\\\\\\\\\\\\\\\\\\\\\\\\\\\\\\\\\\\\\\\\\\\\\\\\\\\\\\\\\\\\\\\\\\\\\\\\\\\\\\\\\\\\\\\\\\\\\\\\\\\\\\\\\\\\\\\\\\\\\\\\\\\\\\\\\\\\\\\\\\\\\\\\\\\\\\\\\\\\\\\\\\\\\\\\\\\\\\\\\\\\\\\\\\\\\\\\\\\\\\\\\\\\\\\\\\\\\\\\\\\\\\\\\\\\\\\\\\\\\\\\\\\\\\\\\\\',NULL,NULL,NULL),(42,'Carlos Soria Dall\\\\\\\\\\\\\\\'Orso',NULL,NULL,NULL),(43,'Carlos Soria Dall\\\\\\\\\\\\\\\\\\\\\\\\\\\\\\\\\\\\\\\\\\\\\\\\\\\\\\\\\\\\\\\\\\\\\\\\\\\\\\\\\\\\\\\\\\\\\\\\\\\\\\\\\\\\\\\\\\\\\\\\\\\\\\\'Orso',NULL,NULL,NULL),(44,'Carlos Soria Dall\\\\\\\\\\\\\\\\\\\\\\\\\\\\\\\\\\\\\\\\\\\\\\\\\\\\\\\\\\\\\\\\\\\\\\\\\\\\\\\\\\\\\\\\\\\\\\\\\\\\\\\\\\\\\\\\\\\\\\\\\\\\\\\\\\\\\\\\\\\\\\\\\\\\\\\\\\\\\\\\\\\\\\\\\\\\\\\\\\\\\\\\\\\\\\\\\\\\\\\\\\\\\\\\\\\\\\\\\\\\\\\\\\\\\\\\\\\\\\\\\\\\\\\\\\\\\\\\\\\\\\\\\\',NULL,NULL,NULL),(45,'Carlos Soria Dall\\\\\\\\\\\\\\\\\\\\\\\\\\\\\\\\\\\\\\\\\\\\\\\\\\\\\\\\\\\\\\\\\\\\\\\\\\\\\\\\\\\\\\\\\\\\\\\\\\\\\\\\\\\\\\\\\\\\\\\\\\\\\\\\\\\\\\\\\\\\\\\\\\\\\\\\\\\\\\\\\\\\\\\\\\\\\\\\\\\\\\\\\\\\\\\\\\\\\\\\\\\\\\\\\\\\\\\\\\\\\\\\\\\\\\\\\\\\\\\\\\\\\\\\\\\\\\\\\\\\\\\\\\',NULL,NULL,NULL),(46,'Carlos Soria Dall\\\\\\\\\\\\\\\\\\\\\\\\\\\\\\\\\\\\\\\\\\\\\\\\\\\\\\\\\\\\\\\\\\\\\\\\\\\\\\\\\\\\\\\\\\\\\\\\\\\\\\\\\\\\\\\\\\\\\\\\\\\\\\\\\\\\\\\\\\\\\\\\\\\\\\\\\\\\\\\\\\\\\\\\\\\\\\\\\\\\\\\\\\\\\\\\\\\\\\\\\\\\\\\\\\\\\\\\\\\\\\\\\\\\\\\\\\\\\\\\\\\\\\\\\\\\\\\\\\\\\\\\\\',NULL,NULL,NULL),(47,'Carlos Soria',NULL,NULL,NULL),(48,'Solange Teles da Silva & José Augusto Fontoura Costa',NULL,NULL,NULL),(49,'Cleide Lima de Souza',NULL,NULL,NULL),(50,'Especialidades Químicas I+D+I S.R.L.',NULL,NULL,NULL),(51,'Asociación Faunagua',NULL,NULL,NULL),(52,'Servicios Hidrogeológicos Integrales S.A.S.',NULL,NULL,NULL),(53,'Instituto de Investigaciones de la Amazonia Peruana - IIAP',NULL,NULL,NULL),(54,'Bernhard Gregor Peregovich',NULL,NULL,NULL),(55,'Andrei Santos de Morais',NULL,NULL,NULL),(56,'Cleyton Nogueira de Oliveira Filho',NULL,NULL,NULL),(57,'Deliane Vieira Penha de Oliveira',NULL,NULL,NULL),(58,'Fernando Cuadros Villanueva',NULL,NULL,NULL),(59,'Javier del Águila Chávez',NULL,NULL,NULL),(60,'Mario José de Miranda',NULL,NULL,NULL),(61,'Victor Hugo Vargas Paredes',NULL,NULL,NULL),(62,'Liliana Palma Silva',NULL,NULL,NULL),(63,'Gloria Inés Acevedo Arias',NULL,NULL,NULL),(64,'Irving Foster Brown',NULL,NULL,NULL),(65,'Guillermo Gallardo Estrella',NULL,NULL,NULL),(66,'Jorge Edwin Benites Agüero',NULL,NULL,NULL),(67,'Paul André Van Damme',NULL,NULL,NULL),(68,'Adalberto Rabelo Akel',NULL,NULL,NULL),(69,'Rodrigo Rafael Souza de Oliveira',NULL,NULL,NULL),(70,'Melissa do Socorro Fonseca da Silva',NULL,NULL,NULL),(71,'Paulo Victor Magno Silva',NULL,NULL,NULL),(72,'José Augusto Fontoura Costa',NULL,NULL,NULL),(73,'Marcela Pompeu',NULL,NULL,NULL),(74,'Piera Brenda Coelho Amora',NULL,NULL,NULL),(75,'Enrique Rios Isern',NULL,NULL,NULL),(76,'Instituto de Investigaciones de la Amazonia Peruana IIAP-SII (Sistema Integrado de Información)',NULL,NULL,NULL),(77,'Voyner Ravena Cañete',NULL,NULL,NULL),(78,'Pedro De Podestà Uchôa de Aquino',NULL,NULL,NULL),(79,'Roberto Esser dos Reis',NULL,NULL,NULL),(80,'Centro Internacional para la Investigación del Fenómeno de el Niño (CIIFEN)',NULL,NULL,NULL),(81,'André Bracciali',NULL,NULL,NULL),(82,'Paulette E. Bynoe',NULL,NULL,NULL),(83,'Juan Carlos Gutierrez',NULL,NULL,NULL),(84,'Elsa Reneé Huamán Mendoza',NULL,NULL,NULL),(85,'Adriano Marlisom Leão de Sousa',NULL,NULL,NULL),(86,'Francimara Souza da Costa',NULL,NULL,NULL),(87,'Youner Ravena Cañete',NULL,NULL,NULL),(88,'Ronald Corvera Gomringer',NULL,NULL,NULL),(89,'Maria Isabel Vitorino',NULL,NULL,NULL),(90,'Eymar Silva Sampaio Lopes',NULL,NULL,NULL),(91,'Wilson Suri Palomino',NULL,NULL,NULL),(92,'Hugo Leonardo Fuentes Nay',NULL,NULL,NULL),(93,'Rômulo Magalhães de Sousa',NULL,NULL,NULL),(94,'Pedro Silvestre da Silva Campos',NULL,NULL,NULL),(95,'Antonio Cordeiro de Santana',NULL,NULL,NULL),(96,'Ingo Daniel Wahnfried',NULL,NULL,NULL),(97,'Alberto Crespo Milliet',NULL,NULL,NULL),(98,'Centro Internacional para la Investigación del Fenómeno de el Niño CIIFEN',NULL,NULL,NULL),(99,'Bolívia Especialidades Químicas I+D+I S.R.L.',NULL,NULL,NULL),(100,'Paul A. Van Damme, Ph.D.',NULL,NULL,NULL),(101,'Tahnee E. Saerie',NULL,NULL,NULL),(102,'Fredy  Nugra Salazar',NULL,NULL,NULL),(103,'Fredy Nugra Salazar',NULL,NULL,NULL),(104,'Colombia DATEXCO Company S.A.',NULL,NULL,NULL),(105,'Ecuador AGORA Consult. Cia. Ltda.',NULL,NULL,NULL),(106,'IPSOS Apoyo Opinión y Mercado S.A',NULL,NULL,NULL),(107,'Bolivia Ruizmier Consulting & Research S.R.L',NULL,NULL,NULL),(108,'Guyana Schoot of Earth and Enviromental Scences SEES',NULL,NULL,NULL),(109,'Ministerio del Poder Popular para el Ambiente',NULL,NULL,NULL),(110,'Anton de Kom Universiteit van Suriname',NULL,NULL,NULL),(111,'Luis Fernando Cáceres Choque',NULL,NULL,NULL),(112,'Jhon Martinez',NULL,NULL,NULL);

/*Table structure for table `bitacora_evento_sistema` */

DROP TABLE IF EXISTS `bitacora_evento_sistema`;

CREATE TABLE `bitacora_evento_sistema` (
  `Bit_IdBitacora` int(11) NOT NULL AUTO_INCREMENT,
  `Bit_UserName` varchar(45) DEFAULT NULL,
  `Bit_Fecha` varchar(45) DEFAULT NULL,
  `Bit_NombrePagina` varchar(45) DEFAULT NULL,
  `Bit_NombreMetodo` varchar(45) DEFAULT NULL,
  `Bit_Descripcion` longtext,
  `Bit_Estado` tinyint(1) DEFAULT NULL,
  `Evs_IdEventoSistema` int(11) DEFAULT NULL,
  PRIMARY KEY (`Bit_IdBitacora`)
) ENGINE=InnoDB AUTO_INCREMENT=83 DEFAULT CHARSET=utf8;

/*Data for the table `bitacora_evento_sistema` */

insert  into `bitacora_evento_sistema`(Bit_IdBitacora,Bit_UserName,Bit_Fecha,Bit_NombrePagina,Bit_NombreMetodo,Bit_Descripcion,Bit_Estado,Evs_IdEventoSistema) values (1,'admin','2018-05-22 05:15:17','acl(indexModel)','getRolesRowCount','Code :42S22 ;Message : SQLSTATE[42S22]: Column not found: 1054 Unknown column \'c.Row_Estado\' in \'order clause\' ;TraceAsString : #0 C:\\xampp\\htdocs\\sga_unap\\modules\\carga_academica\\models\\indexModel.php(316): PDOStatement->execute()\n#1 C:\\xampp\\htdocs\\sga_unap\\modules\\carga_academica\\controllers\\indexController.php(49): indexModel->getRolesRowCount(\' ORDER BY c.Row...\')\n#2 [internal function]: indexController->Cursos()\n#3 C:\\xampp\\htdocs\\sga_unap\\application\\Bootstrap.php(51): call_user_func_array(Array, Array)\n#4 C:\\xampp\\htdocs\\sga_unap\\index.php(22): Bootstrap::run(Object(Request))\n#5 {main}',1,1),(2,'admin','2018-05-22 05:24:32','acl(indexModel)','getRolesRowCount','Code :42S22 ;Message : SQLSTATE[42S22]: Column not found: 1054 Unknown column \'c.Row_Estado\' in \'order clause\' ;TraceAsString : #0 C:\\xampp\\htdocs\\sga_unap\\modules\\carga_academica\\models\\indexModel.php(316): PDOStatement->execute()\n#1 C:\\xampp\\htdocs\\sga_unap\\modules\\carga_academica\\controllers\\indexController.php(50): indexModel->getRolesRowCount(\' ORDER BY c.Row...\')\n#2 [internal function]: indexController->Cursos()\n#3 C:\\xampp\\htdocs\\sga_unap\\application\\Bootstrap.php(51): call_user_func_array(Array, Array)\n#4 C:\\xampp\\htdocs\\sga_unap\\index.php(22): Bootstrap::run(Object(Request))\n#5 {main}',1,1),(3,'admin','2018-05-22 05:46:58','acl(indexModel)','getRolesRowCount','Code :42S22 ;Message : SQLSTATE[42S22]: Column not found: 1054 Unknown column \'c.Row_Estado\' in \'order clause\' ;TraceAsString : #0 C:\\xampp\\htdocs\\sga_unap\\modules\\carga_academica\\models\\indexModel.php(316): PDOStatement->execute()\n#1 C:\\xampp\\htdocs\\sga_unap\\modules\\carga_academica\\controllers\\indexController.php(50): indexModel->getRolesRowCount(\' ORDER BY c.Row...\')\n#2 [internal function]: indexController->Cursos()\n#3 C:\\xampp\\htdocs\\sga_unap\\application\\Bootstrap.php(51): call_user_func_array(Array, Array)\n#4 C:\\xampp\\htdocs\\sga_unap\\index.php(22): Bootstrap::run(Object(Request))\n#5 {main}',1,1),(4,'admin','2018-05-22 05:46:58','carga_academica(indexModel)','getCursosPaginado','Code :42000 ;Message : SQLSTATE[42000]: Syntax error or access violation: 1305 PROCEDURE sga_unap.s_s_listar_cursos does not exist ;TraceAsString : #0 C:\\xampp\\htdocs\\sga_unap\\modules\\carga_academica\\models\\indexModel.php(302): PDOStatement->execute()\n#1 C:\\xampp\\htdocs\\sga_unap\\modules\\carga_academica\\controllers\\indexController.php(56): indexModel->getCursosPaginado(0, 50, 0)\n#2 [internal function]: indexController->Cursos()\n#3 C:\\xampp\\htdocs\\sga_unap\\application\\Bootstrap.php(51): call_user_func_array(Array, Array)\n#4 C:\\xampp\\htdocs\\sga_unap\\index.php(22): Bootstrap::run(Object(Request))\n#5 {main}',1,2),(5,'admin','2018-05-22 10:39:36','acl(indexModel)','getRolesRowCount','Code :42S22 ;Message : SQLSTATE[42S22]: Column not found: 1054 Unknown column \'c.Row_Estado\' in \'order clause\' ;TraceAsString : #0 C:\\xampp\\htdocs\\sga_unap\\modules\\carga_academica\\models\\indexModel.php(316): PDOStatement->execute()\n#1 C:\\xampp\\htdocs\\sga_unap\\modules\\carga_academica\\controllers\\indexController.php(53): indexModel->getRolesRowCount(\' ORDER BY c.Row...\')\n#2 [internal function]: indexController->Cursos()\n#3 C:\\xampp\\htdocs\\sga_unap\\application\\Bootstrap.php(51): call_user_func_array(Array, Array)\n#4 C:\\xampp\\htdocs\\sga_unap\\index.php(22): Bootstrap::run(Object(Request))\n#5 {main}',1,1),(6,'admin','2018-05-22 10:39:36','carga_academica(indexModel)','getCursosPaginado','Code :42000 ;Message : SQLSTATE[42000]: Syntax error or access violation: 1305 PROCEDURE sga_unap.s_s_listar_cursos does not exist ;TraceAsString : #0 C:\\xampp\\htdocs\\sga_unap\\modules\\carga_academica\\models\\indexModel.php(302): PDOStatement->execute()\n#1 C:\\xampp\\htdocs\\sga_unap\\modules\\carga_academica\\controllers\\indexController.php(59): indexModel->getCursosPaginado(0, 50, 0)\n#2 [internal function]: indexController->Cursos()\n#3 C:\\xampp\\htdocs\\sga_unap\\application\\Bootstrap.php(51): call_user_func_array(Array, Array)\n#4 C:\\xampp\\htdocs\\sga_unap\\index.php(22): Bootstrap::run(Object(Request))\n#5 {main}',1,2),(7,'admin','2018-05-22 11:15:17','acl(indexModel)','getRolesRowCount','Code :42S22 ;Message : SQLSTATE[42S22]: Column not found: 1054 Unknown column \'c.Row_Estado\' in \'order clause\' ;TraceAsString : #0 C:\\xampp\\htdocs\\sga_unap\\modules\\carga_academica\\models\\indexModel.php(316): PDOStatement->execute()\n#1 C:\\xampp\\htdocs\\sga_unap\\modules\\carga_academica\\controllers\\indexController.php(53): indexModel->getRolesRowCount(\' ORDER BY c.Row...\')\n#2 [internal function]: indexController->Cursos()\n#3 C:\\xampp\\htdocs\\sga_unap\\application\\Bootstrap.php(51): call_user_func_array(Array, Array)\n#4 C:\\xampp\\htdocs\\sga_unap\\index.php(22): Bootstrap::run(Object(Request))\n#5 {main}',1,1),(8,'admin','2018-05-22 11:15:17','carga_academica(indexModel)','getCursosPaginado','Code :42000 ;Message : SQLSTATE[42000]: Syntax error or access violation: 1305 PROCEDURE sga_unap.s_s_listar_cursos does not exist ;TraceAsString : #0 C:\\xampp\\htdocs\\sga_unap\\modules\\carga_academica\\models\\indexModel.php(302): PDOStatement->execute()\n#1 C:\\xampp\\htdocs\\sga_unap\\modules\\carga_academica\\controllers\\indexController.php(59): indexModel->getCursosPaginado(0, 50, 0)\n#2 [internal function]: indexController->Cursos()\n#3 C:\\xampp\\htdocs\\sga_unap\\application\\Bootstrap.php(51): call_user_func_array(Array, Array)\n#4 C:\\xampp\\htdocs\\sga_unap\\index.php(22): Bootstrap::run(Object(Request))\n#5 {main}',1,2),(9,'admin','2018-05-22 11:32:14','acl(indexModel)','getRolesRowCount','Code :42S22 ;Message : SQLSTATE[42S22]: Column not found: 1054 Unknown column \'c.Row_Estado\' in \'order clause\' ;TraceAsString : #0 C:\\xampp\\htdocs\\sga_unap\\modules\\carga_academica\\models\\indexModel.php(316): PDOStatement->execute()\n#1 C:\\xampp\\htdocs\\sga_unap\\modules\\carga_academica\\controllers\\indexController.php(53): indexModel->getRolesRowCount(\' ORDER BY c.Row...\')\n#2 [internal function]: indexController->Cursos()\n#3 C:\\xampp\\htdocs\\sga_unap\\application\\Bootstrap.php(51): call_user_func_array(Array, Array)\n#4 C:\\xampp\\htdocs\\sga_unap\\index.php(22): Bootstrap::run(Object(Request))\n#5 {main}',1,1),(10,'admin','2018-05-22 11:32:15','carga_academica(indexModel)','getCursosPaginado','Code :42000 ;Message : SQLSTATE[42000]: Syntax error or access violation: 1305 PROCEDURE sga_unap.s_s_listar_cursos does not exist ;TraceAsString : #0 C:\\xampp\\htdocs\\sga_unap\\modules\\carga_academica\\models\\indexModel.php(302): PDOStatement->execute()\n#1 C:\\xampp\\htdocs\\sga_unap\\modules\\carga_academica\\controllers\\indexController.php(59): indexModel->getCursosPaginado(0, 50, 0)\n#2 [internal function]: indexController->Cursos()\n#3 C:\\xampp\\htdocs\\sga_unap\\application\\Bootstrap.php(51): call_user_func_array(Array, Array)\n#4 C:\\xampp\\htdocs\\sga_unap\\index.php(22): Bootstrap::run(Object(Request))\n#5 {main}',1,2),(11,'admin','2018-05-22 12:00:37','dublincore(documentosModel)','getEstandar','Code :42S02 ;Message : SQLSTATE[42S02]: Base table or view not found: 1146 Table \'sga_unap.estandar_recurso\' doesn\'t exist ;TraceAsString : #0 C:\\xampp\\htdocs\\sga_unap\\modules\\dublincore\\models\\documentosModel.php(373): PDO->query(\'SELECT est.* FR...\')\n#1 C:\\xampp\\htdocs\\sga_unap\\modules\\dublincore\\controllers\\documentosController.php(30): documentosModel->getEstandar()\n#2 [internal function]: documentosController->index()\n#3 C:\\xampp\\htdocs\\sga_unap\\application\\Bootstrap.php(51): call_user_func_array(Array, Array)\n#4 C:\\xampp\\htdocs\\sga_unap\\index.php(22): Bootstrap::run(Object(Request))\n#5 {main}',1,3),(12,'admin','2018-05-22 12:06:41','dublincore(documentosModel)','getEstandar','Code :42S02 ;Message : SQLSTATE[42S02]: Base table or view not found: 1146 Table \'sga_unap.estandar_recurso\' doesn\'t exist ;TraceAsString : #0 C:\\xampp\\htdocs\\sga_unap\\modules\\dublincore\\models\\documentosModel.php(373): PDO->query(\'SELECT est.* FR...\')\n#1 C:\\xampp\\htdocs\\sga_unap\\modules\\dublincore\\controllers\\documentosController.php(30): documentosModel->getEstandar()\n#2 [internal function]: documentosController->index()\n#3 C:\\xampp\\htdocs\\sga_unap\\application\\Bootstrap.php(51): call_user_func_array(Array, Array)\n#4 C:\\xampp\\htdocs\\sga_unap\\index.php(22): Bootstrap::run(Object(Request))\n#5 {main}',1,3),(13,'admin','2018-05-22 16:10:13','acl(indexModel)','getRolesRowCount','Code :42S22 ;Message : SQLSTATE[42S22]: Column not found: 1054 Unknown column \'c.Row_Estado\' in \'order clause\' ;TraceAsString : #0 C:\\xampp\\htdocs\\sga_unap\\modules\\carga_academica\\models\\indexModel.php(316): PDOStatement->execute()\n#1 C:\\xampp\\htdocs\\sga_unap\\modules\\carga_academica\\controllers\\indexController.php(53): indexModel->getRolesRowCount(\' ORDER BY c.Row...\')\n#2 [internal function]: indexController->cursos()\n#3 C:\\xampp\\htdocs\\sga_unap\\application\\Bootstrap.php(51): call_user_func_array(Array, Array)\n#4 C:\\xampp\\htdocs\\sga_unap\\index.php(22): Bootstrap::run(Object(Request))\n#5 {main}',1,1),(14,'admin','2018-05-22 16:10:14','carga_academica(indexModel)','getCursosPaginado','Code :42000 ;Message : SQLSTATE[42000]: Syntax error or access violation: 1305 PROCEDURE sga_unap.s_s_listar_cursos does not exist ;TraceAsString : #0 C:\\xampp\\htdocs\\sga_unap\\modules\\carga_academica\\models\\indexModel.php(302): PDOStatement->execute()\n#1 C:\\xampp\\htdocs\\sga_unap\\modules\\carga_academica\\controllers\\indexController.php(59): indexModel->getCursosPaginado(0, 50, 0)\n#2 [internal function]: indexController->cursos()\n#3 C:\\xampp\\htdocs\\sga_unap\\application\\Bootstrap.php(51): call_user_func_array(Array, Array)\n#4 C:\\xampp\\htdocs\\sga_unap\\index.php(22): Bootstrap::run(Object(Request))\n#5 {main}',1,2),(15,'admin','2018-05-22 16:48:36','carga_academica(indexModel)','getFacultadesRowCount','Code :42S22 ;Message : SQLSTATE[42S22]: Column not found: 1054 Unknown column \'f.Row_Estado\' in \'order clause\' ;TraceAsString : #0 C:\\xampp\\htdocs\\sga_unap\\modules\\carga_academica\\models\\indexModel.php(318): PDOStatement->execute()\n#1 C:\\xampp\\htdocs\\sga_unap\\modules\\carga_academica\\controllers\\indexController.php(53): indexModel->getFacultadesRowCount(\' ORDER BY f.Row...\')\n#2 [internal function]: indexController->facultades()\n#3 C:\\xampp\\htdocs\\sga_unap\\application\\Bootstrap.php(51): call_user_func_array(Array, Array)\n#4 C:\\xampp\\htdocs\\sga_unap\\index.php(22): Bootstrap::run(Object(Request))\n#5 {main}',1,1),(16,'admin','2018-05-22 16:48:36','carga_academica(indexModel)','getFacultadesPaginado','Code :42S22 ;Message : SQLSTATE[42S22]: Column not found: 1054 Unknown column \'Row_Estado\' in \'order clause\' ;TraceAsString : #0 C:\\xampp\\htdocs\\sga_unap\\modules\\carga_academica\\models\\indexModel.php(305): PDOStatement->execute()\n#1 C:\\xampp\\htdocs\\sga_unap\\modules\\carga_academica\\controllers\\indexController.php(59): indexModel->getFacultadesPaginado(0, 50, 0)\n#2 [internal function]: indexController->facultades()\n#3 C:\\xampp\\htdocs\\sga_unap\\application\\Bootstrap.php(51): call_user_func_array(Array, Array)\n#4 C:\\xampp\\htdocs\\sga_unap\\index.php(22): Bootstrap::run(Object(Request))\n#5 {main}',1,1),(17,'admin','2018-05-22 17:23:21','carga_academica(indexModel)','getFacultadesRowCount','Code :42S22 ;Message : SQLSTATE[42S22]: Column not found: 1054 Unknown column \'f.Row_Estado\' in \'order clause\' ;TraceAsString : #0 C:\\xampp\\htdocs\\sga_unap\\modules\\carga_academica\\models\\indexModel.php(318): PDOStatement->execute()\n#1 C:\\xampp\\htdocs\\sga_unap\\modules\\carga_academica\\controllers\\indexController.php(53): indexModel->getFacultadesRowCount(\' ORDER BY f.Row...\')\n#2 [internal function]: indexController->facultades()\n#3 C:\\xampp\\htdocs\\sga_unap\\application\\Bootstrap.php(51): call_user_func_array(Array, Array)\n#4 C:\\xampp\\htdocs\\sga_unap\\index.php(22): Bootstrap::run(Object(Request))\n#5 {main}',1,1),(18,'admin','2018-05-22 17:23:21','carga_academica(indexModel)','getFacultadesPaginado','Code :42S22 ;Message : SQLSTATE[42S22]: Column not found: 1054 Unknown column \'Row_Estado\' in \'order clause\' ;TraceAsString : #0 C:\\xampp\\htdocs\\sga_unap\\modules\\carga_academica\\models\\indexModel.php(305): PDOStatement->execute()\n#1 C:\\xampp\\htdocs\\sga_unap\\modules\\carga_academica\\controllers\\indexController.php(59): indexModel->getFacultadesPaginado(0, 50, 0)\n#2 [internal function]: indexController->facultades()\n#3 C:\\xampp\\htdocs\\sga_unap\\application\\Bootstrap.php(51): call_user_func_array(Array, Array)\n#4 C:\\xampp\\htdocs\\sga_unap\\index.php(22): Bootstrap::run(Object(Request))\n#5 {main}',1,1),(19,'admin','2018-05-22 18:23:18','carga_academica(indexModel)','insertarFacultad','Code :42000 ;Message : SQLSTATE[42000]: Syntax error or access violation: 1318 Incorrect number of arguments for PROCEDURE sga_unap.s_i_facultad; expected 5, got 4 ;TraceAsString : #0 C:\\xampp\\htdocs\\sga_unap\\modules\\carga_academica\\models\\indexModel.php(346): PDOStatement->execute()\n#1 C:\\xampp\\htdocs\\sga_unap\\modules\\carga_academica\\controllers\\indexController.php(88): indexModel->insertarFacultad(\'Facultad de Edu...\', \'Bermudez 365\', \'065215487\', 1, 1)\n#2 C:\\xampp\\htdocs\\sga_unap\\modules\\carga_academica\\controllers\\indexController.php(41): indexController->nuevo_facultad()\n#3 [internal function]: indexController->facultades()\n#4 C:\\xampp\\htdocs\\sga_unap\\application\\Bootstrap.php(51): call_user_func_array(Array, Array)\n#5 C:\\xampp\\htdocs\\sga_unap\\index.php(22): Bootstrap::run(Object(Request))\n#6 {main}',1,2),(20,'admin','2018-05-22 18:27:29','carga_academica(indexModel)','insertarFacultad','Code :42S22 ;Message : SQLSTATE[42S22]: Column not found: 1054 Unknown column \'iRow_Estado\' in \'field list\' ;TraceAsString : #0 C:\\xampp\\htdocs\\sga_unap\\modules\\carga_academica\\models\\indexModel.php(347): PDOStatement->execute()\n#1 C:\\xampp\\htdocs\\sga_unap\\modules\\carga_academica\\controllers\\indexController.php(88): indexModel->insertarFacultad(\'Facultad de Edu...\', \'Bermudez 365\', \'065215487\', 1, 1)\n#2 C:\\xampp\\htdocs\\sga_unap\\modules\\carga_academica\\controllers\\indexController.php(41): indexController->nuevo_facultad()\n#3 [internal function]: indexController->facultades()\n#4 C:\\xampp\\htdocs\\sga_unap\\application\\Bootstrap.php(51): call_user_func_array(Array, Array)\n#5 C:\\xampp\\htdocs\\sga_unap\\index.php(22): Bootstrap::run(Object(Request))\n#6 {main}',1,1),(21,'admin','2018-05-22 18:27:34','carga_academica(indexModel)','insertarFacultad','Code :42S22 ;Message : SQLSTATE[42S22]: Column not found: 1054 Unknown column \'iRow_Estado\' in \'field list\' ;TraceAsString : #0 C:\\xampp\\htdocs\\sga_unap\\modules\\carga_academica\\models\\indexModel.php(347): PDOStatement->execute()\n#1 C:\\xampp\\htdocs\\sga_unap\\modules\\carga_academica\\controllers\\indexController.php(88): indexModel->insertarFacultad(\'Facultad de Edu...\', \'Bermudez 365\', \'065215487\', 1, 1)\n#2 C:\\xampp\\htdocs\\sga_unap\\modules\\carga_academica\\controllers\\indexController.php(41): indexController->nuevo_facultad()\n#3 [internal function]: indexController->facultades()\n#4 C:\\xampp\\htdocs\\sga_unap\\application\\Bootstrap.php(51): call_user_func_array(Array, Array)\n#5 C:\\xampp\\htdocs\\sga_unap\\index.php(22): Bootstrap::run(Object(Request))\n#6 {main}',1,1),(22,'admin','2018-05-22 18:44:32','carga_academica(indexModel)','insertarFacultad','Code :42S22 ;Message : SQLSTATE[42S22]: Column not found: 1054 Unknown column \'iRow_Estado\' in \'field list\' ;TraceAsString : #0 C:\\xampp\\htdocs\\sga_unap\\modules\\carga_academica\\models\\indexModel.php(347): PDOStatement->execute()\n#1 C:\\xampp\\htdocs\\sga_unap\\modules\\carga_academica\\controllers\\indexController.php(88): indexModel->insertarFacultad(\'Facultad de Edu...\', \'Bermudez 365\', \'065215487\', 1, 1)\n#2 C:\\xampp\\htdocs\\sga_unap\\modules\\carga_academica\\controllers\\indexController.php(41): indexController->nuevo_facultad()\n#3 [internal function]: indexController->facultades()\n#4 C:\\xampp\\htdocs\\sga_unap\\application\\Bootstrap.php(51): call_user_func_array(Array, Array)\n#5 C:\\xampp\\htdocs\\sga_unap\\index.php(22): Bootstrap::run(Object(Request))\n#6 {main}',1,1),(23,'admin','2018-05-22 18:45:12','carga_academica(indexModel)','insertarFacultad','Code :42S22 ;Message : SQLSTATE[42S22]: Column not found: 1054 Unknown column \'iRow_Estado\' in \'field list\' ;TraceAsString : #0 C:\\xampp\\htdocs\\sga_unap\\modules\\carga_academica\\models\\indexModel.php(347): PDOStatement->execute()\n#1 C:\\xampp\\htdocs\\sga_unap\\modules\\carga_academica\\controllers\\indexController.php(88): indexModel->insertarFacultad(\'Facultad de Edu...\', \'Bermudez 365\', \'065263568\', 1, 1)\n#2 C:\\xampp\\htdocs\\sga_unap\\modules\\carga_academica\\controllers\\indexController.php(41): indexController->nuevo_facultad()\n#3 [internal function]: indexController->facultades()\n#4 C:\\xampp\\htdocs\\sga_unap\\application\\Bootstrap.php(51): call_user_func_array(Array, Array)\n#5 C:\\xampp\\htdocs\\sga_unap\\index.php(22): Bootstrap::run(Object(Request))\n#6 {main}',1,1),(24,'admin','2018-05-22 18:46:47','carga_academica(indexModel)','insertarFacultad','Code :42S22 ;Message : SQLSTATE[42S22]: Column not found: 1054 Unknown column \'iRow_Estado\' in \'field list\' ;TraceAsString : #0 C:\\xampp\\htdocs\\sga_unap\\modules\\carga_academica\\models\\indexModel.php(347): PDOStatement->execute()\n#1 C:\\xampp\\htdocs\\sga_unap\\modules\\carga_academica\\controllers\\indexController.php(89): indexModel->insertarFacultad(\'Facultad de Edu...\', \'Bermudez 365\', \'065263568\', 1, 1)\n#2 C:\\xampp\\htdocs\\sga_unap\\modules\\carga_academica\\controllers\\indexController.php(41): indexController->nuevo_facultad()\n#3 [internal function]: indexController->facultades()\n#4 C:\\xampp\\htdocs\\sga_unap\\application\\Bootstrap.php(51): call_user_func_array(Array, Array)\n#5 C:\\xampp\\htdocs\\sga_unap\\index.php(22): Bootstrap::run(Object(Request))\n#6 {main}',1,1),(25,'admin','2018-05-22 18:47:33','carga_academica(indexModel)','insertarFacultad','Code :42S22 ;Message : SQLSTATE[42S22]: Column not found: 1054 Unknown column \'iRow_Estado\' in \'field list\' ;TraceAsString : #0 C:\\xampp\\htdocs\\sga_unap\\modules\\carga_academica\\models\\indexModel.php(347): PDOStatement->execute()\n#1 C:\\xampp\\htdocs\\sga_unap\\modules\\carga_academica\\controllers\\indexController.php(89): indexModel->insertarFacultad(\'Facultad de Edu...\', \'Bermudez 365\', \'065263568\', 1, 1)\n#2 C:\\xampp\\htdocs\\sga_unap\\modules\\carga_academica\\controllers\\indexController.php(41): indexController->nuevo_facultad()\n#3 [internal function]: indexController->facultades()\n#4 C:\\xampp\\htdocs\\sga_unap\\application\\Bootstrap.php(51): call_user_func_array(Array, Array)\n#5 C:\\xampp\\htdocs\\sga_unap\\index.php(22): Bootstrap::run(Object(Request))\n#6 {main}',1,1),(26,'admin','2018-05-22 18:51:20','carga_academica(indexModel)','insertarFacultad','Code :42S22 ;Message : SQLSTATE[42S22]: Column not found: 1054 Unknown column \'iRow_Estado\' in \'field list\' ;TraceAsString : #0 C:\\xampp\\htdocs\\sga_unap\\modules\\carga_academica\\models\\indexModel.php(347): PDOStatement->execute()\n#1 C:\\xampp\\htdocs\\sga_unap\\modules\\carga_academica\\controllers\\indexController.php(89): indexModel->insertarFacultad(\'Facultad de Edu...\', \'Bermudez 365\', \'065235689\', 1, 1)\n#2 C:\\xampp\\htdocs\\sga_unap\\modules\\carga_academica\\controllers\\indexController.php(41): indexController->nuevo_facultad()\n#3 [internal function]: indexController->facultades()\n#4 C:\\xampp\\htdocs\\sga_unap\\application\\Bootstrap.php(51): call_user_func_array(Array, Array)\n#5 C:\\xampp\\htdocs\\sga_unap\\index.php(22): Bootstrap::run(Object(Request))\n#6 {main}',1,1),(27,'admin','2018-05-22 19:23:15','carga_academica(indexModel)','cambiarEstadoFacultad','Code :42000 ;Message : SQLSTATE[42000]: Syntax error or access violation: 1305 PROCEDURE sga_unap.s_u_cambiar_estado_facultad does not exist ;TraceAsString : #0 C:\\xampp\\htdocs\\sga_unap\\modules\\carga_academica\\models\\indexModel.php(372): PDOStatement->execute()\n#1 C:\\xampp\\htdocs\\sga_unap\\modules\\carga_academica\\controllers\\indexController.php(134): indexModel->cambiarEstadoFacultad(5, 1)\n#2 [internal function]: indexController->_cambiarEstadoFacultad()\n#3 C:\\xampp\\htdocs\\sga_unap\\application\\Bootstrap.php(51): call_user_func_array(Array, Array)\n#4 C:\\xampp\\htdocs\\sga_unap\\index.php(22): Bootstrap::run(Object(Request))\n#5 {main}',1,2),(28,'admin','2018-05-22 19:25:54','carga_academica(indexModel)','cambiarEstadoFacultad','Code :42000 ;Message : SQLSTATE[42000]: Syntax error or access violation: 1305 PROCEDURE sga_unap.s_u_cambiar_estado_facultad does not exist ;TraceAsString : #0 C:\\xampp\\htdocs\\sga_unap\\modules\\carga_academica\\models\\indexModel.php(372): PDOStatement->execute()\n#1 C:\\xampp\\htdocs\\sga_unap\\modules\\carga_academica\\controllers\\indexController.php(134): indexModel->cambiarEstadoFacultad(5, 1)\n#2 [internal function]: indexController->_cambiarEstadoFacultad()\n#3 C:\\xampp\\htdocs\\sga_unap\\application\\Bootstrap.php(51): call_user_func_array(Array, Array)\n#4 C:\\xampp\\htdocs\\sga_unap\\index.php(22): Bootstrap::run(Object(Request))\n#5 {main}',1,2),(29,'admin','2018-05-22 19:25:56','carga_academica(indexModel)','cambiarEstadoFacultad','Code :42000 ;Message : SQLSTATE[42000]: Syntax error or access violation: 1305 PROCEDURE sga_unap.s_u_cambiar_estado_facultad does not exist ;TraceAsString : #0 C:\\xampp\\htdocs\\sga_unap\\modules\\carga_academica\\models\\indexModel.php(372): PDOStatement->execute()\n#1 C:\\xampp\\htdocs\\sga_unap\\modules\\carga_academica\\controllers\\indexController.php(134): indexModel->cambiarEstadoFacultad(5, 1)\n#2 [internal function]: indexController->_cambiarEstadoFacultad()\n#3 C:\\xampp\\htdocs\\sga_unap\\application\\Bootstrap.php(51): call_user_func_array(Array, Array)\n#4 C:\\xampp\\htdocs\\sga_unap\\index.php(22): Bootstrap::run(Object(Request))\n#5 {main}',1,2),(30,'admin','2018-05-22 19:26:02','carga_academica(indexModel)','cambiarEstadoFacultad','Code :42000 ;Message : SQLSTATE[42000]: Syntax error or access violation: 1305 PROCEDURE sga_unap.s_u_cambiar_estado_facultad does not exist ;TraceAsString : #0 C:\\xampp\\htdocs\\sga_unap\\modules\\carga_academica\\models\\indexModel.php(372): PDOStatement->execute()\n#1 C:\\xampp\\htdocs\\sga_unap\\modules\\carga_academica\\controllers\\indexController.php(134): indexModel->cambiarEstadoFacultad(5, 1)\n#2 [internal function]: indexController->_cambiarEstadoFacultad()\n#3 C:\\xampp\\htdocs\\sga_unap\\application\\Bootstrap.php(51): call_user_func_array(Array, Array)\n#4 C:\\xampp\\htdocs\\sga_unap\\index.php(22): Bootstrap::run(Object(Request))\n#5 {main}',1,2),(31,'admin','2018-05-22 19:26:04','carga_academica(indexModel)','cambiarEstadoFacultad','Code :42000 ;Message : SQLSTATE[42000]: Syntax error or access violation: 1305 PROCEDURE sga_unap.s_u_cambiar_estado_facultad does not exist ;TraceAsString : #0 C:\\xampp\\htdocs\\sga_unap\\modules\\carga_academica\\models\\indexModel.php(372): PDOStatement->execute()\n#1 C:\\xampp\\htdocs\\sga_unap\\modules\\carga_academica\\controllers\\indexController.php(134): indexModel->cambiarEstadoFacultad(5, 1)\n#2 [internal function]: indexController->_cambiarEstadoFacultad()\n#3 C:\\xampp\\htdocs\\sga_unap\\application\\Bootstrap.php(51): call_user_func_array(Array, Array)\n#4 C:\\xampp\\htdocs\\sga_unap\\index.php(22): Bootstrap::run(Object(Request))\n#5 {main}',1,2),(32,'admin','2018-05-23 01:38:57','carga_academica(indexModel)','insertarEscuela','Code :23000 ;Message : SQLSTATE[23000]: Integrity constraint violation: 1048 Column \'Fac_IdFacultad\' cannot be null ;TraceAsString : #0 C:\\xampp\\htdocs\\sga_unap\\modules\\carga_academica\\models\\indexModel.php(520): PDOStatement->execute()\n#1 C:\\xampp\\htdocs\\sga_unap\\modules\\carga_academica\\controllers\\indexController.php(513): indexModel->insertarEscuela(\'sasa\', NULL, \'sasas\', \'asas\', \'8\', 1, 1)\n#2 C:\\xampp\\htdocs\\sga_unap\\modules\\carga_academica\\controllers\\indexController.php(484): indexController->nueva_escuela()\n#3 [internal function]: indexController->escuelas()\n#4 C:\\xampp\\htdocs\\sga_unap\\application\\Bootstrap.php(51): call_user_func_array(Array, Array)\n#5 C:\\xampp\\htdocs\\sga_unap\\index.php(22): Bootstrap::run(Object(Request))\n#6 {main}',1,4),(33,'admin','2018-05-23 02:09:41','usuario(indexModel)','getUsuario','Code :42S22 ;Message : SQLSTATE[42S22]: Column not found: 1054 Unknown column \'r.Rol_role\' in \'field list\' ;TraceAsString : #0 C:\\xampp\\htdocs\\sga_unap\\modules\\usuarios\\models\\perfilModel.php(48): PDO->query(\'select u.*,r.Ro...\')\n#1 C:\\xampp\\htdocs\\sga_unap\\modules\\usuarios\\controllers\\perfilController.php(26): perfilModel->getUsuario(\'1\')\n#2 [internal function]: perfilController->index(\'1\')\n#3 C:\\xampp\\htdocs\\sga_unap\\application\\Bootstrap.php(51): call_user_func_array(Array, Array)\n#4 C:\\xampp\\htdocs\\sga_unap\\index.php(22): Bootstrap::run(Object(Request))\n#5 {main}',1,1),(34,'admin','2018-05-23 12:08:45','carga_academica(indexModel)','getCurriculaRowCount','Code :42S22 ;Message : SQLSTATE[42S22]: Column not found: 1054 Unknown column \'f.Row_Estado\' in \'order clause\' ;TraceAsString : #0 C:\\xampp\\htdocs\\sga_unap\\modules\\carga_academica\\models\\indexModel.php(748): PDOStatement->execute()\n#1 C:\\xampp\\htdocs\\sga_unap\\modules\\carga_academica\\controllers\\indexController.php(675): indexModel->getCurriculasRowCount(\' ORDER BY f.Row...\')\n#2 [internal function]: indexController->curriculas()\n#3 C:\\xampp\\htdocs\\sga_unap\\application\\Bootstrap.php(51): call_user_func_array(Array, Array)\n#4 C:\\xampp\\htdocs\\sga_unap\\index.php(22): Bootstrap::run(Object(Request))\n#5 {main}',1,1),(35,'admin','2018-05-23 12:14:02','carga_academica(indexModel)','getCurriculaRowCount','Code :42S22 ;Message : SQLSTATE[42S22]: Column not found: 1054 Unknown column \'f.Row_Estado\' in \'order clause\' ;TraceAsString : #0 C:\\xampp\\htdocs\\sga_unap\\modules\\carga_academica\\models\\indexModel.php(748): PDOStatement->execute()\n#1 C:\\xampp\\htdocs\\sga_unap\\modules\\carga_academica\\controllers\\indexController.php(675): indexModel->getCurriculasRowCount(\' ORDER BY f.Row...\')\n#2 [internal function]: indexController->curriculas()\n#3 C:\\xampp\\htdocs\\sga_unap\\application\\Bootstrap.php(51): call_user_func_array(Array, Array)\n#4 C:\\xampp\\htdocs\\sga_unap\\index.php(22): Bootstrap::run(Object(Request))\n#5 {main}',1,1),(36,'admin','2018-05-23 16:10:25','carga_academica(indexModel)','getCurriculaRowCount','Code :42S22 ;Message : SQLSTATE[42S22]: Column not found: 1054 Unknown column \'f.Row_Estado\' in \'order clause\' ;TraceAsString : #0 C:\\xampp\\htdocs\\sga_unap\\modules\\carga_academica\\models\\indexModel.php(748): PDOStatement->execute()\n#1 C:\\xampp\\htdocs\\sga_unap\\modules\\carga_academica\\controllers\\indexController.php(675): indexModel->getCurriculasRowCount(\' ORDER BY f.Row...\')\n#2 [internal function]: indexController->curriculas()\n#3 C:\\xampp\\htdocs\\sga_unap\\application\\Bootstrap.php(51): call_user_func_array(Array, Array)\n#4 C:\\xampp\\htdocs\\sga_unap\\index.php(22): Bootstrap::run(Object(Request))\n#5 {main}',1,1),(37,'admin','2018-05-23 16:11:15','carga_academica(indexModel)','getCurriculaRowCount','Code :42S22 ;Message : SQLSTATE[42S22]: Column not found: 1054 Unknown column \'f.Row_Estado\' in \'order clause\' ;TraceAsString : #0 C:\\xampp\\htdocs\\sga_unap\\modules\\carga_academica\\models\\indexModel.php(748): PDOStatement->execute()\n#1 C:\\xampp\\htdocs\\sga_unap\\modules\\carga_academica\\controllers\\indexController.php(675): indexModel->getCurriculasRowCount(\' ORDER BY f.Row...\')\n#2 [internal function]: indexController->curriculas()\n#3 C:\\xampp\\htdocs\\sga_unap\\application\\Bootstrap.php(51): call_user_func_array(Array, Array)\n#4 C:\\xampp\\htdocs\\sga_unap\\index.php(22): Bootstrap::run(Object(Request))\n#5 {main}',1,1),(38,'admin','2018-05-23 17:06:44','carga_academica(indexModel)','getCurriculaRowCount','Code :42S22 ;Message : SQLSTATE[42S22]: Column not found: 1054 Unknown column \'f.Row_Estado\' in \'order clause\' ;TraceAsString : #0 C:\\xampp\\htdocs\\sga_unap\\modules\\carga_academica\\models\\indexModel.php(748): PDOStatement->execute()\n#1 C:\\xampp\\htdocs\\sga_unap\\modules\\carga_academica\\controllers\\indexController.php(675): indexModel->getCurriculasRowCount(\' ORDER BY f.Row...\')\n#2 [internal function]: indexController->curriculas()\n#3 C:\\xampp\\htdocs\\sga_unap\\application\\Bootstrap.php(51): call_user_func_array(Array, Array)\n#4 C:\\xampp\\htdocs\\sga_unap\\index.php(22): Bootstrap::run(Object(Request))\n#5 {main}',1,1),(39,'admin','2018-05-23 17:07:26','carga_academica(indexModel)','getCurriculaRowCount','Code :42S22 ;Message : SQLSTATE[42S22]: Column not found: 1054 Unknown column \'f.Row_Estado\' in \'order clause\' ;TraceAsString : #0 C:\\xampp\\htdocs\\sga_unap\\modules\\carga_academica\\models\\indexModel.php(748): PDOStatement->execute()\n#1 C:\\xampp\\htdocs\\sga_unap\\modules\\carga_academica\\controllers\\indexController.php(675): indexModel->getCurriculasRowCount(\' ORDER BY f.Row...\')\n#2 [internal function]: indexController->curriculas()\n#3 C:\\xampp\\htdocs\\sga_unap\\application\\Bootstrap.php(51): call_user_func_array(Array, Array)\n#4 C:\\xampp\\htdocs\\sga_unap\\index.php(22): Bootstrap::run(Object(Request))\n#5 {main}',1,1),(40,'admin','2018-05-23 17:11:17','carga_academica(indexModel)','getCurriculaRowCount','Code :42S22 ;Message : SQLSTATE[42S22]: Column not found: 1054 Unknown column \'f.Row_Estado\' in \'order clause\' ;TraceAsString : #0 C:\\xampp\\htdocs\\sga_unap\\modules\\carga_academica\\models\\indexModel.php(748): PDOStatement->execute()\n#1 C:\\xampp\\htdocs\\sga_unap\\modules\\carga_academica\\controllers\\indexController.php(675): indexModel->getCurriculasRowCount(\' ORDER BY f.Row...\')\n#2 [internal function]: indexController->curriculas()\n#3 C:\\xampp\\htdocs\\sga_unap\\application\\Bootstrap.php(51): call_user_func_array(Array, Array)\n#4 C:\\xampp\\htdocs\\sga_unap\\index.php(22): Bootstrap::run(Object(Request))\n#5 {main}',1,1),(41,'admin','2018-05-23 18:22:48','carga_academica(indexModel)','getCurriculaRowCount','Code :42S22 ;Message : SQLSTATE[42S22]: Column not found: 1054 Unknown column \'f.Row_Estado\' in \'order clause\' ;TraceAsString : #0 C:\\xampp\\htdocs\\sga_unap\\modules\\carga_academica\\models\\indexModel.php(748): PDOStatement->execute()\n#1 C:\\xampp\\htdocs\\sga_unap\\modules\\carga_academica\\controllers\\indexController.php(675): indexModel->getCurriculasRowCount(\' ORDER BY f.Row...\')\n#2 [internal function]: indexController->curriculas()\n#3 C:\\xampp\\htdocs\\sga_unap\\application\\Bootstrap.php(51): call_user_func_array(Array, Array)\n#4 C:\\xampp\\htdocs\\sga_unap\\index.php(22): Bootstrap::run(Object(Request))\n#5 {main}',1,1),(42,'admin','2018-05-23 18:40:32','carga_academica(indexModel)','getCurriculaRowCount','Code :42S22 ;Message : SQLSTATE[42S22]: Column not found: 1054 Unknown column \'f.Row_Estado\' in \'order clause\' ;TraceAsString : #0 C:\\xampp\\htdocs\\sga_unap\\modules\\carga_academica\\models\\indexModel.php(761): PDOStatement->execute()\n#1 C:\\xampp\\htdocs\\sga_unap\\modules\\carga_academica\\controllers\\indexController.php(675): indexModel->getCurriculasRowCount(\' ORDER BY f.Row...\')\n#2 [internal function]: indexController->curriculas()\n#3 C:\\xampp\\htdocs\\sga_unap\\application\\Bootstrap.php(51): call_user_func_array(Array, Array)\n#4 C:\\xampp\\htdocs\\sga_unap\\index.php(22): Bootstrap::run(Object(Request))\n#5 {main}',1,1),(43,'admin','2018-05-23 18:41:57','carga_academica(indexModel)','getCurriculaRowCount','Code :42S22 ;Message : SQLSTATE[42S22]: Column not found: 1054 Unknown column \'f.Row_Estado\' in \'order clause\' ;TraceAsString : #0 C:\\xampp\\htdocs\\sga_unap\\modules\\carga_academica\\models\\indexModel.php(761): PDOStatement->execute()\n#1 C:\\xampp\\htdocs\\sga_unap\\modules\\carga_academica\\controllers\\indexController.php(675): indexModel->getCurriculasRowCount(\' ORDER BY f.Row...\')\n#2 [internal function]: indexController->curriculas()\n#3 C:\\xampp\\htdocs\\sga_unap\\application\\Bootstrap.php(51): call_user_func_array(Array, Array)\n#4 C:\\xampp\\htdocs\\sga_unap\\index.php(22): Bootstrap::run(Object(Request))\n#5 {main}',1,1),(44,'admin','2018-05-23 18:51:34','carga_academica(indexModel)','getCurriculaRowCount','Code :42S22 ;Message : SQLSTATE[42S22]: Column not found: 1054 Unknown column \'f.Row_Estado\' in \'order clause\' ;TraceAsString : #0 C:\\xampp\\htdocs\\sga_unap\\modules\\carga_academica\\models\\indexModel.php(761): PDOStatement->execute()\n#1 C:\\xampp\\htdocs\\sga_unap\\modules\\carga_academica\\controllers\\indexController.php(675): indexModel->getCurriculasRowCount(\' ORDER BY f.Row...\')\n#2 [internal function]: indexController->curriculas()\n#3 C:\\xampp\\htdocs\\sga_unap\\application\\Bootstrap.php(51): call_user_func_array(Array, Array)\n#4 C:\\xampp\\htdocs\\sga_unap\\index.php(22): Bootstrap::run(Object(Request))\n#5 {main}',1,1),(45,'admin','2018-05-24 19:01:40','carga_academica(indexModel)','getCurriculaRowCount','Code :42S22 ;Message : SQLSTATE[42S22]: Column not found: 1054 Unknown column \'f.Row_Estado\' in \'order clause\' ;TraceAsString : #0 C:\\xampp\\htdocs\\sga_unap\\modules\\carga_academica\\models\\indexModel.php(586): PDOStatement->execute()\n#1 C:\\xampp\\htdocs\\sga_unap\\modules\\carga_academica\\controllers\\indexController.php(675): indexModel->getCurriculasRowCount(\' ORDER BY f.Row...\')\n#2 [internal function]: indexController->curriculas()\n#3 C:\\xampp\\htdocs\\sga_unap\\application\\Bootstrap.php(51): call_user_func_array(Array, Array)\n#4 C:\\xampp\\htdocs\\sga_unap\\index.php(22): Bootstrap::run(Object(Request))\n#5 {main}',1,1),(46,'admin','2018-05-24 19:02:41','carga_academica(indexModel)','getCurriculaRowCount','Code :42S22 ;Message : SQLSTATE[42S22]: Column not found: 1054 Unknown column \'f.Row_Estado\' in \'order clause\' ;TraceAsString : #0 C:\\xampp\\htdocs\\sga_unap\\modules\\carga_academica\\models\\indexModel.php(586): PDOStatement->execute()\n#1 C:\\xampp\\htdocs\\sga_unap\\modules\\carga_academica\\controllers\\indexController.php(675): indexModel->getCurriculasRowCount(\' ORDER BY f.Row...\')\n#2 [internal function]: indexController->curriculas()\n#3 C:\\xampp\\htdocs\\sga_unap\\application\\Bootstrap.php(51): call_user_func_array(Array, Array)\n#4 C:\\xampp\\htdocs\\sga_unap\\index.php(22): Bootstrap::run(Object(Request))\n#5 {main}',1,1),(47,'admin','2018-05-24 19:04:00','carga_academica(indexModel)','getCurriculaRowCount','Code :42S22 ;Message : SQLSTATE[42S22]: Column not found: 1054 Unknown column \'f.Row_Estado\' in \'order clause\' ;TraceAsString : #0 C:\\xampp\\htdocs\\sga_unap\\modules\\carga_academica\\models\\indexModel.php(586): PDOStatement->execute()\n#1 C:\\xampp\\htdocs\\sga_unap\\modules\\carga_academica\\controllers\\indexController.php(675): indexModel->getCurriculasRowCount(\' ORDER BY f.Row...\')\n#2 [internal function]: indexController->curriculas()\n#3 C:\\xampp\\htdocs\\sga_unap\\application\\Bootstrap.php(51): call_user_func_array(Array, Array)\n#4 C:\\xampp\\htdocs\\sga_unap\\index.php(22): Bootstrap::run(Object(Request))\n#5 {main}',1,1),(48,'admin','2018-05-24 19:06:00','carga_academica(indexModel)','insertarCurricula','Code :42000 ;Message : SQLSTATE[42000]: Syntax error or access violation: 1305 PROCEDURE sga_unap.s_i_curricula does not exist ;TraceAsString : #0 C:\\xampp\\htdocs\\sga_unap\\modules\\carga_academica\\models\\indexModel.php(636): PDOStatement->execute()\n#1 C:\\xampp\\htdocs\\sga_unap\\modules\\carga_academica\\controllers\\indexController.php(706): indexModel->insertarCurricula(\'CurriculaNueva\', \'Descripcion de ...\', \'56590665\', \'RR-2018-5694654...\', \'1\', 1, 1)\n#2 C:\\xampp\\htdocs\\sga_unap\\modules\\carga_academica\\controllers\\indexController.php(663): indexController->nueva_curricula()\n#3 [internal function]: indexController->curriculas()\n#4 C:\\xampp\\htdocs\\sga_unap\\application\\Bootstrap.php(51): call_user_func_array(Array, Array)\n#5 C:\\xampp\\htdocs\\sga_unap\\index.php(22): Bootstrap::run(Object(Request))\n#6 {main}',1,2),(49,'admin','2018-05-24 19:06:00','carga_academica(indexModel)','getCurriculaRowCount','Code :42S22 ;Message : SQLSTATE[42S22]: Column not found: 1054 Unknown column \'f.Row_Estado\' in \'order clause\' ;TraceAsString : #0 C:\\xampp\\htdocs\\sga_unap\\modules\\carga_academica\\models\\indexModel.php(586): PDOStatement->execute()\n#1 C:\\xampp\\htdocs\\sga_unap\\modules\\carga_academica\\controllers\\indexController.php(675): indexModel->getCurriculasRowCount(\' ORDER BY f.Row...\')\n#2 [internal function]: indexController->curriculas()\n#3 C:\\xampp\\htdocs\\sga_unap\\application\\Bootstrap.php(51): call_user_func_array(Array, Array)\n#4 C:\\xampp\\htdocs\\sga_unap\\index.php(22): Bootstrap::run(Object(Request))\n#5 {main}',1,1),(50,'admin','2018-05-24 19:14:19','carga_academica(indexModel)','insertarCurricula','Code :42000 ;Message : SQLSTATE[42000]: Syntax error or access violation: 1305 PROCEDURE sga_unap.s_i_curricula does not exist ;TraceAsString : #0 C:\\xampp\\htdocs\\sga_unap\\modules\\carga_academica\\models\\indexModel.php(636): PDOStatement->execute()\n#1 C:\\xampp\\htdocs\\sga_unap\\modules\\carga_academica\\controllers\\indexController.php(706): indexModel->insertarCurricula(\'CurriculaNueva\', \'Descripcion de ...\', \'56590665\', \'RR-2018-5694654...\', \'1\', 1, 1)\n#2 C:\\xampp\\htdocs\\sga_unap\\modules\\carga_academica\\controllers\\indexController.php(663): indexController->nueva_curricula()\n#3 [internal function]: indexController->curriculas()\n#4 C:\\xampp\\htdocs\\sga_unap\\application\\Bootstrap.php(51): call_user_func_array(Array, Array)\n#5 C:\\xampp\\htdocs\\sga_unap\\index.php(22): Bootstrap::run(Object(Request))\n#6 {main}',1,2),(51,'admin','2018-05-24 19:14:19','carga_academica(indexModel)','getCurriculaRowCount','Code :42S22 ;Message : SQLSTATE[42S22]: Column not found: 1054 Unknown column \'f.Row_Estado\' in \'order clause\' ;TraceAsString : #0 C:\\xampp\\htdocs\\sga_unap\\modules\\carga_academica\\models\\indexModel.php(586): PDOStatement->execute()\n#1 C:\\xampp\\htdocs\\sga_unap\\modules\\carga_academica\\controllers\\indexController.php(675): indexModel->getCurriculasRowCount(\' ORDER BY f.Row...\')\n#2 [internal function]: indexController->curriculas()\n#3 C:\\xampp\\htdocs\\sga_unap\\application\\Bootstrap.php(51): call_user_func_array(Array, Array)\n#4 C:\\xampp\\htdocs\\sga_unap\\index.php(22): Bootstrap::run(Object(Request))\n#5 {main}',1,1),(52,'admin','2018-05-25 00:15:17','carga_academica(indexModel)','getFacultadesRowCount','Code :42S22 ;Message : SQLSTATE[42S22]: Column not found: 1054 Unknown column \'Cui_Nombre\' in \'where clause\' ;TraceAsString : #0 C:\\xampp\\htdocs\\sga_unap\\modules\\carga_academica\\models\\indexModel.php(293): PDOStatement->execute()\n#1 C:\\xampp\\htdocs\\sga_unap\\modules\\carga_academica\\controllers\\indexController.php(773): indexModel->getFacultadesRowCount(\' WHERE Cui_Nomb...\')\n#2 [internal function]: indexController->_buscarCurricula()\n#3 C:\\xampp\\htdocs\\sga_unap\\application\\Bootstrap.php(51): call_user_func_array(Array, Array)\n#4 C:\\xampp\\htdocs\\sga_unap\\index.php(22): Bootstrap::run(Object(Request))\n#5 {main}',1,1),(53,'admin','2018-05-25 00:15:18','carga_academica(indexModel)','getFacultadesCondicion','Code :42S22 ;Message : SQLSTATE[42S22]: Column not found: 1054 Unknown column \'Cui_Nombre\' in \'where clause\' ;TraceAsString : #0 C:\\xampp\\htdocs\\sga_unap\\modules\\carga_academica\\models\\indexModel.php(383): PDO->query(\' SELECT f.* FRO...\')\n#1 C:\\xampp\\htdocs\\sga_unap\\modules\\carga_academica\\controllers\\indexController.php(778): indexModel->getFacultadesCondicion(0, 50, \' WHERE Cui_Nomb...\')\n#2 [internal function]: indexController->_buscarCurricula()\n#3 C:\\xampp\\htdocs\\sga_unap\\application\\Bootstrap.php(51): call_user_func_array(Array, Array)\n#4 C:\\xampp\\htdocs\\sga_unap\\index.php(22): Bootstrap::run(Object(Request))\n#5 {main}',1,1),(54,'admin','2018-05-25 00:37:47','carga_academica(indexModel)','getFacultadesCondicion','Code :42S22 ;Message : SQLSTATE[42S22]: Column not found: 1054 Unknown column \'Cui_Nombre\' in \'where clause\' ;TraceAsString : #0 C:\\xampp\\htdocs\\sga_unap\\modules\\carga_academica\\models\\indexModel.php(383): PDO->query(\' SELECT f.* FRO...\')\n#1 C:\\xampp\\htdocs\\sga_unap\\modules\\carga_academica\\controllers\\indexController.php(781): indexModel->getFacultadesCondicion(0, 50, \' WHERE Cui_Nomb...\')\n#2 [internal function]: indexController->_buscarCurriculas()\n#3 C:\\xampp\\htdocs\\sga_unap\\application\\Bootstrap.php(51): call_user_func_array(Array, Array)\n#4 C:\\xampp\\htdocs\\sga_unap\\index.php(22): Bootstrap::run(Object(Request))\n#5 {main}',1,1),(55,'admin','2018-05-25 00:57:19','carga_academica(indexModel)','getFacultadesCondicion','Code :42S22 ;Message : SQLSTATE[42S22]: Column not found: 1054 Unknown column \'c.Row_Estado\' in \'order clause\' ;TraceAsString : #0 C:\\xampp\\htdocs\\sga_unap\\modules\\carga_academica\\models\\indexModel.php(383): PDO->query(\' SELECT f.* FRO...\')\n#1 C:\\xampp\\htdocs\\sga_unap\\modules\\carga_academica\\controllers\\indexController.php(834): indexModel->getFacultadesCondicion(1, 3, \' ORDER BY c.Row...\')\n#2 [internal function]: indexController->_paginacion_listarCurriculas(\'nu\')\n#3 C:\\xampp\\htdocs\\sga_unap\\application\\Bootstrap.php(51): call_user_func_array(Array, Array)\n#4 C:\\xampp\\htdocs\\sga_unap\\index.php(22): Bootstrap::run(Object(Request))\n#5 {main}',1,1),(56,'admin','2018-05-25 00:57:31','carga_academica(indexModel)','getFacultadesCondicion','Code :42S22 ;Message : SQLSTATE[42S22]: Column not found: 1054 Unknown column \'c.Row_Estado\' in \'order clause\' ;TraceAsString : #0 C:\\xampp\\htdocs\\sga_unap\\modules\\carga_academica\\models\\indexModel.php(383): PDO->query(\' SELECT f.* FRO...\')\n#1 C:\\xampp\\htdocs\\sga_unap\\modules\\carga_academica\\controllers\\indexController.php(834): indexModel->getFacultadesCondicion(1, 2, \' ORDER BY c.Row...\')\n#2 [internal function]: indexController->_paginacion_listarCurriculas()\n#3 C:\\xampp\\htdocs\\sga_unap\\application\\Bootstrap.php(51): call_user_func_array(Array, Array)\n#4 C:\\xampp\\htdocs\\sga_unap\\index.php(22): Bootstrap::run(Object(Request))\n#5 {main}',1,1),(57,'admin','2018-05-25 01:28:39','carga_academica(indexModel)','getFacultadesCondicion','Code :42S22 ;Message : SQLSTATE[42S22]: Column not found: 1054 Unknown column \'c.Row_Estado\' in \'order clause\' ;TraceAsString : #0 C:\\xampp\\htdocs\\sga_unap\\modules\\carga_academica\\models\\indexModel.php(383): PDO->query(\' SELECT f.* FRO...\')\n#1 C:\\xampp\\htdocs\\sga_unap\\modules\\carga_academica\\controllers\\indexController.php(832): indexModel->getFacultadesCondicion(1, 3, \' ORDER BY c.Row...\')\n#2 [internal function]: indexController->_paginacion_listarCurriculas()\n#3 C:\\xampp\\htdocs\\sga_unap\\application\\Bootstrap.php(51): call_user_func_array(Array, Array)\n#4 C:\\xampp\\htdocs\\sga_unap\\index.php(22): Bootstrap::run(Object(Request))\n#5 {main}',1,1),(58,'admin','2018-05-25 01:32:26','carga_academica(indexModel)','getFacultadesCondicion','Code :42S22 ;Message : SQLSTATE[42S22]: Column not found: 1054 Unknown column \'c.Row_Estado\' in \'order clause\' ;TraceAsString : #0 C:\\xampp\\htdocs\\sga_unap\\modules\\carga_academica\\models\\indexModel.php(383): PDO->query(\' SELECT f.* FRO...\')\n#1 C:\\xampp\\htdocs\\sga_unap\\modules\\carga_academica\\controllers\\indexController.php(831): indexModel->getFacultadesCondicion(1, 3, \' ORDER BY c.Row...\')\n#2 [internal function]: indexController->_paginacion_listarCurriculas()\n#3 C:\\xampp\\htdocs\\sga_unap\\application\\Bootstrap.php(51): call_user_func_array(Array, Array)\n#4 C:\\xampp\\htdocs\\sga_unap\\index.php(22): Bootstrap::run(Object(Request))\n#5 {main}',1,1),(59,'admin','2018-05-25 09:57:09','carga_academica(indexModel)','getCurriculasCondicion','Code :42S22 ;Message : SQLSTATE[42S22]: Column not found: 1054 Unknown column \'f.Row_Estado\' in \'order clause\' ;TraceAsString : #0 C:\\xampp\\htdocs\\sga_unap\\modules\\carga_academica\\models\\indexModel.php(654): PDO->query(\'    SELECT c.*,...\')\n#1 C:\\xampp\\htdocs\\sga_unap\\modules\\carga_academica\\controllers\\indexController.php(185): indexModel->getCurriculasCondicion(1, 50, \' ORDER BY f.Row...\')\n#2 [internal function]: indexController->_cambiarEstadoFacultades()\n#3 C:\\xampp\\htdocs\\sga_unap\\application\\Bootstrap.php(51): call_user_func_array(Array, Array)\n#4 C:\\xampp\\htdocs\\sga_unap\\index.php(22): Bootstrap::run(Object(Request))\n#5 {main}',1,1),(60,'admin','2018-05-25 12:41:23','carga_academica(indexModel)','eliminarHabilitarRol','Code :42000 ;Message : SQLSTATE[42000]: Syntax error or access violation: 1305 PROCEDURE sga_unap.s_u_habilitar_deshabilitar_facultad does not exist ;TraceAsString : #0 C:\\xampp\\htdocs\\sga_unap\\modules\\carga_academica\\models\\indexModel.php(484): PDOStatement->execute()\n#1 C:\\xampp\\htdocs\\sga_unap\\modules\\carga_academica\\controllers\\indexController.php(364): indexModel->eliminarHabilitarFacultad(15, 0)\n#2 [internal function]: indexController->_eliminarFacultades()\n#3 C:\\xampp\\htdocs\\sga_unap\\application\\Bootstrap.php(51): call_user_func_array(Array, Array)\n#4 C:\\xampp\\htdocs\\sga_unap\\index.php(22): Bootstrap::run(Object(Request))\n#5 {main}',1,2),(61,'admin','2018-05-25 23:57:53','carga_academica(indexModel)','cambiarEstadoCiclo','Code :42000 ;Message : SQLSTATE[42000]: Syntax error or access violation: 1305 PROCEDURE sga_unap.s_u_cambiar_estado_ciclo does not exist ;TraceAsString : #0 C:\\xampp\\htdocs\\sga_unap\\modules\\carga_academica\\models\\indexModel.php(801): PDOStatement->execute()\n#1 C:\\xampp\\htdocs\\sga_unap\\modules\\carga_academica\\controllers\\indexController.php(1205): indexModel->cambiarEstadoCiclo(4, false)\n#2 [internal function]: indexController->_cambiarEstadoCiclos()\n#3 C:\\xampp\\htdocs\\sga_unap\\application\\Bootstrap.php(51): call_user_func_array(Array, Array)\n#4 C:\\xampp\\htdocs\\sga_unap\\index.php(22): Bootstrap::run(Object(Request))\n#5 {main}',1,2),(62,'admin','2018-05-25 23:57:56','carga_academica(indexModel)','cambiarEstadoCiclo','Code :42000 ;Message : SQLSTATE[42000]: Syntax error or access violation: 1305 PROCEDURE sga_unap.s_u_cambiar_estado_ciclo does not exist ;TraceAsString : #0 C:\\xampp\\htdocs\\sga_unap\\modules\\carga_academica\\models\\indexModel.php(801): PDOStatement->execute()\n#1 C:\\xampp\\htdocs\\sga_unap\\modules\\carga_academica\\controllers\\indexController.php(1205): indexModel->cambiarEstadoCiclo(4, false)\n#2 [internal function]: indexController->_cambiarEstadoCiclos()\n#3 C:\\xampp\\htdocs\\sga_unap\\application\\Bootstrap.php(51): call_user_func_array(Array, Array)\n#4 C:\\xampp\\htdocs\\sga_unap\\index.php(22): Bootstrap::run(Object(Request))\n#5 {main}',1,2),(63,'admin','2018-05-25 23:58:52','carga_academica(indexModel)','cambiarEstadoCiclo','Code :42000 ;Message : SQLSTATE[42000]: Syntax error or access violation: 1305 PROCEDURE sga_unap.s_u_cambiar_estado_ciclo does not exist ;TraceAsString : #0 C:\\xampp\\htdocs\\sga_unap\\modules\\carga_academica\\models\\indexModel.php(801): PDOStatement->execute()\n#1 C:\\xampp\\htdocs\\sga_unap\\modules\\carga_academica\\controllers\\indexController.php(1205): indexModel->cambiarEstadoCiclo(4, false)\n#2 [internal function]: indexController->_cambiarEstadoCiclos()\n#3 C:\\xampp\\htdocs\\sga_unap\\application\\Bootstrap.php(51): call_user_func_array(Array, Array)\n#4 C:\\xampp\\htdocs\\sga_unap\\index.php(22): Bootstrap::run(Object(Request))\n#5 {main}',1,2),(64,'admin','2018-05-25 23:58:53','carga_academica(indexModel)','cambiarEstadoCiclo','Code :42000 ;Message : SQLSTATE[42000]: Syntax error or access violation: 1305 PROCEDURE sga_unap.s_u_cambiar_estado_ciclo does not exist ;TraceAsString : #0 C:\\xampp\\htdocs\\sga_unap\\modules\\carga_academica\\models\\indexModel.php(801): PDOStatement->execute()\n#1 C:\\xampp\\htdocs\\sga_unap\\modules\\carga_academica\\controllers\\indexController.php(1205): indexModel->cambiarEstadoCiclo(4, false)\n#2 [internal function]: indexController->_cambiarEstadoCiclos()\n#3 C:\\xampp\\htdocs\\sga_unap\\application\\Bootstrap.php(51): call_user_func_array(Array, Array)\n#4 C:\\xampp\\htdocs\\sga_unap\\index.php(22): Bootstrap::run(Object(Request))\n#5 {main}',1,2),(65,'admin','2018-05-25 23:58:55','carga_academica(indexModel)','cambiarEstadoCiclo','Code :42000 ;Message : SQLSTATE[42000]: Syntax error or access violation: 1305 PROCEDURE sga_unap.s_u_cambiar_estado_ciclo does not exist ;TraceAsString : #0 C:\\xampp\\htdocs\\sga_unap\\modules\\carga_academica\\models\\indexModel.php(801): PDOStatement->execute()\n#1 C:\\xampp\\htdocs\\sga_unap\\modules\\carga_academica\\controllers\\indexController.php(1205): indexModel->cambiarEstadoCiclo(4, false)\n#2 [internal function]: indexController->_cambiarEstadoCiclos()\n#3 C:\\xampp\\htdocs\\sga_unap\\application\\Bootstrap.php(51): call_user_func_array(Array, Array)\n#4 C:\\xampp\\htdocs\\sga_unap\\index.php(22): Bootstrap::run(Object(Request))\n#5 {main}',1,2),(66,'admin','2018-05-26 00:00:32','carga_academica(indexModel)','cambiarEstadoCiclo','Code :42000 ;Message : SQLSTATE[42000]: Syntax error or access violation: 1305 PROCEDURE sga_unap.s_u_cambiar_estado_ciclo does not exist ;TraceAsString : #0 C:\\xampp\\htdocs\\sga_unap\\modules\\carga_academica\\models\\indexModel.php(801): PDOStatement->execute()\n#1 C:\\xampp\\htdocs\\sga_unap\\modules\\carga_academica\\controllers\\indexController.php(1205): indexModel->cambiarEstadoCiclo(4, false)\n#2 [internal function]: indexController->_cambiarEstadoCiclos()\n#3 C:\\xampp\\htdocs\\sga_unap\\application\\Bootstrap.php(51): call_user_func_array(Array, Array)\n#4 C:\\xampp\\htdocs\\sga_unap\\index.php(22): Bootstrap::run(Object(Request))\n#5 {main}',1,2),(67,'admin','2018-05-26 00:00:34','carga_academica(indexModel)','cambiarEstadoCiclo','Code :42000 ;Message : SQLSTATE[42000]: Syntax error or access violation: 1305 PROCEDURE sga_unap.s_u_cambiar_estado_ciclo does not exist ;TraceAsString : #0 C:\\xampp\\htdocs\\sga_unap\\modules\\carga_academica\\models\\indexModel.php(801): PDOStatement->execute()\n#1 C:\\xampp\\htdocs\\sga_unap\\modules\\carga_academica\\controllers\\indexController.php(1205): indexModel->cambiarEstadoCiclo(4, false)\n#2 [internal function]: indexController->_cambiarEstadoCiclos()\n#3 C:\\xampp\\htdocs\\sga_unap\\application\\Bootstrap.php(51): call_user_func_array(Array, Array)\n#4 C:\\xampp\\htdocs\\sga_unap\\index.php(22): Bootstrap::run(Object(Request))\n#5 {main}',1,2),(68,'admin','2018-05-26 00:23:25','carga_academica(indexModel)','cambiarEstadoCiclo','Code :42000 ;Message : SQLSTATE[42000]: Syntax error or access violation: 1305 PROCEDURE sga_unap.s_u_cambiar_estado_ciclo does not exist ;TraceAsString : #0 C:\\xampp\\htdocs\\sga_unap\\modules\\carga_academica\\models\\indexModel.php(801): PDOStatement->execute()\n#1 C:\\xampp\\htdocs\\sga_unap\\modules\\carga_academica\\controllers\\indexController.php(1205): indexModel->cambiarEstadoCiclo(4, false)\n#2 [internal function]: indexController->_cambiarEstadoCiclos()\n#3 C:\\xampp\\htdocs\\sga_unap\\application\\Bootstrap.php(51): call_user_func_array(Array, Array)\n#4 C:\\xampp\\htdocs\\sga_unap\\index.php(22): Bootstrap::run(Object(Request))\n#5 {main}',1,2),(69,'admin','2018-05-26 00:23:28','carga_academica(indexModel)','cambiarEstadoCiclo','Code :42000 ;Message : SQLSTATE[42000]: Syntax error or access violation: 1305 PROCEDURE sga_unap.s_u_cambiar_estado_ciclo does not exist ;TraceAsString : #0 C:\\xampp\\htdocs\\sga_unap\\modules\\carga_academica\\models\\indexModel.php(801): PDOStatement->execute()\n#1 C:\\xampp\\htdocs\\sga_unap\\modules\\carga_academica\\controllers\\indexController.php(1205): indexModel->cambiarEstadoCiclo(4, false)\n#2 [internal function]: indexController->_cambiarEstadoCiclos()\n#3 C:\\xampp\\htdocs\\sga_unap\\application\\Bootstrap.php(51): call_user_func_array(Array, Array)\n#4 C:\\xampp\\htdocs\\sga_unap\\index.php(22): Bootstrap::run(Object(Request))\n#5 {main}',1,2),(70,'admin','2018-05-26 00:25:51','carga_academica(indexModel)','cambiarEstadoCiclo','Code :42000 ;Message : SQLSTATE[42000]: Syntax error or access violation: 1305 PROCEDURE sga_unap.s_u_cambiar_estado_ciclo does not exist ;TraceAsString : #0 C:\\xampp\\htdocs\\sga_unap\\modules\\carga_academica\\models\\indexModel.php(801): PDOStatement->execute()\n#1 C:\\xampp\\htdocs\\sga_unap\\modules\\carga_academica\\controllers\\indexController.php(1205): indexModel->cambiarEstadoCiclo(4, false)\n#2 [internal function]: indexController->_cambiarEstadoCiclos()\n#3 C:\\xampp\\htdocs\\sga_unap\\application\\Bootstrap.php(51): call_user_func_array(Array, Array)\n#4 C:\\xampp\\htdocs\\sga_unap\\index.php(22): Bootstrap::run(Object(Request))\n#5 {main}',1,2),(71,'admin','2018-05-26 00:25:52','carga_academica(indexModel)','cambiarEstadoCiclo','Code :42000 ;Message : SQLSTATE[42000]: Syntax error or access violation: 1305 PROCEDURE sga_unap.s_u_cambiar_estado_ciclo does not exist ;TraceAsString : #0 C:\\xampp\\htdocs\\sga_unap\\modules\\carga_academica\\models\\indexModel.php(801): PDOStatement->execute()\n#1 C:\\xampp\\htdocs\\sga_unap\\modules\\carga_academica\\controllers\\indexController.php(1205): indexModel->cambiarEstadoCiclo(4, false)\n#2 [internal function]: indexController->_cambiarEstadoCiclos()\n#3 C:\\xampp\\htdocs\\sga_unap\\application\\Bootstrap.php(51): call_user_func_array(Array, Array)\n#4 C:\\xampp\\htdocs\\sga_unap\\index.php(22): Bootstrap::run(Object(Request))\n#5 {main}',1,2),(72,'admin','2018-05-26 00:25:57','carga_academica(indexModel)','cambiarEstadoCiclo','Code :42000 ;Message : SQLSTATE[42000]: Syntax error or access violation: 1305 PROCEDURE sga_unap.s_u_cambiar_estado_ciclo does not exist ;TraceAsString : #0 C:\\xampp\\htdocs\\sga_unap\\modules\\carga_academica\\models\\indexModel.php(810): PDOStatement->execute()\n#1 C:\\xampp\\htdocs\\sga_unap\\modules\\carga_academica\\controllers\\indexController.php(1205): indexModel->cambiarEstadoCiclo(4, 1)\n#2 [internal function]: indexController->_cambiarEstadoCiclos()\n#3 C:\\xampp\\htdocs\\sga_unap\\application\\Bootstrap.php(51): call_user_func_array(Array, Array)\n#4 C:\\xampp\\htdocs\\sga_unap\\index.php(22): Bootstrap::run(Object(Request))\n#5 {main}',1,2),(73,'admin','2018-05-26 00:56:39','carga_academica(indexModel)','cambiarEstadoCiclo','Code :42000 ;Message : SQLSTATE[42000]: Syntax error or access violation: 1305 PROCEDURE sga_unap.s_u_cambiar_estado_ciclo does not exist ;TraceAsString : #0 C:\\xampp\\htdocs\\sga_unap\\modules\\carga_academica\\models\\indexModel.php(810): PDOStatement->execute()\n#1 C:\\xampp\\htdocs\\sga_unap\\modules\\carga_academica\\controllers\\indexController.php(1205): indexModel->cambiarEstadoCiclo(4, 1)\n#2 [internal function]: indexController->_cambiarEstadoCiclos()\n#3 C:\\xampp\\htdocs\\sga_unap\\application\\Bootstrap.php(51): call_user_func_array(Array, Array)\n#4 C:\\xampp\\htdocs\\sga_unap\\index.php(22): Bootstrap::run(Object(Request))\n#5 {main}',1,2),(74,'admin','2018-05-26 00:56:45','carga_academica(indexModel)','cambiarEstadoCiclo','Code :42000 ;Message : SQLSTATE[42000]: Syntax error or access violation: 1305 PROCEDURE sga_unap.s_u_cambiar_estado_ciclo does not exist ;TraceAsString : #0 C:\\xampp\\htdocs\\sga_unap\\modules\\carga_academica\\models\\indexModel.php(810): PDOStatement->execute()\n#1 C:\\xampp\\htdocs\\sga_unap\\modules\\carga_academica\\controllers\\indexController.php(1205): indexModel->cambiarEstadoCiclo(4, 1)\n#2 [internal function]: indexController->_cambiarEstadoCiclos()\n#3 C:\\xampp\\htdocs\\sga_unap\\application\\Bootstrap.php(51): call_user_func_array(Array, Array)\n#4 C:\\xampp\\htdocs\\sga_unap\\index.php(22): Bootstrap::run(Object(Request))\n#5 {main}',1,2),(75,'admin','2018-05-26 09:12:44','carga_academica(indexModel)','cambiarEstadoCiclo','Code :42000 ;Message : SQLSTATE[42000]: Syntax error or access violation: 1305 PROCEDURE sga_unap.s_u_cambiar_estado_ciclo does not exist ;TraceAsString : #0 C:\\xampp\\htdocs\\sga_unap\\modules\\carga_academica\\models\\indexModel.php(810): PDOStatement->execute()\n#1 C:\\xampp\\htdocs\\sga_unap\\modules\\carga_academica\\controllers\\indexController.php(1205): indexModel->cambiarEstadoCiclo(4, 1)\n#2 [internal function]: indexController->_cambiarEstadoCiclos()\n#3 C:\\xampp\\htdocs\\sga_unap\\application\\Bootstrap.php(51): call_user_func_array(Array, Array)\n#4 C:\\xampp\\htdocs\\sga_unap\\index.php(22): Bootstrap::run(Object(Request))\n#5 {main}',1,2),(76,'admin','2018-05-26 09:25:20','carga_academica(indexModel)','cambiarEstadoCiclo','Code :42000 ;Message : SQLSTATE[42000]: Syntax error or access violation: 1305 PROCEDURE sga_unap.s_u_cambiar_estado_ciclo does not exist ;TraceAsString : #0 C:\\xampp\\htdocs\\sga_unap\\modules\\carga_academica\\models\\indexModel.php(810): PDOStatement->execute()\n#1 C:\\xampp\\htdocs\\sga_unap\\modules\\carga_academica\\controllers\\indexController.php(1207): indexModel->cambiarEstadoCiclo(4, 1)\n#2 [internal function]: indexController->_cambiarEstadoCiclos()\n#3 C:\\xampp\\htdocs\\sga_unap\\application\\Bootstrap.php(51): call_user_func_array(Array, Array)\n#4 C:\\xampp\\htdocs\\sga_unap\\index.php(22): Bootstrap::run(Object(Request))\n#5 {main}',1,2),(77,'admin','2018-05-26 09:44:17','carga_academica(indexModel)','cambiarEstadoCiclo','Code :42000 ;Message : SQLSTATE[42000]: Syntax error or access violation: 1305 PROCEDURE sga_unap.s_u_cambiar_estado_ciclo does not exist ;TraceAsString : #0 C:\\xampp\\htdocs\\sga_unap\\modules\\carga_academica\\models\\indexModel.php(810): PDOStatement->execute()\n#1 C:\\xampp\\htdocs\\sga_unap\\modules\\carga_academica\\controllers\\indexController.php(1207): indexModel->cambiarEstadoCiclo(4, 1)\n#2 [internal function]: indexController->_cambiarEstadoCiclos()\n#3 C:\\xampp\\htdocs\\sga_unap\\application\\Bootstrap.php(51): call_user_func_array(Array, Array)\n#4 C:\\xampp\\htdocs\\sga_unap\\index.php(22): Bootstrap::run(Object(Request))\n#5 {main}',1,2),(78,'admin','2018-05-26 09:48:12','carga_academica(indexModel)','cambiarEstadoCiclo','Code :42000 ;Message : SQLSTATE[42000]: Syntax error or access violation: 1305 PROCEDURE sga_unap.s_u_cambiar_estado_ciclo does not exist ;TraceAsString : #0 C:\\xampp\\htdocs\\sga_unap\\modules\\carga_academica\\models\\indexModel.php(810): PDOStatement->execute()\n#1 C:\\xampp\\htdocs\\sga_unap\\modules\\carga_academica\\controllers\\indexController.php(1207): indexModel->cambiarEstadoCiclo(4, 1)\n#2 [internal function]: indexController->_cambiarEstadoCiclos()\n#3 C:\\xampp\\htdocs\\sga_unap\\application\\Bootstrap.php(51): call_user_func_array(Array, Array)\n#4 C:\\xampp\\htdocs\\sga_unap\\index.php(22): Bootstrap::run(Object(Request))\n#5 {main}',1,2),(79,'admin','2018-05-26 09:55:42','carga_academica(indexModel)','cambiarEstadoCiclo','Code :42000 ;Message : SQLSTATE[42000]: Syntax error or access violation: 1305 PROCEDURE sga_unap.s_u_cambiar_estado_ciclo does not exist ;TraceAsString : #0 C:\\xampp\\htdocs\\sga_unap\\modules\\carga_academica\\models\\indexModel.php(810): PDOStatement->execute()\n#1 C:\\xampp\\htdocs\\sga_unap\\modules\\carga_academica\\controllers\\indexController.php(1209): indexModel->cambiarEstadoCiclo(4, 1)\n#2 [internal function]: indexController->_cambiarEstadoCiclos()\n#3 C:\\xampp\\htdocs\\sga_unap\\application\\Bootstrap.php(51): call_user_func_array(Array, Array)\n#4 C:\\xampp\\htdocs\\sga_unap\\index.php(22): Bootstrap::run(Object(Request))\n#5 {main}',1,2),(80,'admin','2018-05-26 09:57:54','carga_academica(indexModel)','cambiarEstadoCiclo','Code :42000 ;Message : SQLSTATE[42000]: Syntax error or access violation: 1305 PROCEDURE sga_unap.s_u_cambiar_estado_ciclo does not exist ;TraceAsString : #0 C:\\xampp\\htdocs\\sga_unap\\modules\\carga_academica\\models\\indexModel.php(810): PDOStatement->execute()\n#1 C:\\xampp\\htdocs\\sga_unap\\modules\\carga_academica\\controllers\\indexController.php(1209): indexModel->cambiarEstadoCiclo(4, 1)\n#2 [internal function]: indexController->_cambiarEstadoCiclos()\n#3 C:\\xampp\\htdocs\\sga_unap\\application\\Bootstrap.php(51): call_user_func_array(Array, Array)\n#4 C:\\xampp\\htdocs\\sga_unap\\index.php(22): Bootstrap::run(Object(Request))\n#5 {main}',1,2),(81,'admin','2018-05-26 17:35:07','carga_academica(indexModel)','getHorariosRowCount','Code :42S22 ;Message : SQLSTATE[42S22]: Column not found: 1054 Unknown column \'h.Row_Estado\' in \'order clause\' ;TraceAsString : #0 C:\\xampp\\htdocs\\sga_unap\\modules\\carga_academica\\models\\indexModel.php(847): PDOStatement->execute()\n#1 C:\\xampp\\htdocs\\sga_unap\\modules\\carga_academica\\controllers\\indexController.php(1414): indexModel->getHorariosRowCount(\' ORDER BY h.Row...\')\n#2 [internal function]: indexController->horarios()\n#3 C:\\xampp\\htdocs\\sga_unap\\application\\Bootstrap.php(51): call_user_func_array(Array, Array)\n#4 C:\\xampp\\htdocs\\sga_unap\\index.php(22): Bootstrap::run(Object(Request))\n#5 {main}',1,1),(82,'admin','2018-05-26 17:35:07','carga_academica(indexModel)','getHorariosPaginado','Code :42S22 ;Message : SQLSTATE[42S22]: Column not found: 1054 Unknown column \'Row_Estado\' in \'order clause\' ;TraceAsString : #0 C:\\xampp\\htdocs\\sga_unap\\modules\\carga_academica\\models\\indexModel.php(865): PDOStatement->execute()\n#1 C:\\xampp\\htdocs\\sga_unap\\modules\\carga_academica\\controllers\\indexController.php(1419): indexModel->getHorariosPaginado(0, 50, 0)\n#2 [internal function]: indexController->horarios()\n#3 C:\\xampp\\htdocs\\sga_unap\\application\\Bootstrap.php(51): call_user_func_array(Array, Array)\n#4 C:\\xampp\\htdocs\\sga_unap\\index.php(22): Bootstrap::run(Object(Request))\n#5 {main}',1,1);

/*Table structure for table `busqueda` */

DROP TABLE IF EXISTS `busqueda`;

CREATE TABLE `busqueda` (
  `Bus_IdBusqueda` int(11) NOT NULL AUTO_INCREMENT,
  `Bus_Palabra` varchar(255) NOT NULL,
  `Bus_IpUsuario` varchar(25) NOT NULL,
  `Bus_Fecha` varchar(25) NOT NULL,
  `Bus_Estado` tinyint(1) NOT NULL,
  PRIMARY KEY (`Bus_IdBusqueda`)
) ENGINE=InnoDB DEFAULT CHARSET=utf8;

/*Data for the table `busqueda` */

/*Table structure for table `carga_academica` */

DROP TABLE IF EXISTS `carga_academica`;

CREATE TABLE `carga_academica` (
  `Caa_IdCargaAcademica` int(11) NOT NULL AUTO_INCREMENT,
  `Caa_Grupo` int(11) DEFAULT NULL,
  `Caa_Tipo` varchar(20) DEFAULT NULL,
  `Caa_Vacantes` int(11) DEFAULT NULL,
  `Cur_IdCurso` int(11) NOT NULL,
  `Sem_IdSemestre` int(11) DEFAULT NULL,
  `Usr_IdUsuarioRol` int(11) DEFAULT NULL,
  `Caa_Estado` tinyint(1) DEFAULT NULL,
  `Row_Estado` tinyint(1) DEFAULT NULL,
  PRIMARY KEY (`Caa_IdCargaAcademica`),
  KEY `fk_carga_academica_curso_idx` (`Cur_IdCurso`),
  KEY `FK_carga_academica_semestre` (`Sem_IdSemestre`),
  KEY `FK_carga_academica_usuario_rol` (`Usr_IdUsuarioRol`),
  CONSTRAINT `FK_carga_academica_curso` FOREIGN KEY (`Cur_IdCurso`) REFERENCES `curso` (`Cur_IdCurso`),
  CONSTRAINT `FK_carga_academica_semestre` FOREIGN KEY (`Sem_IdSemestre`) REFERENCES `semestre` (`Sem_IdSemestre`),
  CONSTRAINT `FK_carga_academica_usuario_rol` FOREIGN KEY (`Usr_IdUsuarioRol`) REFERENCES `usuario_rol` (`Usr_IdUsuarioRol`)
) ENGINE=InnoDB DEFAULT CHARSET=utf8;

/*Data for the table `carga_academica` */

/*Table structure for table `carga_academica_horario` */

DROP TABLE IF EXISTS `carga_academica_horario`;

CREATE TABLE `carga_academica_horario` (
  `Caa_IdCargaAcademica` int(11) NOT NULL,
  `Hor_IdHorario` int(11) NOT NULL,
  KEY `FK_carga_academica_horario_carga` (`Caa_IdCargaAcademica`),
  KEY `FK_carga_academica_horario_horario` (`Hor_IdHorario`),
  CONSTRAINT `FK_carga_academica_horario_carga` FOREIGN KEY (`Caa_IdCargaAcademica`) REFERENCES `carga_academica` (`Caa_IdCargaAcademica`),
  CONSTRAINT `FK_carga_academica_horario_horario` FOREIGN KEY (`Hor_IdHorario`) REFERENCES `horario` (`Hor_IdHorario`)
) ENGINE=InnoDB DEFAULT CHARSET=utf8;

/*Data for the table `carga_academica_horario` */

/*Table structure for table `ciclo` */

DROP TABLE IF EXISTS `ciclo`;

CREATE TABLE `ciclo` (
  `Cic_IdCiclo` int(11) NOT NULL AUTO_INCREMENT,
  `Cic_Nombre` varchar(150) NOT NULL,
  `Cic_Numero` int(11) NOT NULL,
  `Cic_Estado` tinyint(1) DEFAULT NULL,
  `Row_Estado` tinyint(1) DEFAULT NULL,
  PRIMARY KEY (`Cic_IdCiclo`)
) ENGINE=InnoDB AUTO_INCREMENT=5 DEFAULT CHARSET=utf8;

/*Data for the table `ciclo` */

insert  into `ciclo`(Cic_IdCiclo,Cic_Nombre,Cic_Numero,Cic_Estado,Row_Estado) values (1,'Primer Ciclo',1,1,1),(2,'Segundo Ciclo',2,1,1),(3,'Tercer Ciclo',3,1,1),(4,'Cuarto Ciclo',4,1,1);

/*Table structure for table `ciclo_curricula` */

DROP TABLE IF EXISTS `ciclo_curricula`;

CREATE TABLE `ciclo_curricula` (
  `Ciu_IdCicloCurricula` int(11) NOT NULL AUTO_INCREMENT,
  `Cic_IdCiclo` int(11) NOT NULL,
  `Cui_IdCurricula` int(11) NOT NULL,
  `Ciu_Estado` tinyint(1) DEFAULT NULL,
  PRIMARY KEY (`Ciu_IdCicloCurricula`),
  KEY `FK_ciclo_curricula_ciclo` (`Cic_IdCiclo`),
  KEY `FK_ciclo_curricula_curricula` (`Cui_IdCurricula`),
  CONSTRAINT `FK_ciclo_curricula_ciclo` FOREIGN KEY (`Cic_IdCiclo`) REFERENCES `ciclo` (`Cic_IdCiclo`),
  CONSTRAINT `FK_ciclo_curricula_curricula` FOREIGN KEY (`Cui_IdCurricula`) REFERENCES `curricula` (`Cui_IdCurricula`),
  CONSTRAINT `FK_ciclo_curricula_curso` FOREIGN KEY (`Ciu_IdCicloCurricula`) REFERENCES `curso` (`Ciu_IdCicloCurricula`)
) ENGINE=InnoDB DEFAULT CHARSET=utf8;

/*Data for the table `ciclo_curricula` */

/*Table structure for table `competencias` */

DROP TABLE IF EXISTS `competencias`;

CREATE TABLE `competencias` (
  `Com_IdCompetencias` int(11) NOT NULL AUTO_INCREMENT,
  `Com_Descripcion` varchar(45) DEFAULT NULL,
  `Sil_IdSilabo` int(11) NOT NULL,
  PRIMARY KEY (`Com_IdCompetencias`),
  KEY `fk_competencia_silabo_idx` (`Sil_IdSilabo`),
  CONSTRAINT `fk_competencia_silabo` FOREIGN KEY (`Sil_IdSilabo`) REFERENCES `silabo` (`Sil_IdSilabo`) ON DELETE NO ACTION ON UPDATE NO ACTION
) ENGINE=InnoDB DEFAULT CHARSET=utf8;

/*Data for the table `competencias` */

/*Table structure for table `contenido_traducido` */

DROP TABLE IF EXISTS `contenido_traducido`;

CREATE TABLE `contenido_traducido` (
  `Cot_IdContenidoTraducido` int(11) NOT NULL AUTO_INCREMENT,
  `Cot_Tabla` varchar(100) NOT NULL,
  `Cot_IdRegistro` int(11) NOT NULL,
  `Cot_Columna` varchar(100) NOT NULL,
  `Idi_IdIdioma` char(5) NOT NULL,
  `Cot_Traduccion` longtext NOT NULL,
  PRIMARY KEY (`Cot_IdContenidoTraducido`),
  KEY `FK_contenido_traducido` (`Idi_IdIdioma`),
  CONSTRAINT `FK_contenido_traducido` FOREIGN KEY (`Idi_IdIdioma`) REFERENCES `idioma` (`Idi_IdIdioma`)
) ENGINE=InnoDB DEFAULT CHARSET=utf8;

/*Data for the table `contenido_traducido` */

/*Table structure for table `curricula` */

DROP TABLE IF EXISTS `curricula`;

CREATE TABLE `curricula` (
  `Cui_IdCurricula` int(11) NOT NULL AUTO_INCREMENT,
  `Cui_Nombre` varchar(250) DEFAULT NULL,
  `Cui_Descripcion` longtext,
  `Cui_Codigo` varchar(50) DEFAULT NULL,
  `Cui_Resolucion` varchar(250) DEFAULT NULL,
  `Esc_IdEscuela` int(11) DEFAULT NULL,
  `Cui_Estado` tinyint(1) DEFAULT NULL,
  `Row_Estado` tinyint(1) DEFAULT NULL,
  PRIMARY KEY (`Cui_IdCurricula`),
  KEY `FK_curricula_escuela` (`Esc_IdEscuela`),
  CONSTRAINT `FK_curricula_escuela` FOREIGN KEY (`Esc_IdEscuela`) REFERENCES `escuela` (`Esc_IdEscuela`)
) ENGINE=InnoDB AUTO_INCREMENT=4 DEFAULT CHARSET=utf8;

/*Data for the table `curricula` */

insert  into `curricula`(Cui_IdCurricula,Cui_Nombre,Cui_Descripcion,Cui_Codigo,Cui_Resolucion,Esc_IdEscuela,Cui_Estado,Row_Estado) values (1,'Plan de Estudio de la Escuela Profesional de Ingeniería de Sistemas e Informatica',NULL,'123456','RCU-123456-2011-CU-UNAP',9,1,1),(2,'Plan de Estudio de la Escuela Profesional de Ingeniería de Sistemas e Informatica',NULL,'211','RCU-211-2107-CU-UNAP',9,1,1),(3,'Plan de Estudio de la Escuela de Ingenieria en Gestion Ambiental',NULL,'246','RCU-246-2017',6,1,1);

/*Table structure for table `curso` */

DROP TABLE IF EXISTS `curso`;

CREATE TABLE `curso` (
  `Cur_IdCurso` int(11) NOT NULL AUTO_INCREMENT,
  `Cur_Nombre` varchar(250) DEFAULT NULL,
  `Cur_Codigo` varchar(250) DEFAULT NULL,
  `Cur_Creditos` int(11) DEFAULT NULL,
  `Cur_HorasTeoria` int(11) DEFAULT NULL,
  `Cur_HorasPractica` int(11) DEFAULT NULL,
  `Cur_Semanas` int(11) DEFAULT NULL,
  `Cur_Ciclo` int(11) DEFAULT NULL,
  `Cur_Tipo` varchar(100) NOT NULL,
  `Ciu_IdCicloCurricula` int(11) DEFAULT NULL,
  `Cur_Estado` int(1) NOT NULL,
  `Row_Estado` int(1) DEFAULT NULL,
  PRIMARY KEY (`Cur_IdCurso`),
  KEY `fk_curso_curricula` (`Ciu_IdCicloCurricula`) USING BTREE
) ENGINE=InnoDB AUTO_INCREMENT=13 DEFAULT CHARSET=utf8;

/*Data for the table `curso` */

insert  into `curso`(Cur_IdCurso,Cur_Nombre,Cur_Codigo,Cur_Creditos,Cur_HorasTeoria,Cur_HorasPractica,Cur_Semanas,Cur_Ciclo,Cur_Tipo,Ciu_IdCicloCurricula,Cur_Estado,Row_Estado) values (1,'Evolucion de la Cultura Amazonica','2822',3,2,2,16,1,'Obligatorio',1,1,1),(2,'Recursos Naturales','2823',3,2,2,16,1,'Obligatorio',1,1,1),(3,'Introduccion ala Economia','2824',3,2,2,16,1,'Obligatorio',1,1,1),(6,'Lenguaje','2825',2,1,3,16,1,'Obligatorio',1,1,1),(7,'Teoria del Diseño de Base de Datos','2847',5,3,4,16,5,'Obligatorio',1,1,1),(8,'Electrónica Digital','2843',5,3,4,16,5,'Obligatorio',1,1,1),(9,'Basquetbol','9040',1,5,2,16,1,'Obligatorio',1,1,1),(10,'Introducción a la Investigación Científica','2827',2,1,3,16,1,'Obligatorio',1,1,1),(11,'Marketing','1001',5,3,4,16,4,'Obligatorio',1,1,1),(12,'Seminario de Tesis','2872',2,1,3,16,9,'Obligatorio',1,1,1);

/*Table structure for table `curso_requisito` */

DROP TABLE IF EXISTS `curso_requisito`;

CREATE TABLE `curso_requisito` (
  `Cue_IdPrincipal` int(11) DEFAULT NULL,
  `Cue_IdRequisito` int(11) DEFAULT NULL
) ENGINE=InnoDB DEFAULT CHARSET=utf8;

/*Data for the table `curso_requisito` */

/*Table structure for table `documentos_relacionados` */

DROP TABLE IF EXISTS `documentos_relacionados`;

CREATE TABLE `documentos_relacionados` (
  `Dor_IdDocumentoRelacionado` int(11) NOT NULL AUTO_INCREMENT,
  `Smp_IdSubMenuPrincipal` int(11) NOT NULL,
  `Dub_IdDublinCore` int(11) NOT NULL,
  `Dor_DocumentoRelacionado` int(11) NOT NULL,
  `Dor_Estado` tinyint(1) NOT NULL,
  `Pai_IdPais` int(11) NOT NULL,
  PRIMARY KEY (`Dor_IdDocumentoRelacionado`),
  KEY `FK_documentos_relacionados` (`Smp_IdSubMenuPrincipal`),
  KEY `FK_documentos_relacionados_pais` (`Pai_IdPais`),
  KEY `FK_documentos_relacionados_dublin` (`Dub_IdDublinCore`),
  KEY `FK_documentos_relacionados_` (`Dor_DocumentoRelacionado`),
  CONSTRAINT `FK_documentos_relacionados_dub` FOREIGN KEY (`Dub_IdDublinCore`) REFERENCES `dublincore` (`Dub_IdDublinCore`),
  CONSTRAINT `FK_documentos_relacionados_pais` FOREIGN KEY (`Pai_IdPais`) REFERENCES `pais` (`Pai_IdPais`)
) ENGINE=InnoDB AUTO_INCREMENT=1414 DEFAULT CHARSET=utf8;

/*Data for the table `documentos_relacionados` */

insert  into `documentos_relacionados`(Dor_IdDocumentoRelacionado,Smp_IdSubMenuPrincipal,Dub_IdDublinCore,Dor_DocumentoRelacionado,Dor_Estado,Pai_IdPais) values (5,0,5,0,0,1),(26,0,19,0,0,1),(27,0,19,0,0,2),(28,0,19,0,0,3),(29,0,19,0,0,4),(30,0,19,0,0,5),(31,0,19,0,0,6),(32,0,19,0,0,7),(33,0,19,0,0,8),(34,0,20,0,0,1),(35,0,21,0,0,1),(36,0,22,0,0,6),(37,0,23,0,0,6),(38,0,24,0,0,6),(39,0,25,0,0,6),(40,0,26,0,0,6),(44,0,30,0,0,1),(45,0,31,0,0,1),(48,0,34,0,0,1),(52,0,38,0,0,2),(58,0,44,0,0,7),(65,0,51,0,0,5),(66,0,52,0,0,6),(67,0,53,0,0,4),(68,0,54,0,0,6),(70,0,56,0,0,2),(71,0,57,0,0,2),(72,0,58,0,0,2),(75,0,61,0,0,2),(76,0,62,0,0,2),(99,0,69,0,0,1),(100,0,69,0,0,2),(101,0,69,0,0,3),(102,0,69,0,0,4),(103,0,69,0,0,5),(104,0,69,0,0,6),(105,0,69,0,0,7),(106,0,69,0,0,8),(115,0,71,0,0,1),(116,0,71,0,0,2),(117,0,71,0,0,3),(118,0,71,0,0,4),(119,0,71,0,0,5),(120,0,71,0,0,6),(121,0,71,0,0,7),(122,0,71,0,0,8),(123,0,72,0,0,1),(124,0,72,0,0,2),(125,0,72,0,0,3),(126,0,72,0,0,4),(127,0,72,0,0,5),(128,0,72,0,0,6),(129,0,72,0,0,7),(130,0,72,0,0,8),(131,0,73,0,0,6),(132,0,74,0,0,6),(133,0,75,0,0,6),(145,0,79,0,0,2),(146,0,80,0,0,2),(147,0,80,0,0,6),(148,0,81,0,0,2),(159,0,85,0,0,1),(160,0,85,0,0,2),(161,0,85,0,0,6),(165,0,87,0,0,2),(169,0,89,0,0,1),(170,0,89,0,0,2),(171,0,89,0,0,6),(178,0,92,0,0,1),(179,0,92,0,0,2),(180,0,92,0,0,6),(181,0,93,0,0,1),(182,0,93,0,0,2),(183,0,93,0,0,6),(187,0,95,0,0,1),(188,0,95,0,0,2),(189,0,95,0,0,6),(313,0,116,0,0,1),(315,0,117,0,0,3),(322,0,118,0,0,3),(328,0,124,0,0,4),(335,0,113,0,0,6),(341,0,128,0,0,2),(434,0,99,0,0,1),(435,0,99,0,0,2),(436,0,99,0,0,3),(437,0,99,0,0,4),(438,0,99,0,0,5),(439,0,99,0,0,6),(440,0,99,0,0,7),(441,0,99,0,0,8),(450,0,100,0,0,1),(451,0,100,0,0,2),(452,0,100,0,0,3),(453,0,100,0,0,4),(454,0,100,0,0,5),(455,0,100,0,0,6),(456,0,100,0,0,7),(457,0,100,0,0,8),(458,0,102,0,0,1),(459,0,102,0,0,2),(460,0,102,0,0,3),(461,0,102,0,0,4),(462,0,102,0,0,5),(463,0,102,0,0,6),(464,0,102,0,0,7),(465,0,102,0,0,8),(466,0,105,0,0,1),(467,0,105,0,0,2),(468,0,105,0,0,3),(469,0,105,0,0,4),(470,0,105,0,0,5),(471,0,105,0,0,6),(472,0,105,0,0,7),(473,0,105,0,0,8),(474,0,112,0,0,1),(475,0,112,0,0,2),(476,0,112,0,0,3),(477,0,112,0,0,4),(478,0,112,0,0,5),(479,0,112,0,0,6),(480,0,112,0,0,7),(481,0,112,0,0,8),(490,0,106,0,0,1),(491,0,106,0,0,2),(492,0,106,0,0,3),(493,0,106,0,0,4),(494,0,106,0,0,5),(495,0,106,0,0,6),(496,0,106,0,0,7),(497,0,106,0,0,8),(499,0,6,0,0,6),(527,0,7,0,0,6),(528,0,8,0,0,6),(529,0,9,0,0,6),(531,0,10,0,0,1),(532,0,10,0,0,2),(533,0,10,0,0,3),(534,0,10,0,0,4),(535,0,10,0,0,5),(536,0,10,0,0,6),(537,0,10,0,0,7),(538,0,10,0,0,8),(542,0,94,0,0,1),(543,0,94,0,0,2),(544,0,94,0,0,3),(545,0,94,0,0,4),(546,0,94,0,0,5),(547,0,94,0,0,6),(548,0,94,0,0,7),(556,0,132,0,0,1),(557,0,132,0,0,2),(558,0,132,0,0,3),(559,0,132,0,0,4),(560,0,132,0,0,5),(561,0,132,0,0,6),(562,0,132,0,0,7),(579,0,147,0,0,1),(580,0,147,0,0,2),(581,0,147,0,0,3),(582,0,147,0,0,4),(583,0,147,0,0,5),(584,0,147,0,0,6),(585,0,147,0,0,7),(586,0,147,0,0,8),(587,0,139,0,0,1),(588,0,139,0,0,2),(589,0,139,0,0,3),(590,0,139,0,0,4),(591,0,139,0,0,5),(592,0,139,0,0,6),(593,0,139,0,0,7),(594,0,139,0,0,8),(612,0,16,0,0,1),(613,0,16,0,0,2),(614,0,16,0,0,3),(615,0,16,0,0,4),(616,0,16,0,0,5),(617,0,16,0,0,6),(618,0,16,0,0,7),(619,0,16,0,0,8),(620,0,17,0,0,1),(621,0,17,0,0,2),(622,0,17,0,0,3),(623,0,17,0,0,4),(624,0,17,0,0,5),(625,0,17,0,0,6),(626,0,17,0,0,7),(627,0,17,0,0,8),(628,0,15,0,0,1),(629,0,15,0,0,2),(630,0,15,0,0,3),(631,0,15,0,0,4),(632,0,15,0,0,5),(633,0,15,0,0,6),(634,0,15,0,0,7),(635,0,15,0,0,8),(636,0,157,0,0,1),(637,0,157,0,0,2),(638,0,157,0,0,3),(639,0,157,0,0,4),(640,0,157,0,0,5),(641,0,157,0,0,6),(642,0,157,0,0,7),(643,0,157,0,0,8),(646,0,158,0,0,1),(647,0,159,0,0,1),(670,0,45,0,0,1),(671,0,45,0,0,2),(672,0,45,0,0,6),(673,0,41,0,0,1),(674,0,41,0,0,2),(675,0,41,0,0,6),(676,0,162,0,0,1),(677,0,162,0,0,2),(678,0,162,0,0,6),(682,0,161,0,0,1),(683,0,161,0,0,2),(684,0,161,0,0,6),(691,0,40,0,0,1),(692,0,40,0,0,2),(693,0,40,0,0,6),(697,0,46,0,0,1),(698,0,46,0,0,2),(699,0,46,0,0,6),(700,0,39,0,0,1),(701,0,39,0,0,2),(702,0,39,0,0,6),(703,0,65,0,0,2),(704,0,66,0,0,2),(705,0,67,0,0,2),(706,0,163,0,0,2),(707,0,164,0,0,2),(708,0,165,0,0,2),(710,0,167,0,0,3),(711,0,86,0,0,1),(712,0,86,0,0,2),(713,0,86,0,0,6),(714,0,35,0,0,1),(715,0,37,0,0,1),(724,0,60,0,0,2),(725,0,63,0,0,3),(726,0,64,0,0,3),(728,0,91,0,0,6),(729,0,97,0,0,5),(731,0,32,0,0,1),(732,0,36,0,0,1),(733,0,96,0,0,5),(734,0,59,0,0,2),(760,0,131,0,0,2),(761,0,127,0,0,6),(770,0,126,0,0,6),(771,0,114,0,0,1),(772,0,115,0,0,1),(773,0,119,0,0,3),(774,0,120,0,0,4),(775,0,121,0,0,4),(776,0,122,0,0,4),(777,0,123,0,0,4),(778,0,125,0,0,5),(779,0,129,0,0,2),(780,0,130,0,0,2),(789,0,171,0,0,1),(790,0,171,0,0,2),(791,0,171,0,0,3),(792,0,171,0,0,4),(793,0,171,0,0,5),(794,0,171,0,0,6),(795,0,171,0,0,7),(796,0,171,0,0,8),(805,0,55,0,0,1),(806,0,55,0,0,2),(807,0,55,0,0,3),(808,0,55,0,0,4),(809,0,55,0,0,5),(810,0,55,0,0,6),(811,0,55,0,0,7),(812,0,55,0,0,8),(814,0,48,0,0,4),(815,0,49,0,0,4),(816,0,1,0,0,2),(817,0,2,0,0,1),(818,0,3,0,0,1),(819,0,168,0,0,1),(820,0,168,0,0,2),(821,0,168,0,0,3),(822,0,168,0,0,4),(823,0,168,0,0,5),(824,0,168,0,0,6),(825,0,168,0,0,7),(826,0,168,0,0,8),(827,0,169,0,0,1),(828,0,169,0,0,2),(829,0,169,0,0,3),(830,0,169,0,0,4),(831,0,169,0,0,5),(832,0,169,0,0,6),(833,0,169,0,0,7),(834,0,169,0,0,8),(835,0,170,0,0,1),(836,0,170,0,0,2),(837,0,170,0,0,3),(838,0,170,0,0,4),(839,0,170,0,0,5),(840,0,170,0,0,6),(841,0,170,0,0,7),(842,0,170,0,0,8),(867,0,84,0,0,1),(868,0,84,0,0,2),(869,0,84,0,0,3),(870,0,84,0,0,4),(871,0,84,0,0,5),(872,0,84,0,0,6),(873,0,84,0,0,7),(874,0,84,0,0,8),(885,0,172,0,0,2),(886,0,172,0,0,1),(889,0,156,0,0,1),(890,0,156,0,0,2),(891,0,156,0,0,3),(892,0,156,0,0,4),(893,0,156,0,0,5),(894,0,156,0,0,6),(895,0,156,0,0,7),(896,0,156,0,0,8),(897,0,155,0,0,1),(898,0,155,0,0,2),(899,0,78,0,0,2),(900,0,78,0,0,6),(901,0,77,0,0,1),(902,0,77,0,0,2),(903,0,76,0,0,2),(904,0,76,0,0,1),(913,0,173,0,0,1),(914,0,173,0,0,2),(915,0,173,0,0,3),(916,0,173,0,0,4),(917,0,173,0,0,5),(918,0,173,0,0,6),(919,0,173,0,0,7),(920,0,173,0,0,8),(922,0,166,0,0,3),(923,0,174,0,0,2),(924,0,175,0,0,2),(925,0,176,0,0,2),(926,0,177,0,0,2),(927,0,178,0,0,6),(928,0,179,0,0,6),(929,0,180,0,0,6),(931,0,83,0,0,2),(932,0,82,0,0,2),(933,0,181,0,0,2),(934,0,182,0,0,2),(935,0,183,0,0,2),(936,0,184,0,0,2),(937,0,185,0,0,6),(938,0,186,0,0,6),(939,0,27,0,0,6),(941,0,187,0,0,3),(942,0,188,0,0,3),(943,0,189,0,0,3),(946,0,192,0,0,3),(947,0,193,0,0,4),(948,0,194,0,0,4),(949,0,195,0,0,1),(950,0,195,0,0,3),(951,0,195,0,0,4),(952,0,195,0,0,5),(953,0,195,0,0,6),(954,0,195,0,0,7),(955,0,195,0,0,8),(959,0,197,0,0,1),(960,0,197,0,0,3),(961,0,197,0,0,4),(962,0,197,0,0,5),(963,0,197,0,0,6),(964,0,197,0,0,7),(965,0,197,0,0,8),(966,0,198,0,0,1),(967,0,198,0,0,3),(968,0,198,0,0,4),(969,0,198,0,0,5),(970,0,198,0,0,6),(971,0,198,0,0,7),(972,0,198,0,0,8),(973,0,199,0,0,1),(974,0,199,0,0,3),(975,0,199,0,0,4),(976,0,199,0,0,5),(977,0,199,0,0,6),(978,0,199,0,0,7),(979,0,199,0,0,8),(980,0,200,0,0,1),(981,0,200,0,0,3),(982,0,200,0,0,4),(983,0,200,0,0,5),(984,0,200,0,0,6),(985,0,200,0,0,7),(986,0,200,0,0,8),(987,0,201,0,0,1),(991,0,206,0,0,4),(992,0,207,0,0,4),(993,0,208,0,0,2),(994,0,209,0,0,2),(995,0,210,0,0,2),(996,0,211,0,0,6),(997,0,211,0,0,2),(998,0,211,0,0,1),(999,0,212,0,0,2),(1000,0,213,0,0,2),(1001,0,214,0,0,2),(1002,0,215,0,0,2),(1003,0,216,0,0,2),(1004,0,217,0,0,2),(1005,0,218,0,0,2),(1006,0,219,0,0,2),(1007,0,220,0,0,2),(1008,0,221,0,0,4),(1009,0,222,0,0,1),(1010,0,223,0,0,1),(1011,0,224,0,0,1),(1012,0,225,0,0,2),(1013,0,226,0,0,2),(1014,0,227,0,0,2),(1015,0,228,0,0,2),(1016,0,229,0,0,2),(1017,0,230,0,0,2),(1018,0,231,0,0,6),(1019,0,232,0,0,1),(1020,0,232,0,0,3),(1021,0,232,0,0,4),(1022,0,232,0,0,5),(1023,0,232,0,0,6),(1024,0,232,0,0,7),(1025,0,232,0,0,8),(1026,0,233,0,0,1),(1027,0,233,0,0,2),(1028,0,233,0,0,3),(1029,0,233,0,0,4),(1030,0,233,0,0,5),(1031,0,233,0,0,6),(1032,0,233,0,0,7),(1033,0,233,0,0,8),(1034,0,234,0,0,5),(1035,0,235,0,0,5),(1036,0,236,0,0,5),(1037,0,237,0,0,1),(1038,0,237,0,0,2),(1039,0,237,0,0,3),(1040,0,237,0,0,4),(1041,0,237,0,0,5),(1042,0,237,0,0,6),(1043,0,237,0,0,7),(1044,0,237,0,0,8),(1045,0,238,0,0,5),(1046,0,239,0,0,2),(1047,0,240,0,0,1),(1048,0,240,0,0,2),(1049,0,240,0,0,3),(1050,0,240,0,0,4),(1051,0,240,0,0,5),(1052,0,240,0,0,6),(1053,0,240,0,0,7),(1054,0,240,0,0,8),(1055,0,241,0,0,2),(1056,0,242,0,0,1),(1057,0,242,0,0,2),(1058,0,242,0,0,3),(1059,0,242,0,0,4),(1060,0,242,0,0,5),(1061,0,242,0,0,6),(1062,0,242,0,0,7),(1063,0,242,0,0,8),(1064,0,243,0,0,3),(1065,0,244,0,0,7),(1066,0,245,0,0,7),(1067,0,246,0,0,7),(1068,0,247,0,0,1),(1069,0,247,0,0,2),(1070,0,247,0,0,3),(1071,0,247,0,0,4),(1072,0,247,0,0,5),(1073,0,247,0,0,6),(1074,0,247,0,0,7),(1075,0,247,0,0,8),(1078,0,250,0,0,1),(1079,0,250,0,0,2),(1080,0,250,0,0,3),(1081,0,250,0,0,4),(1082,0,250,0,0,5),(1083,0,250,0,0,6),(1084,0,250,0,0,7),(1085,0,250,0,0,8),(1086,0,251,0,0,2),(1087,0,252,0,0,1),(1088,0,252,0,0,2),(1089,0,252,0,0,3),(1090,0,252,0,0,4),(1091,0,252,0,0,5),(1092,0,252,0,0,6),(1093,0,252,0,0,7),(1094,0,252,0,0,8),(1095,0,253,0,0,2),(1096,0,254,0,0,2),(1097,0,255,0,0,2),(1098,0,256,0,0,2),(1099,0,257,0,0,2),(1100,0,258,0,0,2),(1101,0,259,0,0,2),(1102,0,260,0,0,2),(1103,0,261,0,0,2),(1104,0,262,0,0,2),(1105,0,263,0,0,1),(1106,0,263,0,0,2),(1107,0,263,0,0,3),(1108,0,263,0,0,4),(1109,0,263,0,0,5),(1110,0,263,0,0,6),(1111,0,263,0,0,7),(1112,0,263,0,0,8),(1113,0,264,0,0,2),(1114,0,265,0,0,2),(1115,0,266,0,0,2),(1116,0,267,0,0,2),(1117,0,268,0,0,2),(1118,0,269,0,0,2),(1119,0,270,0,0,2),(1120,0,271,0,0,2),(1121,0,272,0,0,2),(1122,0,273,0,0,2),(1123,0,274,0,0,4),(1124,0,275,0,0,2),(1125,0,276,0,0,2),(1126,0,277,0,0,2),(1127,0,278,0,0,2),(1128,0,279,0,0,2),(1129,0,280,0,0,2),(1130,0,281,0,0,4),(1131,0,282,0,0,5),(1132,0,283,0,0,5),(1133,0,284,0,0,5),(1134,0,285,0,0,5),(1135,0,286,0,0,6),(1136,0,287,0,0,6),(1137,0,288,0,0,2),(1138,0,289,0,0,2),(1139,0,289,0,0,1),(1140,0,289,0,0,6),(1141,0,290,0,0,6),(1142,0,291,0,0,2),(1143,0,291,0,0,1),(1144,0,291,0,0,6),(1145,0,292,0,0,2),(1146,0,292,0,0,1),(1147,0,292,0,0,6),(1148,0,293,0,0,2),(1149,0,294,0,0,1),(1150,0,294,0,0,3),(1151,0,294,0,0,4),(1152,0,294,0,0,5),(1153,0,294,0,0,6),(1154,0,294,0,0,7),(1155,0,294,0,0,8),(1156,0,295,0,0,1),(1157,0,295,0,0,3),(1158,0,295,0,0,4),(1159,0,295,0,0,5),(1160,0,295,0,0,6),(1161,0,295,0,0,7),(1162,0,295,0,0,8),(1163,0,296,0,0,1),(1164,0,296,0,0,3),(1165,0,296,0,0,4),(1166,0,296,0,0,5),(1167,0,296,0,0,6),(1168,0,296,0,0,7),(1169,0,296,0,0,8),(1170,0,297,0,0,3),(1171,0,298,0,0,1),(1172,0,298,0,0,3),(1173,0,298,0,0,4),(1174,0,298,0,0,5),(1175,0,298,0,0,6),(1176,0,298,0,0,7),(1177,0,298,0,0,8),(1178,0,299,0,0,1),(1179,0,299,0,0,3),(1180,0,299,0,0,4),(1181,0,299,0,0,5),(1182,0,299,0,0,6),(1183,0,299,0,0,7),(1184,0,299,0,0,8),(1185,0,300,0,0,2),(1186,0,301,0,0,1),(1187,0,301,0,0,3),(1188,0,301,0,0,4),(1189,0,301,0,0,5),(1190,0,301,0,0,6),(1191,0,301,0,0,7),(1192,0,301,0,0,8),(1193,0,302,0,0,6),(1194,0,303,0,0,2),(1195,0,304,0,0,6),(1196,0,305,0,0,2),(1197,0,306,0,0,2),(1198,0,307,0,0,2),(1199,0,309,0,0,2),(1200,0,310,0,0,2),(1201,0,311,0,0,2),(1202,0,312,0,0,2),(1203,0,313,0,0,2),(1204,0,314,0,0,2),(1205,0,315,0,0,2),(1206,0,316,0,0,2),(1207,0,316,0,0,1),(1208,0,316,0,0,6),(1209,0,317,0,0,2),(1210,0,317,0,0,1),(1211,0,317,0,0,6),(1212,0,318,0,0,2),(1213,0,318,0,0,1),(1214,0,318,0,0,6),(1215,0,319,0,0,2),(1216,0,319,0,0,1),(1217,0,319,0,0,6),(1218,0,320,0,0,2),(1219,0,320,0,0,1),(1220,0,320,0,0,6),(1221,0,321,0,0,2),(1222,0,321,0,0,1),(1223,0,321,0,0,6),(1224,0,322,0,0,2),(1225,0,322,0,0,1),(1226,0,322,0,0,6),(1227,0,323,0,0,2),(1228,0,323,0,0,1),(1229,0,323,0,0,6),(1230,0,324,0,0,1),(1231,0,324,0,0,2),(1232,0,324,0,0,3),(1233,0,324,0,0,4),(1234,0,324,0,0,5),(1235,0,324,0,0,6),(1236,0,324,0,0,7),(1237,0,324,0,0,8),(1238,0,325,0,0,2),(1239,0,326,0,0,2),(1240,0,327,0,0,1),(1241,0,327,0,0,2),(1242,0,327,0,0,3),(1243,0,327,0,0,4),(1244,0,327,0,0,5),(1245,0,327,0,0,6),(1246,0,327,0,0,7),(1247,0,327,0,0,8),(1248,0,328,0,0,2),(1249,0,329,0,0,1),(1250,0,329,0,0,2),(1251,0,329,0,0,3),(1252,0,329,0,0,4),(1253,0,329,0,0,5),(1254,0,329,0,0,6),(1255,0,329,0,0,7),(1256,0,329,0,0,8),(1257,0,330,0,0,1),(1258,0,330,0,0,2),(1259,0,330,0,0,3),(1260,0,330,0,0,4),(1261,0,330,0,0,5),(1262,0,330,0,0,6),(1263,0,330,0,0,7),(1264,0,330,0,0,8),(1265,0,331,0,0,1),(1266,0,331,0,0,2),(1267,0,331,0,0,3),(1268,0,331,0,0,4),(1269,0,331,0,0,5),(1270,0,331,0,0,6),(1271,0,331,0,0,7),(1272,0,331,0,0,8),(1273,0,332,0,0,2),(1274,0,333,0,0,2),(1275,0,334,0,0,2),(1276,0,335,0,0,2),(1277,0,336,0,0,1),(1278,0,336,0,0,2),(1279,0,336,0,0,3),(1280,0,336,0,0,4),(1281,0,336,0,0,5),(1282,0,336,0,0,6),(1283,0,336,0,0,7),(1284,0,336,0,0,8),(1285,0,337,0,0,1),(1286,0,337,0,0,2),(1287,0,337,0,0,3),(1288,0,337,0,0,4),(1289,0,337,0,0,5),(1290,0,337,0,0,6),(1291,0,337,0,0,7),(1292,0,337,0,0,8),(1293,0,338,0,0,2),(1294,0,339,0,0,1),(1295,0,339,0,0,2),(1296,0,339,0,0,3),(1297,0,339,0,0,4),(1298,0,339,0,0,5),(1299,0,339,0,0,6),(1300,0,339,0,0,7),(1301,0,339,0,0,8),(1302,0,340,0,0,2),(1303,0,341,0,0,2),(1304,0,342,0,0,2),(1305,0,343,0,0,2),(1307,0,345,0,0,1),(1308,0,346,0,0,1),(1309,0,347,0,0,1),(1310,0,348,0,0,1),(1311,0,349,0,0,1),(1312,0,350,0,0,1),(1313,0,351,0,0,1),(1314,0,352,0,0,1),(1315,0,353,0,0,1),(1316,0,354,0,0,1),(1317,0,355,0,0,1),(1318,0,356,0,0,2),(1332,0,359,0,0,1),(1333,0,359,0,0,2),(1334,0,359,0,0,3),(1335,0,359,0,0,4),(1336,0,359,0,0,5),(1337,0,359,0,0,6),(1338,0,359,0,0,7),(1347,0,361,0,0,1),(1348,0,361,0,0,2),(1349,0,361,0,0,3),(1350,0,361,0,0,4),(1351,0,361,0,0,5),(1352,0,361,0,0,6),(1353,0,361,0,0,7),(1354,0,361,0,0,8),(1357,0,364,0,0,1),(1358,0,365,0,0,6),(1359,0,366,0,0,2),(1360,0,367,0,0,7),(1361,0,368,0,0,7),(1362,0,369,0,0,4),(1369,0,376,0,0,4),(1370,0,377,0,0,4),(1371,0,378,0,0,4),(1372,0,379,0,0,4),(1374,0,381,0,0,4),(1375,0,382,0,0,4),(1380,0,387,0,0,5),(1381,0,388,0,0,4),(1382,0,389,0,0,4),(1387,0,385,0,0,6),(1388,0,386,0,0,1),(1389,0,384,0,0,4),(1390,0,383,0,0,3),(1393,0,390,0,0,8),(1394,0,391,0,0,8),(1395,0,392,0,0,7),(1396,0,393,0,0,5),(1397,0,394,0,0,1),(1398,0,395,0,0,1),(1400,0,397,0,0,2),(1411,0,396,0,0,6),(1412,0,398,0,0,2),(1413,0,399,0,0,6);

/*Table structure for table `dublincore` */

DROP TABLE IF EXISTS `dublincore`;

CREATE TABLE `dublincore` (
  `Dub_IdDublinCore` int(11) NOT NULL AUTO_INCREMENT,
  `Dub_Titulo` varchar(500) DEFAULT NULL,
  `Dub_Descripcion` varchar(700) DEFAULT NULL,
  `Dub_Editor` varchar(100) DEFAULT NULL,
  `Dub_Colaborador` varchar(100) DEFAULT NULL,
  `Dub_FechaDocumento` varchar(100) DEFAULT NULL,
  `Dub_Formato` varchar(45) DEFAULT NULL,
  `Dub_Identificador` varchar(100) DEFAULT NULL,
  `Dub_Fuente` varchar(100) DEFAULT NULL,
  `Dub_Idioma` varchar(100) DEFAULT NULL,
  `Dub_Relacion` varchar(100) DEFAULT NULL,
  `Dub_Cobertura` varchar(100) DEFAULT NULL,
  `Dub_Derechos` varchar(100) DEFAULT NULL,
  `Dub_PalabraClave` varchar(250) DEFAULT NULL,
  `Dub_Estado` tinyint(5) DEFAULT NULL,
  `Tid_IdTipoDublin` int(11) DEFAULT NULL,
  `Arf_IdArchivoFisico` int(11) DEFAULT NULL,
  `Idi_IdIdioma` char(11) DEFAULT NULL,
  `Ted_IdTemaDublin` int(11) DEFAULT NULL,
  `Usu_IdUsuario` int(11) DEFAULT NULL,
  `Rec_IdRecurso` int(11) DEFAULT NULL,
  PRIMARY KEY (`Dub_IdDublinCore`),
  KEY `fk_Dublincore_Tipo_Dublin1_idx` (`Tid_IdTipoDublin`),
  KEY `fk_Dublincore_Archivo_Fisico1_idx` (`Arf_IdArchivoFisico`),
  KEY `FK_dublincore_idi` (`Idi_IdIdioma`),
  KEY `FK_dublincore_tema_dublin` (`Ted_IdTemaDublin`),
  KEY `FK_dublincore_rec` (`Rec_IdRecurso`),
  FULLTEXT KEY `Dub_Titulo` (`Dub_Titulo`,`Dub_Descripcion`,`Dub_PalabraClave`),
  FULLTEXT KEY `Dub_Titulo_2` (`Dub_Titulo`,`Dub_Descripcion`,`Dub_PalabraClave`),
  CONSTRAINT `FK_dublincore_arf` FOREIGN KEY (`Arf_IdArchivoFisico`) REFERENCES `archivo_fisico` (`Arf_IdArchivoFisico`),
  CONSTRAINT `FK_dublincore_rec` FOREIGN KEY (`Rec_IdRecurso`) REFERENCES `recurso` (`Rec_IdRecurso`),
  CONSTRAINT `FK_dublincore_ted` FOREIGN KEY (`Ted_IdTemaDublin`) REFERENCES `tema_dublin` (`Ted_IdTemaDublin`),
  CONSTRAINT `FK_dublincore_tid` FOREIGN KEY (`Tid_IdTipoDublin`) REFERENCES `tipo_dublin` (`Tid_IdTipoDublin`)
) ENGINE=InnoDB AUTO_INCREMENT=400 DEFAULT CHARSET=utf8;

/*Data for the table `dublincore` */

insert  into `dublincore`(Dub_IdDublinCore,Dub_Titulo,Dub_Descripcion,Dub_Editor,Dub_Colaborador,Dub_FechaDocumento,Dub_Formato,Dub_Identificador,Dub_Fuente,Dub_Idioma,Dub_Relacion,Dub_Cobertura,Dub_Derechos,Dub_PalabraClave,Dub_Estado,Tid_IdTipoDublin,Arf_IdArchivoFisico,Idi_IdIdioma,Ted_IdTemaDublin,Usu_IdUsuario,Rec_IdRecurso) values (1,'ACTO Integrated Information System (IIS)','Proposed Architecture - Specification Document','','','08/11/2013','1','','OTCA/GEF/PNUMA','Inglés','','','','Sistema de Información, SII, Gestión  de Recursos Hídricos, siigef',1,9,1,'es',8,NULL,5),(2,'Terms of Reference of the Technical Design and Implement of tha IIS Project','Este documento contiene los requerimientos para la implementación del SII - OTCA GEF Amazonas','','','08/11/2013','1','','OTCA/GEF/PNUMA','Inglés','','','','Sistema de Información, SII, Gestión de Recursos Hídricos, siigef',1,9,2,'es',8,NULL,5),(3,'Cuestionario Preliminar sobre Requerimientos para el Sistema Integrado de Información (SII)','Este documento contiene Información referente adatos sobre Recursos hídricos disponibles en los paise miembros de la OTCA','','','08/11/2013','1','','OTCA/GEF/PNUMA','Español','','','','Sistema de Información, SII, Gestión de Recursos Hídricos, siigef',1,9,3,'es',8,NULL,5),(5,'OUTPUT 1: Strategic Plan for Activity implementation, including detailed methodology of work and the detailed index of the final report','Este documento contiene el plan estrategico para desarrollar la actividad III.3.2-A, incluye la medodologia detallada y el indice del informe final','','','','pdf','','OTCA/GEF/PNUMA','Inglés','','','','Calidad de Agua, Contaminación, Base geográfica, Gestión de recursos hídricos, Sistema de Informaciónn',1,3,5,'es',8,NULL,5),(6,'Analisis de las Normas Peruanas sobre Recursos Hídricos - Informe Final','Este documento presenta una introducción al sistema jurídico peruano, analiza las normas peruana sobre manejo de los recursos hídricos, se revisan competencias en materia de ambiente y recursos hídricos, la legislación sobre recursos hídricos a nivel nacional y subnacional, perspectivas sectoriales sobre las actividades económicas, permisos ambientales, EIA, minería, contaminación, pesquerías amazónicas y los actores involucrados en la problemática de la gestión del recurso hídrico.','','','01/02/2014','1','','OTCA/GEF/PNUMA','Español','','Amazonía Peruana','OTCA/Proyecto GEF Amazonas','Legislación, Gestión de Recursos Hídricos, peru, normas',1,3,6,'es',2,NULL,5),(7,'Introducción al Sistema Jurídico peruano','Presenta una descripción breve del sistema jurídico peruano','','','04/08/2013','2','','OTCA/GEF/PNUMA','Español','','Amazonía Peruana','','Legislación, Gestión de Recursos Hídricos, peru, normas',1,3,7,'es',2,NULL,5),(8,'Matriz de Marco Legal Aplicable  sobre los Recursos Hídricos, la Biodiversidad y el Cambio Climático de Perú','Base de datos de la Legislación peruana sobre Recursos Hídricos, la Biodiversidad y el Cambio Climático de Perú. Inventario de datos de la legislación sobre los recursos hídricos, la biodiversidad y el cambio climático e Inventario de instrumentos jurídico internacional aplicable a los países de la cuenca','','','04/08/2013','3','','OTCA/GEF/PNUMA','Español','','Amazonía Peruana','OTCA/Proyecto GEF Amazonas','Legislación, Gestión de Recursos Hídricos, peru, normas',1,3,8,'es',2,NULL,5),(9,'Presentación del Informe Final: Análisis de la Legislación Peruana para el Manejo Integrado de Recursos Hídiricos Transfronterizos en la Cuenca del Amazonas Considerando la Variabilidad y el Cambio Climático','Presentación en power point del Informe Final de Consultoría','','','04/08/2013','4','','OTCA/GEF/PNUMA','Español','','Amazonía Peruana','OTCA/Proyecto GEF Amazonas','Legislación, Gestión de Recursos Hídricos, Peru, legislación peruana. leyes',1,9,9,'es',2,NULL,5),(10,'Cuadro de Legislación Aplicable sobre los Recursos Hídricos, la Biodiversidad y el Cambio Climático','Base de datos de la Legislación Aplicable sobre los Recursos Hídricos, la Biodiversidad y el Cambio Climático de los 8 Países de la Cuenca amazónica .','','','04/08/2013','1','','OTCA/GEF/PNUMA','Inglés, Portugués, Español','','Amazonia Continental','OTCA/Proyecto GEF Amazonas','Legislación, Gestión de Recursos Hídricos, cuadro comparativo, marco legal',1,9,10,'es',2,NULL,5),(15,'Producto II y III: Atlas de Vulnerabilidad Hidroclimática de la Cuenca Amazónica (Escala 1:1,000,000)','Este documento contiene Plan Estratégico (Equipo de trabajo, Metodología, propuesta de Índice de Informe Final y Cronograma) para la ejecución del proyecto. Informe de Avance','','','30/05/2014','1','','CIIFEN','Español','','Amazonia Continental','','Atlas de Vulnerabilidad, Vulnerabilidad Climática, Vulnerabilidad Hidroclimática, Alerta Temprana',1,3,15,'es',4,NULL,5),(16,'Producto 1: Atlas de Vulnerabilidad Hidroclimática de la Cuenca Amazónica (Escala 1:1,000,000)','Este documento contiene Plan Estratégico (Equipo de trabajo, Metodología, propuesta de Índice de Informe Final y Cronograma) para la ejecución del proyecto. Informe de Avance','','Daniel Pabón Caicedo, Fanny Friend Montesdeoca, Diana Espinoza Ramírez, Cinthya García Arias','29/08/2013','1','','CIIFEN','Español','','Amazonia Continental','OTCA/Proyecto GEF Amazonas','Atlas de Vulnerabilidad, Vulnerabilidad Climática, Vulnerabilidad Hidroclimática, Alerta Temprana',1,3,16,'es',4,NULL,5),(17,'Producto 4: Atlas de Vulnerabilidad Hidroclimática de la Cuenca Amazónica','Este documento contiene síntesis de los datos a nivel en la escala de la cuenca compilado en la forma de metadatos y georeferenciado a una escala de 1:1,000,000','','','06/08/2014','1','','CIIFEN','Español','','Amazonia Continental','','Atlas de Vulnerabilidad, Vulnerabilidad Climática, Vulnerabilidad Hidroclimática, Alerta Temprana',1,3,17,'es',4,NULL,5),(19,'Relatorio Semifinal. Produto 6 (Estudo semifinal relativo a Atividade II.1.1)','Este documento presenta levantamiento de literatura tecnico-cientifica sobre amenazas sobre los ecosistemas acuáticos amazónicos, estudios de campo, identificación y evaluación de amenazas ambientales a los ecosistemas acuáticos y conflictos de pesca, y, formulación de un conjunto de acciones estratégicas e intervenciones para que sean parte del PAE del Proyecto GEF - Amazonas','','','01/01/2014','pdf','','OTCA/GEF/PNUMA','Portugués','','','','Ecosistemas Acuáticos, Manejo de ecosistemas, Hotspots',1,3,19,'es',3,NULL,5),(20,'Relatorio Resumido sobre as atividades desenvolvidas para excucao dos componentes II.1.1 Melhorar o conhecimento dos ecossistemas aquáticos amazonicos e III.1.1 Identificacao e estudo em áreas prioritarias ou hotspots, do Projeto GEF-Amazonas','Documento que presenta las diferentes actividades desarrolladas para la ejecución de dos componentes II.1.1 y III.1.1 para el Proyecto GEF-Amazonas','','','26/06/2013','pdf','','OTCA/GEF/PNUMA','Portugués','','','','Ecosistemas Acuáticos, Manejo de ecosistemas, Hotspots',2,3,20,'es',3,NULL,5),(21,'Plano Estratégico para execucao do projeto. Componentes II.1.1 y III.1.1','Se describe brevemente algunos aspectos de la Amazonía, con respecto a los dos componentes y se presenta un procedimiento metodológico a emplear para el desarrollo de este estudio','','','01/09/2012','pdf','','OTCA/GEF/PNUMA','Portugués','','','','Ecosistemas Acuáticos, Manejo de ecosistemas, Hotspots',2,3,21,'es',3,NULL,5),(22,'Produto 2: Ameacas ambientais. Relatório parcial','Se describen las principales amanezas ambientales sobre los ecosistemas acuáticos amazónicos.','','','01/01/2013','pdf','','OTCA/GEF/PNUMA','Portugués','','','','Amenazas ambientales, Ecosistemas Acuáticos, Hotspots',2,3,22,'es',3,NULL,5),(23,'Produto 3: Avaliacao económica. Relatório parcial','Este documento presenta un estudio relativo a las actividades II.1.1 y III.1.1 con énfasis en la pesca y la evaluación socioeconómica ','','','01/03/2013','pdf','','OTCA/GEF/PNUMA','Portugués','','','','Ecosistemas Acuáticos, Evaluación Económica, Hotspots',2,3,23,'es',3,NULL,5),(24,'Produto 4: Lista documentada dos hotspots. Relatório Parcial','Este documento presenta un estudio relativo a las actividades II.1.1 y III.1.1 con enfoque especial sobre la lista documentada de áreas específicas (hotspots) con caracterización detallada, incluyendo los recursos acuáticos, identificación y mapeamiento de los temas críticos como agotamiento del recurso, actividades potenciales de pesca. ','','','01/09/2013','pdf','','OTCA/GEF/PNUMA','Portugués','','','','Hotspots, Ecosistemas Acuáticos, Manejo de Ecosistemas',2,3,24,'es',3,NULL,5),(25,'Produto 5: Socioeconomia e dados ambientais do hotspots. Relatório Parcial','Este documento presenta un estudio relativo a las actividades II.1.1 y III.1.1 con enfoque especial sobre una investigación documentada, incluyendo información socioeconómica y datos ambientales de un hotspots seleccionado. ','','','01/11/2013','pdf','','OTCA/GEF/PNUMA','Portugués','','','','Socioeconomía, Ecosistemas Acuáticos, Hotspots',2,3,25,'es',3,NULL,5),(26,'Produto 7: (Estudo Semifinal relativo as Atividades II.1.1 y III.1.1). Relatório Semifinal','Este documento presenta levantamiento de literatura tecnico-cientifica sobre amenazas sobre los ecosistemas acuáticos amazónicos, estudios de campo, identificación y evaluación de amenazas ambientales a los ecosistemas acuáticos y conflictos de pesca, y, formulación de un conjunto de acciones estratégicas e intervenciones para que sean parte del PAE del Proyecto GEF - Amazonas','','','01/01/2014','pdf','','OTCA/GEF/PNUMA','Portugués','','','','Ecosistemas Acuáticos, Amenazas ambientales, Acciones estratégicas',2,3,26,'es',3,NULL,5),(27,'Produto 8: Estudo Final relativo as Atividades II.1.1 y III.1.1 - Relatório Final','Este documento es el informe final sobre el levantamiento de literatura tecnico-cientifica sobre amenazas a los ecosistemas acuáticos amazónicos, estudios de campo, identificación y evaluación de amenazas ambientales a los ecosistemas acuáticos y conflictos de pesca, y, formulación de un conjunto de acciones estratégicas e intervenciones para que sean parte del PAE del Proyecto GEF - Amazonas','','','01/03/2014','1','','OTCA/GEF/PNUMA','Portugués','','','','Ecosistemas Acuáticos, Amenazas ambientales, Acciones estratégicas',2,3,27,'es',3,NULL,5),(30,'Análisis de las Normas Bolivianas de Recursos Hídricos - Informe Final','Análisis de las Normas Bolivianas de Recursos Hídricos - Informe Final','','','01/08/2014','pdf','','OTCA/GEF/PNUMA','Español','','','','Legislación, Gestión de Recursos Hídricos',2,3,30,'es',2,NULL,5),(31,'Matriz Legal. Legislación Boliviana','Base de datos de la Legislación boliviana sobre Recursos Hídricos','','','26/08/2013','pdf','','OTCA/GEF/PNUMA','Español','','','','Legislación, Gestión de Recursos Hídricos',2,9,31,'es',2,NULL,5),(32,'Matriz Legal. Legislación Boliviana','Base de datos de la Legislación boliviana sobre Recursos Hídricos','','','26/08/2013','3','','OTCA/GEF/PNUMA','Español','','','','Legislación, Gestión de Recursos Hídricos',2,9,32,'es',2,NULL,5),(34,'Introducción al Sistema Jurídico boliviano','Presenta una descripción breve del sistema jurídico boliviano','','','26/08/2013','pdf','','OTCA/GEF/PNUMA','Español','','','','Legislación, Gestión de Recursos Hídricos',2,9,34,'es',2,NULL,5),(35,'Tabela revisada. Legislación boliviana','Tabla revisada de la legislación peruana','','','26/08/2013','2','','OTCA/GEF/PNUMA','Inglés, Portugués','','','','Legislación, Gestión de Recursos Hídricos',2,9,35,'es',2,NULL,5),(36,'Textos internacionales','Contiene los convenios o tratados internacionales a los cuales esta adscrito Bolivia','','','26/08/2013','3','','OTCA/GEF/PNUMA','Español','','','','Legislación, Gestión de Recursos Hídricos',2,9,36,'es',2,NULL,5),(37,'Tipo de normas - Bolivia','Documento que presenta los tipos de normas de Bolivia','','','26/08/2013','2','','OTCA/GEF/PNUMA','Español','','','','Legislación, Gestión de Recursos Hídricos',2,9,37,'es',2,NULL,5),(38,'Análisis de la legislación boliviana para el manejo integrado de recursos hídiricos transfronterizos en la cuenca del Amazonas considerando la variabilidad y el cambio climático - Informe Final','Este documento presenta el análisis de la legislación boliviana sobre la gestión de los recursos hídricos.','','','04/08/2013','pdf','','OTCA/GEF/PNUMA','Español','','','','Legislación, Gestión de Recursos Hídricos',2,3,38,'es',2,NULL,5),(39,'Anexo 2 Mapeamento de Riscos Ambientais & Anexo 3 Questionario Percepcao de Riscos Ambientais','Se presentan las encuestas para ambos casos, Mapeamiento y cuestionario de percepción de riesgos ambientales.','','','29/11/2014','1','','OTCA/GEF/PNUMA','Portugés','','Zona MAP','OTCA/Proyecto GEF Amazonas','Región MAP, Vulnerabilidad, Alerta Temprana, Madre de Dios, Acre, Pando,  Rio Acre, Rio Branco, zona map',2,9,39,'es',7,NULL,5),(40,'Anexo 1. Memória de Calculo de Orcamento para realizacao das atividades do Atividade III.2.2 Adaptacao as Mudancas Climáticas na Reagiao Transfronteirica do MAP','Tabla que presenta el presupuesto para ser ejecutado en la realización de las actividades.','','','01/06/2013','1','','OTCA/GEF/PNUMA','Portugués','','','','Región MAP, Alerta Temprana, Madre de Dios, Acre, Pando, Puerto Maldonado, Rio Branco',1,9,40,'es',7,NULL,5),(41,'Produto 1: Plano de Trabalho sobre vulnerabilidade e adaptacao dos recursos hídricos frente as alteracoes climáticos da Regiao MAP','Este Plan de Trabajo presenta las acciones para la implementación de la actividad III.2.2 para evaluar la vculnerabilidad hidrológica de la región MAP','','','01/12/2012','1','','OTCA/GEF/PNUMA','Portugués','','Zona MAP','OTCA/Proyecto GEF Amazonas','Región MAP, Vulnerabilidad, Alerta Temprana, Madre de Dios, Acre, Pando,  Rio Acre, Rio Branco, zona map',1,3,41,'es',7,NULL,5),(44,'Anexo 14: Solicitacao de Fundos para Reunioes/Workshops N°000/2013','Formato para la solicitud de fondos para ejecución de reuniones de trabajos o workshops','','','01/03/2013','pdf','','OTCA/GEF/PNUMA','Portugués','','','','Región MAP, Alerta Temprana, Madre de Dios, Acre, Pando, Puerto Maldonado, Rio Branco',1,7,44,'es',7,NULL,5),(45,'Produto 4: Vulnerabilidade as Mudancas Climáticas dos Recursos Hídricos na Regiao MAP. Relatório Parcial','Este documento presenta los resultados del trabajo sobre vulnerabilidad y el cambio climático sobre los recursos hídricos y el estudio sugiere el monitoreamiento hidrometeorológico/sedimentométrico y del sistema de comunicación en emergencia.','','','01/02/2014','1','','OTCA/GEF/PNUMA','Portugués','','Zona MAP','OTCA/Proyecto GEF Amazonas','Región MAP, Vulnerabilidad, Alerta Temprana, Madre de Dios, Acre, Pando,  Rio Acre, Rio Branco, zona map',1,3,45,'es',7,NULL,5),(46,'Anexo II. Lista de presenca: 1° Reuniao Internacional do sistema de Alerta na Bacia Fronteirica do Rio ACRE','Lista de asistencia al evento Sistema de alerta Temprana','','','05/11/2013','1','','OTCA/GEF/PNUMA','Portugués','','','','Región MAP, Alerta Temprana, Madre de Dios, Acre, Pando, Puerto Maldonado, Rio Branco',1,9,46,'es',7,NULL,5),(48,'Output 1: Submission of a strategic plan for project','Este documento comprende la implentación de la Actividad - III.3.2- Water Pollution in the Amazon basin, incluye metodología detallada para el trabajo e indice detallado para el report final (Producto 5).','','','01/11/2012','1','','OTCA/GEF/PNUMA','Portugués','','','','Calidad de Agua, Contaminación, Base geográfica, Gestión de recursos hídricos, Sistema de Informaciónn',1,3,48,'es',7,NULL,5),(49,'Investigacao da literatura e de projetos da contaminacao da água da bacia do Amazonas (Produto 2). Compilacao completa dos dados (Produto 3). Relatório Parcial','Este documento presenta un listdo de literatura científica y de instituciones sobre contaminación del agua de la cuenca del Amazonas.','','','01/12/2013','1','','OTCA/GEF/PNUMA','Portugués','','','','Calidad de Agua, Contaminación, Base geográfica, Gestión de recursos hídricos, Sistema de Informaciónn',1,3,49,'es',8,NULL,5),(51,'Plano de trabalho Técnico de campo Lado Brasileiro','Este documento comprende el Plan de Trabajo para ejecutarse en el lado brasilero en la cuenca del río Acre.','','','01/06/2013','pdf','','OTCA/GEF/PNUMA','Portugués','','','','Region MAP, Alerta Temprana, Cambio Climático',1,3,51,'es',7,NULL,5),(52,'Plano de trabalho Atividade III.2.2. Adaptacao as Mudancas climáticas na Regiao Transfronteirica do MAP. Produto 1. Relatorio Parcial','Plan de trabajo para el desarrollo de la Actividad III.2.2.','','','01/06/2013','pdf','','OTCA/GEF/PNUMA','Portugués','','','','Region MAP, Alerta Temprana, Cambio Climatico, SIG',1,3,52,'es',7,NULL,5),(53,'Produto 3: Matriz de Vulnerabilidade dos recursos hídricos as mudancas climáticas. Uma proposta metodologica para a regiao MAP. Relatorio Parcial','Este documento comprende una propuesta metodológica que permite el entendimiento de como una matriz generada puede ser mejorada en interacciones futuras.','','','01/11/2014','pdf','','OTCA/GEF/PNUMA','Portugués','','','','Region MAP, Matriz de Vulnerabilidad, Vulnerabilidad, Alerta Temprana, Madre de Dios, Acre, Pando',1,3,53,'es',7,NULL,5),(54,'Plan de Trabajo. Informe 01-JB-2013','Este documento contiene el Plan de Trabajo del Sub-proyecto II.3 Formulación del ADT - PAE de la cuenca Amazónica','','','01/08/2013','pdf','','OTCA/GEF/PNUMA','Español','','','','Formulación ADT, Alerta Temprana, Cambio Climático',1,3,54,'es',5,NULL,5),(55,'Proposta para execução de projeto regional visando à aplicação de pesquisa quantitativa e qualitativa de opinião pública nos países da Bacia Amazônia V.1','Propuesta empleando Investigación  Cuantitativa y Cualitativa de opinión pública en los países de la Amazonía Primera Version.','','','27/02/2013','1','','OTCA/GEF/PNUMA','Portugues','','','','Investigación Cualitativa, Investigación Cuantitativa, Encuestas de opinión',1,6,55,'es',1,NULL,5),(56,'Introducción al Sistema Jurídico brasilero','Presenta una descripción breve del sistema jurídico brasilero','','','01/03/2014','word','','OTCA/GEF/PNUMA','Portugués','','','','Legislación, Gestión de Recursos Hídricos',1,9,56,'es',2,NULL,5),(57,'Matriz Legal - Legislación Brasilera','Base de datos de la Legislación boliviana sobre Recursos Hídricos','','','01/03/2014','excel','','OTCA/GEF/PNUMA','Portugués','','','','Legislación, Gestión de Recursos Hídricos',1,9,57,'es',2,NULL,5),(58,'Matriz Legal - Legislación Brasilera','Base de datos de la Legislación boliviana sobre Recursos Hídricos','','','01/03/2014','excel','','OTCA/GEF/PNUMA','Portugués','','','','Legislación, Gestión de Recursos Hídricos',1,9,58,'es',2,NULL,5),(59,'Presentación: Reuniáo de Experts Juridicos: Harmonizacao do marco legal','Presentación en Power point sobre Armonización del marco legal brasilero','','','13/11/2013','4','','OTCA/GEF/PNUMA','Portugués','','','','Legislación, Gestión de Recursos Hídricos',1,9,59,'es',2,NULL,5),(60,'Tipo de normas - Brasil','Documento que presenta los tipos de normas de Brasil','','','01/03/2014','2','','OTCA/GEF/PNUMA','Portugués','','','','Legislación, Gestión de Recursos Hídricos',1,9,60,'es',2,NULL,5),(61,'Atividad III.2.2 : Adaptación a los cambios climáticos en la Región Transfronteriza MAP. Informe Final','Este documento contiene como resultado un sistema de información geográfico de la región MAP para producir mapas de vulnerabilidad y de riesgos ambientales en la región.','','','01/05/2013','pdf','','OTCA/GEF/PNUMA','Español','','','','Region MAP, Alerta Temprana, SIG',1,3,61,'es',7,NULL,5),(62,'Matriz Legal - Legislación Colombiana','Base de datos de la Legislación colombiana sobre Recursos Hídricos','','','31/08/2013','excel','','OTCA/GEF/PNUMA','Español','','','','Legislación, Gestión de Recursos Hídricos',1,9,62,'es',2,NULL,5),(63,'Jurisprudencia Recurso Hídrico en Colombia','Documento que presenta los tipos de normas de Colombia','','','31/08/2013','2','','OTCA/GEF/PNUMA','Español','','','','Legislación, Gestión de Recursos Hídricos',1,9,63,'es',2,NULL,5),(64,'Protocolo Metodológico para la legislación colombiana sobre recursos hídricos. Producto 1','Documento que presenta como se desarrollará la consultoría','','','31/08/2013','2','','OTCA/GEF/PNUMA','Español','','','','Legislación, Gestión de Recursos Hídricos',1,9,64,'es',2,NULL,5),(65,'Plano Estrategico para o desenvolvimento do projeto: Activity III.2.3 Adaptation to sea level rise in the Amazon Delta','Plan de trabajo para el desarrollo de la actividad III.2.3 - Adaptación Isla de Marajo','','','01/09/2012','1','','OTCA/GEF/PNUMA/GEMC','Portugués','','','','Ilha do Marajó, Isla Marajó, Alerta Temprana, Delta del Amazonas, Proyectos de Adaptación',1,3,65,'es',7,NULL,5),(66,'Ilha do Marajó: Caratericacao física dos entornos. Relatório Parcial II','Este segundo relatório (Produto II) relativo à ¨Activity III.2.3. Adaptation to Sea Level Rise in the Amazon Delta  enquadra-se na Componente - III: Estrategias de Respuesta Subproyecto - III.2 Prioridades Especialies sobre la Adaptación do Manejo Integrado y Sostenible de los Recursos Hídricos Transfronterizos en la Cuenca del Amazonas considerando la Variabilidad y el Cambio Climático OTCA/GEF/PNUMA GEF- Amazonas.','','','01/11/2012','1','','OTCA/GEF/PNUMA/GEMC','Portugués','','','OTCA/Proyecto GEF Amazonas','Ilha do Marajó, Isla Marajó, Alerta Temprana, Delta del Amazonas',1,3,66,'es',7,NULL,5),(67,'Serie documentada dos mapas das zonas costeiras da ilha do Marajo. Relatório Parcial III','Este terceiro relatório (Produto III) relativo à ¨Activity III.2.3. Adaptation to Sea Level Rise in the Amazon Delta¨ enquadra-se na Componente - III: Estrategias de Respuesta Subproyecto - III.2 Prioridades Especialies sobre la Adaptación do Manejo Integrado y Sostenible de los Recursos Hídricos Transfronterizos en la Cuenca del Amazonas considerando la Variabilidad y el Cambio Climático OTCA/GEF/PNUMA GEF- Amazonas.','','','01/10/2013','1','','OTCA/GEF/PNUMA/GEMC','Portugués','','','OTCA/Proyecto GEF Amazonas','Ilha do Marajó, Isla Marajó, Mapas zonas costeras, Alerta Temprana, Delta del Amazonas',1,3,67,'es',7,NULL,5),(69,'Estrategia de Comunicación del proyecto GEF Amazonas - Recursos Hídricos y Cambio Climático. Actividad III.4.2. ','Este documento contiene la estrategia que se propone como guía para articular acciones de (i) comunicación interna y externa, de (ii) divulgación y de (iii) concienciación, que como proceso une las dos acciones anteriores, para aumentar la comprensión del Proyecto y facilitar la toma de decisiones en relación a los objetivos del Proyecto.','','','01/03/2013','pdf','','OTCA/GEF/PNUMA','Español','','','','Comunicación, Estrategias de comunicación, Gestión de Recursos Hídricos',1,3,69,'es',9,NULL,5),(71,'Legal system of Suriname','Documento que presente los tipos de normas de Suriname','','','10/08/2013','word','','OTCA/GEF/PNUMA','Inglés ','','','','Legislación, Gestión de Recursos Hídricos',1,9,71,'es',2,NULL,5),(72,'Legal Matrix of Suriname','Base de datos de la legislación de Surinam sobre recursos hídricos','','','10/08/2013','excel','','OTCA/GEF/PNUMA','Inglés','','','','Legislación, Gestión de Recursos Hídricos',1,9,72,'es',2,NULL,5),(73,'Methodological Protocol II - Product 2 - Suriname','Documento que presenta como se desarrollará el análisis de los instrumentos legales de la legislación de Suriname sobre manejo de recursos hídricos','','','30/10/2013','pdf','','OTCA/GEF/PNUMA','Inglés','','','','Legislación, Gestión de Recursos Hídricos',1,3,73,'es',2,NULL,5),(74,'Legal Matrix of Suriname','Base de datos de la legislación de Surinam sobre recursos hídricos','','','10/11/2013','excel','','OTCA/GEF/PNUMA','Inglés','','','','Legislación, Gestión de Recursos Hídricos',1,9,74,'es',2,NULL,5),(75,'Analizis Of Water Law of Suriname and a Strategic Approach For the Harmonization of Norms. Final Report','Este documento presenta el análisis de la legislación de Surinam sobre la gestión de los recursos hídricos.','','','01/05/2014','pdf','','OTCA/GEF/PNUMA','Inglés','','','','Legislación, Gestión de Recursos Hídricos',1,3,75,'es',5,NULL,5),(76,'Produto 1: Plano estratégico para a execução do projeto incluíndo metodologia detalhada de trabalho e o índice detalhado do relatório final','Este documento presenta el Plan estartégico para la ejecución del proyecto incluyendo metodología detallada de trabajo e índice detallado del informe final','','','01/01/2012','1','','OTCA/GEF/PNUMA - GEFAM','Portugués','','Amazonia Brasileña','OTCA/Proyecto GEF Amazonas','Caracterización, Sedimentos, Rio Madeira, Rio Solimoes, Rio Amazonas,  rio de Brasil, rio de Bolivia',1,6,76,'es',3,NULL,5),(77,'Produto 2: Plano de custos de viagem de campo para excucao das campanhas de amostragem','Este documento presenta los procedimientos para las campañas de muestreo de agua y sedimentos, costos de viaje, análisis diversos, entre otros','','','01/12/2012','1','','OTCA/GEF/PNUMA - GEFAM','Portugués','','','','Caracterización, Sedimentos, Rio Madeira, Rio Solimoes, Rio Amazonas, rio Brasil, rio Bolivia',1,6,77,'es',3,NULL,5),(78,'Produto 3: Atividades de campo para coleta de dados','Este documento presenta información sobre las campañas de colecta de información en los rios Madeira, Solimoes/Amazonas.','','','01/01/2013','1','','OTCA/GEF/PNUMA - GEFAM','Portugués','','','','Caracterización, Sedimentos, Rio Madeira, Rio Solimoes, Rio Amazonas',1,6,78,'es',3,NULL,5),(79,'Plano Estrategico de Implementacao do Projeto: Climate change, Adaptation capacity and Risk Governance in the Transboundary Purus River Sub-basin','Este documento contiene el Plan Estratégico (Equipo de trabajo, Metodología, entre otros) para la ejecución del proyecto. ','','','01/11/2012','pdf','','OTCA/GEF/PNUMA','Portugués','','','','Estrategias de Respuesta, Adaptación, Cambio Climático, Rio Purús',1,3,79,'es',7,NULL,5),(80,'Produto 2: Base de dados consolidada acerca das medidas de mudanca climática, ambiental, institucional e política da Sub-Bacia do Rio Purus. Relatório Parcial','Este documento esta referido a las actividades relacionadas a la evaluación de los impactos del cambio climático, gobernanza de riesgo y la gestión de los recursos hídricos transfronterizos de la cuenca del río Purus, para proveer las bases para la formulación de la estrategia de respuesta que permitirá el empleo sostenido de los RRNN sobre una variedad de condiciones climáticas adversas. El producto está de acuerdo a los TdR y trata de la elaboración de una base de datos realizada a partir de investigaciones del tipo desktop research.','','','01/09/2013','pdf','','OTCA/GEF/PNUMA','Portugués','','','','Estrategias de Respuesta, Adaptación, Cambio Climático, Rio Purús',1,3,80,'es',7,NULL,5),(81,'Produto 3: Análise documentada dos impactos e das mudancas climáticas sobre a governanca e gestao de risco nas comunidades na bacia rio Purus. Relatorio Parcial','Este documento está referido a los aspectos considerados en el Producto 2 y además de 2 salidas al campo que abarcaron la cuenca del rio Purus, comprendiendo los estados de Amazonas y Acre y el lado peruano transfronterizo del canal','','','01/09/2013','pdf','','OTCA/GEF/PNUMA','Portugués','','','','Estrategias de Respuesta, Adaptación, Cambio Climático, Rio Purús',1,3,81,'es',7,NULL,5),(82,'Produto 2: Identificacao e caracterizacao dos sitios pilotos em Ambientes Inundaveis Na Amazonia Brasileira e Peruana com Vistas ao input Agrotecnologico','Este documento presenta un diagnóstico florístico, cultoral y socioeconómico de la varzea brasilera y peruana.','','','01/11/2013','1','','OTCA/GEF/PNUMA','Portugués','','','','bosques inundados, Sitios Pilotos, Varzea brasilera, Varzea peruana',1,6,82,'es',6,NULL,5),(83,'Produto 1: Plano Estrategico de Implementacao do Projeto: Sustainable Management of Transboundary Floodplain Forest In The Amazon','Este documento contiene el Plan Estratégico (Equipo de trabajo, Metodología, Ubicación de los lugares para demostración piloto, Caracterización de los sitios para el Proyecto Piloto, Identificación de Interacción entre los RRNN disponibles y las necesidades económicas de las comunidades locales ribereñas) para la ejecución del proyecto.','','','03/10/2012','1','','OTCA/GEF/PNUMA','Español','','','','bosques inundados, Sitios Pilotos, Varzea brasilera, Varzea peruana',1,6,83,'es',6,NULL,5),(84,'Atlas Botanico - Varzeas Amazónicas','Se presentan 52 especies botánicas identificadas con fotos y una breve descripción de ellas.','','','01/11/2013','3','','OTCA/GEF/PNUMA','Portugués','','','','Atlas Botánico, Inventario Botánico',1,9,84,'es',2,NULL,5),(85,'Matriz Legal - Legislación ecuatoriana','Base de datos de la Legislación ecuatoriana sobre Recursos Hídricos','','','01/08/2013','excel','','OTCA/GEF/PNUMA','Español','','','','Legislación, Gestión de Recursos Hídricos',1,9,85,'es',2,NULL,5),(86,'Introducción al sistema jurídico ecuatoriano','Documento que presenta los tipos de normas de Ecuador','','','01/08/2013','2','','OTCA/GEF/PNUMA','Español','','','','Legislación, Gestión de Recursos Hídricos',1,3,86,'es',2,NULL,5),(87,'Análisis de las Normas Ecuatorianas de Recursos Hídricos y un Enfoque Estratégico para la Armonización de Normas ','Este documento presenta el análisis de la legislación ecuatoriana sobre la gestión de los recursos hídricos.','','','01/04/2014','pdf','','OTCA/GEF/PNUMA','Español','','','','Legislación, Gestión de Recursos Hídricos',1,3,87,'es',2,NULL,5),(89,'Informe del Taller Nacional sobre ADT incluyendo el análisis consolidado de la cadena causal. Producto # 2','Este documento se analiza el desarrollo del Taller ADT Nacional y sus resultados principales. Se elaboró el ADT nacional basado en los datos dsiponibles del proyecto y los resultados del taller ADT nacional ','','','29/12/2013','pdf','','OTCA/GEF/PNUMA','Español','','','','Formulación ADT, Alerta Temprana, Cambio Climático',1,3,89,'es',5,NULL,5),(91,'Informe Final del ADT Consolidado para el Peru. Producto # 3','El documento concluye con una serie de recomendaciones: Creación de Planes Integrales de Cuenca Transfronteriza, Diseño de un Plan de fiscalización multisectorial considerando la naturaleza del recurso hídrico, Implementación de una Estrategia de Comunicación y Educación, fortalecimien to de capacidades y empoderamiento de los gobiernos locales y regionales en tema de RRHH, diseño de un Programa de Investigaciones Cientificas interdisciplinario de RRHH, Implementación de Sistemas de Monitoreo y Gestión Comunitario del RRHH, Instalación de un Sistema de Gobernanzas de los RRHH.','','','31/07/2014','2','','OTCA/GEF/PNUMA','Español','','','','Formulación ADT, Alerta Temprana, Cambio Climático',1,3,91,'es',5,NULL,5),(92,'Relatorio Produto 1: Banco de dados Geográfico, Bases cartográficas, banco de imagens de satélite, Fichas tecnicas das imagens, fonte de dados, procedimentos metodológicos.','Plan de trabajo para el desarrollo de la actividad III.2.3','','','01/08/2014','pdf','','OTCA/GEF/PNUMA','Portugués','','','','Base geográfica, Base cartográfica, Imágenes de satelite, SIG',1,3,92,'es',7,NULL,5),(93,'Plano Estratégico da Harmonizacao do Marco legal','Este documento presenta la propuesta del Plan de Trabajo del Consultor, los protocolos a desarrollar y la temática de la misma.','','','01/11/2012','pdf','','OTCA/GEF/PNUMA','Portugués','','','','Legislación, Gestión de Recursos Hídricos',1,3,93,'es',2,NULL,5),(94,'Inventario dos dados da legislacao sobre recursos hídricos, biodiversidade, mudanca climáticanos paíse da bacia Amazónica - Relatorio Parcial N°1','Este documento presenta un inventario y análisis de la legislación sobre recursos hídricos, biodiversidad y cambio climático en 7 países miembros de la OTCA.','','','01/10/2013','1','','OTCA/GEF/PNUMA','Portugués','','','','Legislación, Gestión de Recursos Hídricos',1,3,94,'es',2,NULL,5),(95,'Plano de Trabalho na atividade III.2.2. Produto 4. Relatorio Parcial','Este documento contiene los aspectos metodológicos para desarrollar un estudio sobre vulnerabilidad y las adaptaciones de los recursos hídricos frente a las alteraciones climáticas para las comunidades de la región MAP.','','','01/10/2014','pdf','','OTCA/GEF/PNUMA','Portugués','','','','Region MAP, Vulnerabilidad, Alerta Temprana',1,3,95,'es',7,NULL,5),(96,'Legal Matrix of Guyana','Base de datos de la Legislación de Guyana sobre Recursos Hídricos','','','01/08/2013','3','','OTCA/GEF/PNUMA','Inglés','','','','Legislación, Gestión de Recursos Hídricos',1,9,96,'es',2,NULL,5),(97,'Introducción al Sistema Jurídico de Guyana','Documento que presenta los tipos de normas de Guyana','','','12/08/2013','2','','OTCA/GEF/PNUMA','Inglés','','','','Legislación, Gestión de Recursos Hídricos',1,3,97,'es',2,NULL,5),(99,'Producto 1: Plan Estratégico para la ejecución del proyecto Organización Institucional para la coordinación y ejecución de la ACTIVIDAD-I.2.1 INTEGRACIÓN INSTITUCIONAL EN LA CUENCA DEL AMAZONAS','Plan Estratégico para el desarrollo de la Consultoría “Organización Institucional para la coordinación y ejecución de la ACTIVIDAD-I.2.1 INTEGRACIÓN INSTITUCIONAL EN LA CUENCA DEL AMAZONAS”. Se presentan el procedimiento metodológico, esquemas y productos que se lograron con esta consultoría','','','15/12/2012','1','','OTCA/GEF/PNUMA','Español','','Amazonia Continental','OTCA/Proyecto GEF Amazonas','Legislación, Gestión de Recursos Hídricos, sistemas jurídicos, integración institucional',1,3,99,'es',2,NULL,5),(100,'Producto 2: Análisis Institucional sobre los Organismos de Gestión de Recursos Hídricos en la Cuenca Amazónica en los Países Miembros de la OTCA','Informe Documentado de los Arreglos Institucionales y Procesos para la Gestión Integrada de los Recursos Hídricos Nivel Nacional (En los 8 Paises). Se presenta el análisis institucional de los organismos de la Gestión de Recursos Hídricos en los ocho países miembros de la OTCA, para el fortalecimiento de la capacidad institucional de los 8 gobiernos nacionales para integrar la GIRH y la capacidad de la OTCA para apoyar la coordinación de las actividades nacionales.','','','19/02/2013','1','','OTCA/GEF/PNUMA','Español','','','','Legislación, Gestión de Recursos Hídricos, sistemas jurídicos, integración institucional',1,3,100,'es',2,NULL,5),(102,'Producto 3: Presentación de un mapa institucional, incluyendo una evaluación de los recursos organizativos, humanos, infraestructura y las necesidades financieraspara habilitar y/o mejorar la participación de los paíse y apoyar una GIRH en la cuenca del Amazonas','En este documento donde se presentan el desarrollo de vínculos institucionales e interinstitucionales entre los paises miembros, propuesta de formación del Comité Nacional Interministerial de Coordinación para la GIRH en la cuenca del río Amazonas y mecanismos de comunicación y de intercambio de información entre las entidades gubernamentales en el marco del SII','','','19/05/2013','1','','OTCA/GEF/PNUMA','Español','','Amazonia Continental','OTCA/Proyecto GEF Amazonas','Legislación, Gestión de Recursos Hídricos, sistemas jurídicos, integración institucional',1,3,102,'es',2,NULL,5),(105,'Producto 4: Informe Documentado del Análisis Actual y Potencial de la OTCA en la Coordinación de Acciones Regionales para la Gestión de los Recursos Hídricos Transfronterizos a nivel de cuenca','Este documento se presenta un análisis sobre el TCA y la OTCA, potencial dela OTCA en la coordinación de acciones regionales en la GIRH, propuesta de la formación del Grupo de Trabajo Permanente en la GIRH de la cuenca Amazónica.','','','19/08/2013','1','','OTCA/GEF/PNUMA','Español','','Amazonia Continental','','Legislación, Gestión de Recursos Hídricos, sistemas jurídicos, integración institucional',1,3,105,'es',2,NULL,5),(106,'Informe Periódico N° 5: Organización del Taller de Validación del Informe Final','Informe Periódico de la Consultoría','','','26/11/2013','1','','OTCA/GEF/PNUMA','Español','','Amazonia Continental','','Legislación, Gestión de Recursos Hídricos, sistemas jurídicos, integración institucional',1,9,106,'es',2,NULL,5),(112,'Producto 6: Informe Final de Consultoría','Este documento presenta el Resumen Ejecutivo del análisis institucional de los organismos para la gestión de Recursos Hídricos en la Cuenca amazónica, un mapa institucional, el papel y potencial de la OTCA en la coordinación de acciones regionales para la gestión de recursos hídricos transfronterizos.','','','19/11/2013','1','','OTCA/GEF/PNUMA','Español','','','','Legislación, Gestión de Recursos Hídricos, sistemas jurídicos, integración institucional',1,3,112,'es',2,NULL,5),(113,'Producto 1: Plan de Trabajo - Investigación de opinión pública en la Amazonía Peruana','Describe el plan de trabajo de la investigación de opinión pública en la Amazonia Peruana, que corresponde al Primer Entregable del estudio ENTENDIENDO LA SOCIEDAD AMAZÓNICA - FORMULACIÓN DE UNA VISIÓN PARA LA CUENCA AMAZÓNICA.','','','27/08/2014','1','','Proyecto GEF OTCA','Español','','Amazonía Peruana','OTCA/Proyecto GEF Amazonas','Opinión pública, Amazonia Peruana, visión de la cuenca, Perú, cuestionarios',1,6,113,'es',1,NULL,5),(114,'Producto 1: Investigación Cuantitativa y Cualitativa de Opinión Pública en la Amazonía Boliviana','Describe el Plan de Trabajo y Planificación Logística,  basado en la propuesta técnica y aspectos logísticos propios de un relevamiento de información masivo. Para realizar el estudio cuantitativo y cualitativo de opinión   pública en la Amazonía Boliviana.','','','07/04/2015','1','','Proyecto GEF/OTCA','Español','','Amazonía Boliviana','OTCA/Proyecto GEF Amazonas','Opinión pública, Amazonia Boliviana, visión de la cuenca, Bolivia, cuestionarios',1,6,114,'es',1,NULL,5),(115,'Producto 2: Investigación Cuantitativa y Cualitativa de Opinión Pública en la Amazonía Boliviana','Describe la aplicación de la investigación cuantitativa y cualitativa, trabajo de campo, control de calidad, crítica y tabulación  del estudio de  opinión pública en la Amazonía Boliviana.','','','13/07/2015','1','','Proyecto GEF/OTCA','Español','','Amazonía Boliviana','OTCA/Proyecto GEF Amazonas','Opinión pública, Amazonia Boliviana, visión de la cuenca, Bolivia, cuestionarios',1,6,115,'es',1,NULL,5),(116,'Anexo 4: Investigación Cualitativa y Cuantitativa de Opinión Pública en la Amazonía Bolivia - Sistematización de Investigación Cualitativa','Contiene la Sistematización de Investigación Cualitativa en la Amazonía Bolivia, anexado en el documento \\\"Producto 2: Investigación Cuantitativa y Cualitativa de Opinión Pública en la Amazonía Boliviana\\\"',NULL,NULL,'13/07/2015','pdf',NULL,'Proyecto GEF/OTCA','Español',NULL,'Amazonía Boliviana','OTCA/Proyecto GEF Amazonas','Opinión pública, Amazonia Boliviana, visión de la cuenca, Bolivia, cuestionarios',1,3,116,'es',1,NULL,5),(117,'E-mail de OTCA - Fwd: Aprobación Unidad Nacional / Punto Focal- Primer Informe DATEXCO','Contiene E-mail de envio del primer informe de DATEXCO, sobre la Investigación Cuantitativa y Cualitativa de Opinión Pública en la Amazonía Colombina','','','08/05/2015,','1','','Proyecto GEF/OTCA','Español','','Amazonía Colombiana','OTCA/Proyecto GEF Amazonas','Opinión pública, Amazonia Colombiana, visión de la cuenca, Colombia, cuestionarios,email',1,9,117,'es',1,NULL,5),(118,'Presentacion de Proyecto Entendiendo la sociedad Amazónica - Investigación Cuantitativa y Cualitativa de Opinión en la Amazonía Colombiana','Presentación de resultados y conclusiones del estudio Cuantitativo y Cualitativo de Opinión en la Amazonía Colombiana, con el fin de caracterizar el manejo de los recursos hídricos en la región de la Amazonía Colombiana.','','','27/11/2015','1','','Proyecto GEF/OTCA','Español','','Amazonía Colombiana','OTCA/Proyecto GEF Amazonas','Opinión pública, Amazonia Colombiana, visión de la cuenca, Colombia, cuestionarios',1,3,118,'es',1,NULL,5),(119,'Entendiendo la sociedad Amazónica - Investigación Cuantitativa y Cualitativa de Opinión en la Amazonía Colombiana','Resultados de la Investigación Cuantitativa y Cualitativa de Opinión en la Amazonía Colombiana.','','','14/12/2015','7','','Proyecto GEF/OTCA','Español','','Amazonía Colombiana','OTCA/Proyecto GEF Amazonas','Opinión pública, Amazonia Colombiana, visión de la cuenca, Colombia, cuestionarios',1,6,119,'es',1,NULL,5),(120,'Producto 2: Informe de Resultados Encuesta Cualitativa de Opinión Pública en la Amazonía Ecuatoriana','Resultados y Conclusiones de la Encuesta Cualitativa de Opinión Pública en la Amazonía Ecuatoriana','','','16/10/2014','8','','Proyecto GEF/OTCA','Español','','Amazonía Ecuatoriana','','Opinión pública, Amazonia Ecuatoriana, visión de la cuenca, Ecuador, cuestionarios',1,6,120,'es',1,NULL,5),(121,'Producto 3: Informe de Resultados Encuesta Cuantitativa de Opinión Pública en la Amazonía Ecuatoriana','Resultados y Conclusiones de la Encuesta Cuantitativa de Opinión Pública en la Amazonía Ecuatoriana','','','16/10/2014','9','','Proyecto GEF/OTCA','Español','','Amazonía Ecuatoriana','OTCA/Proyecto GEF Amazonas','Opinión pública, Amazonia Ecuatoriana, visión de la cuenca, Ecuador, cuestionarios',1,6,121,'es',1,NULL,5),(122,'Producto 1: Plan Estratégico de Ejecución - Investigación Cuantitativa y Cualitativa de Opinión Publica en la Amazonía Ecuatoriana','Describe el Plan Estratégico de Ejecución de la Investigación Cuantitativa y Cualitativa de Opinión Publica en la Amazonía Ecuatoriana.','','','19/02/2014','10','','Proyecto GEF/OTCA','Español','','Amazonía Ecuatoriana','OTCA/Proyecto GEF Amazonas','Opinión pública, Amazonia Ecuatoriana, visión de la cuenca, Ecuador, cuestionarios',1,6,122,'es',1,NULL,5),(123,'Producto 4: Informe Final - Investigación Cuantitativa y Cualitativa de Opinión Publica en la Amazonía Ecuatoriana','Resultados y Conclusiones de la Investigación Cuantitativa y Cualitativa de Opinión Publica en la Amazonía Ecuatoriana','','','16/10/2014','11','','','Español','','Amazonía Ecuatoriana','OTCA/Proyecto GEF Amazonas','Opinión pública, Amazonia Ecuatoriana, visión de la cuenca, Ecuador, cuestionarios',1,6,123,'es',1,NULL,5),(124,'Resumen Ejecutivo - Investigación Cuantitativa y Cualitativa de Opinión Publica en la Amazonía Ecuatoriana','Resumen Ejecutivo de los resultados de la Investigación Cuantitativa y Cualitativa de Opinión Publica en la Amazonía Ecuatoriana',NULL,NULL,'16/10/2014','pdf',NULL,'Proyecto GEF/OTCA','Español',NULL,'Amazonía Ecuatoriana','OTCA/Proyecto GEF Amazonas','Opinión pública, Amazonia Ecuatoriana, visión de la cuenca, Ecuador, cuestionarios',1,3,124,'es',1,NULL,5),(125,'PUBLIC OPINION SURVEY REPORT QUANTITATIVE SURVEY GUYANESE AMAZON','Resultados y Conclusiones de la Investigación Cuantitativa  de Opinión Publica  en la Región Amazónica de Guyana','','','24/08/2015','13','','Proyecto GEF/OTCA','Ingles','','Región Amazónica de Guyana','OTCA/Proyecto GEF Amazonas','Opinión pública, Region Amazonica de Guyana, visión de la cuenca, Guyana, cuestionarios',1,6,125,'es',1,NULL,5),(126,'Producto 3:  Informe Final Percepcion de Problemas Medioambientales y estado de los Recursos Hídricos en la Amazonia Peruana','Resultados  y Conclusiones de la Percepción de Problemas Medioambientales y estado de los Recursos Hídricos  de la Investigación de Opinión Pública en la Amazonía Peruana','','','09/03/2015','14','','Proyecto GEF/OTCA','Español','','Amazonía Peruana','OTCA/Proyecto GEF Amazonas','Opinión pública, Amazonia Peruana, visión de la cuenca, Perú, cuestionarios',1,6,126,'es',1,NULL,5),(127,'Producto 2: Entendiendo la sociedad Amazónica - Investigación Cuantitativa y Cualitativa de Opinión Pública en la Amazonía Peruana','Presentación de los resultados de  Investigación Cuantitativa y Cualitativa de Opinión Pública en la Amazonía Peruana','','','03/11/2014','15','','Proyecto GEF/OTCA','','','Amazonía Peruana','OTCA/Proyecto GEF Amazonas','Opinión pública, Amazonia Peruana, visión de la cuenca, Perú, cuestionarios',1,6,127,'es',1,NULL,5),(128,'Pesquisa Qualitativa nos Estados do Amapá, Mato Grosso, Pará, Tocantins , Acre e de Rondônia','Principales resultados de la Investigación Cualitativa de opinión Publica en la Amazonia Brasileña','','','26/05/2015','1','','Proyecto GEF/OTCA','Portugués','','Amazonia Brasileña','OTCA/Proyecto GEF Amazonas','Opinión pública, Amazonia Brasileña, visión de la cuenca, Brasil, cuestionarios',1,3,128,'es',1,NULL,5),(129,'Produto 2 – Relatório parcial de desenvolvimento da pesquisa quantitativa nos Estados do Amapá, Mato Grosso, Pará e Tocantins e da pesquisa qualitativa nos Estados do Acre e de Rondônia','Avances de Resultados de la Investigación Cuantitativa y Cualitativa de Opinión Pública en la Amazonía Brasileña','','','13/03/2015','1','','Proyecto GEF/OTCA','Portugués','','Amazonia Brasileña','OTCA/Proyecto GEF Amazonas','Opinión pública, Amazonia Brasileña, visión de la cuenca, Brasil, cuestionarios',1,6,129,'es',1,NULL,5),(130,'Produto 3 – Relatório parcial de desenvolvimento da pesquisa quantitativa nos Estados do Acre, Amazonas, Rondônia e Roraima e da pesquisa qualitativa nos Estados do Amazonas e do Pará.','Avances de Resultados de la Investigación Cuantitativa y Cualitativa de Opinión Pública en la Amazonía Brasileña','','','13/03/2015','1','','Proyecto GEF/OTCA','Portugués','','Amazonia Brasileña','OTCA/Proyecto GEF Amazonas','Opinión pública, Amazonia Brasileña, visión de la cuenca, Brasil, cuestionarios',1,6,130,'es',1,NULL,5),(131,'Pesquisa Quantitativa nos Estados do Amapá, Mato Grosso, Pará, Tocantins, Acre e de Rondônia - Relatório Analítico','Informe Analítico de los principales resultados de la Investigación Cuantitativa de Opinión Publica en la Amazonia Brasileña','','','26/05/2015','1','','Proyecto GEF/OTCA','Portugués','','Amazonia Brasileña','OTCA/Proyecto GEF Amazonas','Opinión pública, Amazonia Brasileña, visión de la cuenca, Brasil, cuestionarios, Pesquisa de opinião domiciliar',1,3,131,'es',1,NULL,5),(132,'Pesquisa sobre os instrumentos, princípios e normas vigentes nos ordenamentos jurídicos dos países da Bacia Amazônica em gestão dos recursos hídricos e uso da terra - Relatório Parcial N° 3','Inventario y análisis de los  instrumentos, principios y normas vigentes en los sistemas legales de los países de la cuenca del Amazonas en la gestión de los recursos hídricos y el uso de la tierra.','','','21/07/2015','1','','Proyecto GEF/OTCA','Portugués','','Amazonia Continental','OTCA/Proyecto GEF Amazonas','Legislación, Gestión de Recursos Hídricos',1,3,132,'es',2,NULL,5),(139,'Inventário dos instrumentos jurídicos internacionais aplicáveis aos países da Bacia Amazônica -  Relatório Parcial Nº4','inventario de los instrumentos jurídicos internacionales relativos a las cuestiones ambientales y los recursos hídricos, aplicables a los países de la Cuenca Amazónica','','','21/07/2015','1','','Proyecto GEF/OTCA','Portugués','','Amazonia Continental','','Legislación, Gestión de Recursos Hídricos, internacional',1,3,139,'es',2,NULL,5),(147,'Relatório do Seminário de Validação Internacional - Relatório Parcial Nº5','O presente relatório descreve inicialmente as atividades preparatórias ao Seminário Internacional de Validação dos Resultados dessa Atividade: a reunião nos dias 13 e 14 de novembro de 2013 na Sede da Organização do Tratado de Cooperação Amazônica (OTCA) em Brasília com os Consultores Jurídicos Nacionais do Projeto Gestão integrada e sustentável dos recursos hídricos transfronteiriços na bacia do Rio Amazonas, considerando a variabilidade e mudanças climáticas: uma análise do marco legal dos países da OTCA. Essa reunião preparatória permitiu aos consultores jurídicos nacionais e internacional realizarem uma discussão sobre as recomendações em relação às orientações do Plano de Ações Estratég','','','24/06/2015','1','','Proyecto GEF/OTCA','Portugués','','Amazonia Continental','OTCA/Proyecto GEF Amazonas','Legislación, Gestión de Recursos Hídricos, taller, gestion integrada',1,3,147,'es',2,NULL,5),(155,'Produto 4: Confecção da Base de Dados da Atividade ii.1.3','O presente documento apresenta os resultados do estudo de caracterização da carga de sedimentos dos Rios Madeira e Solimões/Amazonas realizado no escopo do Projeto “Gestão Integrada e Sustentável dos Recursos Hídricos Transfronteiriços na Bacia do Rio Amazonas, Considerando a Variabilidade Climática e a Mudança Climática”, ou simplesmente Projeto GEF-Amazonas. Financiado pelo Fundo Mundial para o Meio Ambiente (GEF), implementado pelo Programa das Nações Unidas para o Meio Ambiente (PNUMA) e executado pela Organização do Tratado de Cooperação Amazônica (OTCA), o Projeto GEF–Amazonas busca fortalecer o marco institucional para planejar e executar, de maneira coordenada e coerente, as atividad','','','07/05/2015','1','','Proyecto GEF/OTCA','Portugués','','Amazonia Brasileña, Amazonia Boliviana','OTCA/Proyecto GEF Amazonas','Caracterización, Sedimentos, Rio Madeira, Rio Solimoes, Rio Amazonas,  rio de Brasil, rio de Bolivia',1,6,155,'es',3,NULL,5),(156,'Produto 6: Mapa documentado das regiões mais afetadas por processos de erosão, sedimentação e identificação e análises dos impactos socioeconômicos correspondentes','Listado de mapas de las regiones mas afectadas por la erosión, la sedimentación y la identificación y el análisis de los impactos socioeconómicos correspondientes.','','','18/11/2015','1','','Proyecto GEF/OTCA','Portugués','','Amazonia Continental','','Caracterización, Sedimentos, Rio Madeira, Rio Solimoes, Rio Amazonas',1,6,156,'es',3,NULL,5),(157,'Informe Técnico y Orientaciones para el Programa de Acciones Estratégicas (PAE) - Atlas de Vulnerabilidad Hiroclimática de la Cuenca Amazónica','presente documento se plantean orientaciones y propuesta de acciones incorporar en la planificación regional y la gestión de riesgo de desastres con el fin de reducir los impactos que los fenómenos inundación y sequía genera en la región. En particular se plantean acciones para una mejora en el conocimiento de las amenazas y los riesgos por sequía e inundación, para la reducción de los riesgos y para el manejo de las situaciones de desastres asociados a estos fenómenos.',NULL,NULL,'12/08/2015','pdf',NULL,'Proyecto GEF/OTCA',NULL,NULL,'Amazonia Continental','OTCA/Proyecto GEF Amazonas','Atlas de Vulnerabilidad, Vulnerabilidad Climática, Vulnerabilidad Hidroclimática, Alerta Temprana',1,3,157,'es',4,NULL,5),(158,'Producto 1: Plan de Trabajo - Asistencia Técnica Nacional (Bolivia) Inspección del rio Madre de Dios, Toma de muestras de agua, sedimento y laboratorio elaboración y socialización del plan de acción','Plan de trabajo de la inspección técnica del Río Madre de Dios - Bolivia, diagnóstico ambiental y plan de acción, para este recurso hídrico en el sector boliviano.','','','15/05/2015','1','','Proyecto GEF/OTCA','Español','','Amazonía Boliviana','','Estudio rio Madre de Dios, Bolivia, ADT, diagnostico ambiental,',1,3,158,'es',5,NULL,5),(159,'Producto 2: Inspección e Informe del Trabajo de Campo Entrega de la Totalidad de Muestras al Laboratorio, y Programa de Planificación de Talleres','Resultados de la inspección técnica del Río Madre de Dios - Bolivia, diagnóstico ambiental y plan de acción, para este recurso hídrico en el sector boliviano.',NULL,NULL,'14/10/2015','pdf',NULL,'Proyecto GEF/OTCA','Español',NULL,'Amazonía Boliviana','OTCA/Proyecto GEF Amazonas','Estudio rio Madre de Dios, Bolivia, ADT, diagnostico ambiental,',1,3,159,'es',5,NULL,5),(161,'Producto 5: Áreas potenciais para a execução de atividade piloto de adaptação dentro da bacia Amazônica: Sistema de alerta precoce - Relatório Parcial','Área potenciales para la implementación de la actividad piloto de Sistema de Alerta Temprana','','','06/10/2014','1','','Proyecto GEF/OTCA','Portugués','','Zona MAP','OTCA/Proyecto GEF Amazonas','Región MAP, Vulnerabilidad, Alerta Temprana, Madre de Dios, Acre, Pando,  Rio Acre, Rio Branco, zona map',1,3,161,'es',5,NULL,5),(162,'Produto 6: Relatório Final - Adaptação às Mudanças Climáticas na Região Transfronteiriça do MAP','Resultados y conclusiones del estudio de Adaptación al cambio climático en la región fronteriza MAP','','','20/08/2015','1','','Proyecto GEF/OTCA','Español','','Zona MAP','','Región MAP, Vulnerabilidad, Alerta Temprana, Madre de Dios, Acre, Pando,  Rio Acre, Rio Branco, zona map',1,3,162,'es',7,NULL,5),(163,'Série Documentada dos Cenários - Adaptation to Sea Level Rise in the Amazon Delta. Relatório Parcial IV','Descripción de escenarios de vulnerabilidad ante inundaciones en la ilha do Marajó',NULL,NULL,'11/11/2014','pdf',NULL,'Proyecto GEF/OTCA','Portugués',NULL,NULL,'OTCA/Proyecto GEF Amazonas','Ilha do Marajó, Isla Marajó, Alerta Temprana, Delta del Amazonas, Proyectos de Adaptación',1,3,163,'es',7,NULL,5),(164,'Série E - Diagnóstico das Zonas Costeiras Afetadas pela Subída do Nível  do Mar e Eventos Asociados na Ilha do Marajó. Relatório V','Este relatório referente ao Diagnóstico das Zonas Costeiras (ZC´s)\\r\\nafetadas pela elevação do Nível do Mar (NM) e eventos associados na ilha de\\r\\nMarajó apresenta os seguintes tópicos: (i) Situação no Brasil (Governo Federal,\\r\\nEstadual, municipal, ONG´s, instituições) – quais são as medidas que estão\\r\\nsendo tomadas no Brasil – avanços ?; (ii) Analisar os trabalhos do IPCC; (iii)\\r\\nAvanços sobre a elevação do nível do mar (NM) no Atlantico Sul (Brasil e\\r\\noutros); (iv) Introduzir os avanços do Manual de Gestão de Orlas Estuarinas e\\r\\nFluviais Amazônicas (em andamento) no projeto; (v) Analisar a situação de\\r\\nalguns exemplos deltáicos no mundo (são as primeiras áreas mais vulnerávei',NULL,NULL,'05/08/2015','pdf',NULL,'Proyecto GEF/OTCA','Portugués',NULL,NULL,'OTCA/Proyecto GEF Amazonas','Ilha do Marajó, Isla Marajó, Mapas zonas costeras, Alerta Temprana, Delta del Amazonas',1,3,164,'es',7,NULL,5),(165,'Adaptation to Sea Level Rise in the Amazon Delta - Relatório Final','Proposta de um Programa de Ações Estratégicas para a Subida do NM na ilha de Marajó (PAE/NMM).',NULL,NULL,'22/07/2015','pdf',NULL,'Proyecto GEF/OTCA','Portugués',NULL,NULL,NULL,'Ilha do Marajó, Isla Marajó, Mapas zonas costeras, Alerta Temprana, Delta del Amazonas',1,3,165,'es',7,NULL,5),(166,'Producto 1: Plan de Trabajo para la Evaluación de los Sistemas Acuíferos de la Región de Leticia – Colombia','Este documento contiene:\r\n- Plan de comunicación con la comunidad de la región.\r\n- Plan de trabajo.\r\n- Cronograma detallado.\r\n- Estructura preliminar del informe final\r\n- Costos\r\n\r\nPara el desarrollo del proyecto “Evaluación de los Sistemas Acuíferos de la Región de Leticia – Colombia”, (Desarrollado en el marco de la consultoría en hidrogeología para la preparación del informe final de la actividad III. 2.4 - Uso conjunto del agua superficial y subterránea en la región de tres fronteras del proyecto: “Gestión integrada y sostenible de los recursos hídricos transfronterizos de la cuenca del río amazonas considerando la variabilidad y los cambios del clima”),','','','17/03/2015','1','','Proyecto GEF/OTCA','Español','','','OTCA/Proyecto GEF Amazonas','aguas superficiales y subterrâneas, três fronteras, leticia, sistema acuífero, colombia',1,6,166,'es',7,NULL,5),(167,'Revisión del Segundo Informe - Evaluación de los Sistemas Acuíferos de la Región de Leticia – Colombia','Resumen de resultados de de la evaluación de los sistemas acuíferos de la región urbana de Leticia –Amazonas para proponer medidas de adaptación, basadas en el uso conjunto de los recursos hídricos superficiales y subterráneos en esta región',NULL,NULL,'26/01/2016','pdf',NULL,'Proyecto GEF/OTCA','Español',NULL,NULL,'OTCA/Proyecto GEF Amazonas','aguas superficiales y subterrâneas, três fronteras, leticia, sistema acuífero, colombia',1,3,167,'es',7,NULL,5),(168,'Plan de trabajo actualizado del Sistema Integrado de Información del Proyecto – GEF AMAZONAS','En este documento se muestra el Plan de Trabajo actualizado para la implementación del Sistema Integrado de Información','','','30/12/2014','1','','Proyecto GEF/OTCA','Español','','Amazonia Continental','OTCA/Proyecto GEF Amazonas','SII, sistema de información, sistema integrado, plan de trabajo, sistematizacion, siigef',1,3,168,'es',8,NULL,5),(169,'Análisis y Diseño del Sistema Integrado de Información (SII)','El presente documento permite describir la fase de análisis y la fase de diseño para el Sistema de Información.','','','30/12/2014','1','','Proyecto GEF/OTCA','Español','','Amazonia Continental','OTCA/Proyecto GEF Amazonas','SII, sistema de información, sistema integrado, plan de trabajo, sistematizacion, analisis, arquitectura de software, siigef',1,3,169,'es',8,NULL,5),(170,'Informe Final de Actividades de Desarrollo del SII GEF OTCA','El presente informe plasma las actividades que se realizaron en los últimos cinco meses correspondiente al presente año para la culminación de la consultoría para Diseñar e implementar un Sistema Integrado de información (SII) para el Proyecto titulado: “Gestión Integrada y Sostenible de los Recursos Hídricos Transfronterizos en la cuenca del Río Amazonas considerando la variabilidad climática y el cambio climático” – GEF- Amazonas.','','','24/06/2015','1','','Proyecto GEF/OTCA','','','Amazonia Continental','OTCA/Proyecto GEF Amazonas','SII, sistema de información, sistema integrado,  sistematizacion, integración de base de datos, siigef',1,3,170,'es',8,NULL,5),(171,'Producto 1: Proposta para execução de projeto regional visando à aplicação de pesquisa quantitativa e qualitativa de opinião pública nos países da Bacia Amazônia V.2','Propuesta empleando Investigación Cuantitativa y Cualitativa de opinión pública en los países de la Amazonía Primera Version Segunda versión, incluye los Términos de Referencias para las consultorías en los diferentes países de la cuenca del Amazonas.',NULL,NULL,'18/05/2015','pdf',NULL,'OTCA/GEF/PNUMA','Portugués',NULL,NULL,NULL,'Investigación Cualitativa, Investigación Cuantitativa, Encuestas de opinión, términos de referencia',1,6,171,'es',1,NULL,5),(172,'Produto 5: Resumo Executivo/Executive Summary/Resumen Ejecutivo & Relatório Final','O presente documento apresenta os resultados do estudo de caracterização da carga de sedimentos dos Rios Madeira e Solimões/Amazonas realizado no escopo do Projeto “Gestão Integrada e Sustentável dos Recursos Hídricos Transfronteiriços na Bacia do Rio Amazonas, Considerando a Variabilidade Climática e a Mudança Climática”, ou simplesmente Projeto GEF-Amazonas. Financiado pelo Fundo Mundial para o Meio Ambiente (GEF), implementado pelo Programa das Nações Unidas para o Meio Ambiente (PNUMA) e executado pela Organização do Tratado de Cooperação Amazônica (OTCA), o Projeto GEF–Amazonas busca fortalecer o marco institucional para planejar e executar, de maneira coordenada e coerente, as atividad',NULL,NULL,'07/05/2015','pdf',NULL,'OTCA/GEF/PNUMA','Portugués',NULL,NULL,'OTCA/Proyecto GEF Amazonas','Caracterización, Sedimentos, Rio Madeira, Rio Solimoes, Rio Amazonas, rio Brasil, rio Bolivia',1,6,172,'es',3,NULL,5),(173,'Output 1: Strategic plan for activity implementation, including detailed methodology of work and the detailed index of the final report','This project has the broad objective to design and develop an interactive geographic database, providing any information about water pollution and contamination as well as inventory of water quality and monitoring systems in the Amazon Watershed, considering firstly any geographical and environmental aspects, economic development and state of water contamination and pollution as described below, taking into account also short and long-term climate variability.','','','16/11/2012','2','','Proyecto GEF/OTCA','Ingles','','','OTCA/Proyecto GEF Amazonas','base de datos geografica, contaminación del agua, mapa de contaminacion',1,6,173,'es',8,NULL,5),(174,'Produto II: Filosofia cabocla: considerações sobre o pensamento caboclo dos moradores das comunidades de várzea Tapará Grande e São Ciríaco -  Artigo Científico','O caboclo das comunidades das várzeas Tapará Grande e São Ciríaco resistem a muitas\\r\\nintempéries da vida – políticas públicas ineficientes, economia desleal, tecnologias onerosas entre\\r\\noutras. Vistos do alto, são manchas em nossa cartografia. De perto, nos impressionam na ousadia\\r\\nde morar em lugares tão inóspitos, sob condições muitas vezes sub-humanas. Aqui, a mulher tem\\r\\npapel importante na composição dessa realidade, seja na organização da casa, seja participando\\r\\nda cadeia produtiva. Com as águas sob os pés, sua referência é móvel, “temperamental” a ponto\\r\\nde venerá-lo como maior obra divina, seja a partir da óptica protestante, católica ou profana.',NULL,NULL,'03/03/2015','pdf',NULL,NULL,NULL,NULL,NULL,NULL,'Filosofia; Natureza; Religião; Produção; Tecnologia; bosques inundados; varzeas',1,1,174,'es',6,NULL,5),(175,'Relatório 1: Oficinas de base Agroecológica nas comunidades  de Urucurituba e Tapará Grande, Município de Santarém, Pará, Brasil.','Informe de actividades realizadas en el Taller',NULL,NULL,'01/12/2014','pdf',NULL,'Proyecto GEF/OTCA',NULL,NULL,NULL,'OTCA/Proyecto GEF Amazonas','bosques inundados, varzeas, taller, agroecológica, cultivos de hortalizas',1,6,175,'es',6,NULL,5),(176,'CARTILHA DE RECEITAS ALTERNATIVAS PARA PREVENÇÃO E CONTROLE DE PRAGAS E DOENÇAS NA AGRICULTURA','Mini-cursos realizados nas comunidades de Urucurituba e Tapará Grande',NULL,NULL,'27/11/2014','pdf',NULL,'OTCA/GEF/PNUMA','Portugués',NULL,NULL,'OTCA/Proyecto GEF Amazonas','bosques inundados, varzeas, taller, agroecológica, cultivos de hortalizas, cartilla, manual',1,3,176,'es',6,NULL,5),(177,'RELATÓRIO 1: ETNOBOTÂNICA DE VÁRZEA AMAZÔNICA NA REGIÃO DO BAIXO AMAZONAS','A investigação etnobotânica com foco na botânica econômica se faz\\r\\nnecessária para identificar espécies com potencial econômico, a fim de explorar os recursos\\r\\nvegetais de forma mais intensiva, levando em consideração os limites impostos pelo regime\\r\\nde inundação (enchente, cheia, vazante e seca) e o manejo e desenvolvimento sustentável em\\r\\náreas de várzea na região Baixo Amazonas.',NULL,NULL,'29/10/2013','pdf',NULL,'Proyecto GEF/OTCA','Portugués',NULL,NULL,'OTCA/Proyecto GEF Amazonas','bosques inundados, varzeas, etnobotánica,  botánica económica',1,6,177,'es',6,NULL,5),(178,'ANEXO 2:  Focus Group','Está técnica se adecua al contexto porque, permite obtener una visión común del tema en cuestión, asimismo permite recoger las reflexiones y percepciones de los diferentes actores bajo la influencia del grupo. Tradicionalmente es mas a fin a las costumbres locales, es una forma de recojo de información muy practicada por poblaciones rurales para sus procesos locales. Permite también recoger mayor información en menos tiempo.',NULL,NULL,'03/03/2015','pdf',NULL,'Proyecto GEF/OTCA','Español',NULL,NULL,'OTCA/Proyecto GEF Amazonas','bosques inundados, varzeas, focus, preguntas, cuestionario',1,3,178,'es',6,NULL,5),(179,'Informe 1: Producto 1 y Poducto 2, estudio de Parámetros físicos-químicos y biologicos,  Stock y la Diversidad de Peces en la Cocha Jacinto – Río Marañón, Loreto - Perú','Producto 1. Informe Técnico Científico del Diagnostico Físico, Químico y Biológico de la cocha Jacinto – río Marañón, Loreto - Perú Producto 2. Informe Técnico Científico del Stock y la Diversidad de Peces de la cocha Jacinto',NULL,NULL,'03/03/2015','pdf',NULL,'OTCA/GEF/PNUMA','Español',NULL,NULL,'OTCA/Proyecto GEF Amazonas','bosques inundados, varzeas, estudios biologicos, stock',1,6,179,'es',6,NULL,5),(180,'Producto 4. Instalación de Sistemas de Acuicultura(en jaulas – tanques redes) en las Comunidades de San Jacinto y San Regis – río Marañón, Loreto - Perú','El cultivo de peces en jaula es un método de producción de peces en recintos cerrados en el fondo y en todos sus lados, para esta caso del proyecto jaulas prefabricadas (Renovar), los mismos que mantienen a los peces en el interior sin posibilidades de escaparse, mientras permite el recambio de agua, remoción de desperdicios al agua que lo rodea y facilidad para suministrar alimento a los peces. Las jaulas con que cuentan las comunidades de San Jacinto, San Regis y las comunidades del lado brasilero son de aluminio, revestidos con hilos galvanizados, mallas sintéticas y flotadores de plástico que sirven para sostener a las jaulas sobre la superficie del agua.',NULL,NULL,'23/04/2015','pdf',NULL,'OTCA/GEF/PNUMA','Español',NULL,NULL,'OTCA/Proyecto GEF Amazonas','bosques inundados, varzeas, Acuicultura, tanques, criadero de peces',1,6,180,'es',6,NULL,5),(181,'Produto 3: Avaliação dos Impactos Antropogenicos sobre a Qualidade da Agua, das Especies Aquaticas e fertiLidade dos solos nas areas de Várzeas Pilotos.','Os ecossistemas de várzeas na Amazônia apresentam características muito peculiares na dinâmica de cheia e seca ao longo do ano. Tal dinâmica acaba por propiciar condições de uso dos recursos naturais da várzea muito similares entre todas as comunidades. Estes usos resumem-se na pesca artesanal e na agricultura durante o período de seca, com pouca atividade de criação de gado e artesanato.',NULL,NULL,'08/09/2014','pdf',NULL,'OTCA/GEF/PNUMA','Portugués',NULL,NULL,'OTCA/Proyecto GEF Amazonas','bosques inundados, Sitios Pilotos, antropogénico, fertilidad de suelo, calidad de agua, actividades humanas',1,6,181,'es',6,NULL,5),(182,'Produto 4: Identification of agro-economic alternatives aimed at increasing Ecosystems resilience and the adaptive capacity of the population of the pilot demonstration sites','O objetivo geral deste projeto de extensão tecnológico foi construir e implantar de forma coletiva agrotecnologias capazes de potencializar o uso das várzeas durante os períodos de cheias nas comunidades de Tapará Grande, Urucurituba e Igarapé do Costa, a partir de diagnósticos sócio-culturais, etno - botânicos e de recursos pesqueiros (Oliveira et al, 2014); tais tecnologias permitirão ao longo do tempo a inclusão produtiva de pescadores e agricultores ribeirinhos.',NULL,NULL,'12/05/2015','pdf',NULL,'OTCA/GEF/PNUMA','Portugués',NULL,NULL,'OTCA/Proyecto GEF Amazonas','bosques inundados, varzeas, agrotecnologias',1,6,182,'es',6,NULL,5),(183,'Produto 5: Agrotecnologias em várzeas amazônicas: instrumentos para o aumento da resiliência de sociedades ribeirinhas diante de eventos climáticos extremos - Artigo Científico','O presente trabalho se desenvolveu em ecossistemas de várzeas brasileiras e\\r\\nperuanas com o objetivo de propor modelos agrotecnológicos capazes de aumentar a\\r\\nresiliência de sistemas abertos e complexos, como os ambientes inundáveis pelo rio\\r\\nAmazonas, diante de mudanças climáticas locais, tais como as severas cheias das\\r\\núltimas décadas. A análise das intervenções agrotecnológicas nas várzeas foi realizada a\\r\\nluz da Teoria dos Sistemas Abertos e Complexos. Os resultados demonstraram cenários\\r\\npropícios ao incremento da resiliência nos ambientes piloto estudados, diante da\\r\\nintrodução de hortas elevadas hidropônicas, aquicultura de tanques redes e\\r\\nmodernização da atividade d',NULL,NULL,'06/04/2015','pdf',NULL,'OTCA/GEF/PNUMA','Portugués',NULL,NULL,'OTCA/Proyecto GEF Amazonas','bosques inundados, varzeas, Amazônia, desenvolvimento local, teoria de sistemas.',1,1,183,'es',6,NULL,5),(184,'Produto 6: Sustainable Management of Transboundary Floodplain Forests - RELATÓRIO FINAL','A primeira etapa deste projeto foi a identificação da estrutura e funcinamento dos sítios pilotos selecionados no Brasil e Perú. Todos os sítios pilotos se caracterizavam como ecossistemas de várzeas da Bacia Hidrográfica Amazônica, sendo a caracterização dos mesmos realizada de forma multidisciplinar sob os aspectos etnobotânicos, edafo-climáticos, de recursos pesqueiros, culturais e sócio econômicos. A identificação de tais cenários serviu de premissa para as e',NULL,NULL,'31/08/2015','pdf',NULL,'OTCA/GEF/PNUMA','Portugués',NULL,NULL,'OTCA/Proyecto GEF Amazonas','bosques inundados, varzeas, agrotecnológica, pesca familiar',1,6,184,'es',6,NULL,5),(185,'Relatório 1:  PROJETO ARQUITETÔNICO PARA HORTA PLATAFORMA -  PLANTAS E VISTAS LATERAL E FRONTAL','Diseño arquitectonico huerta para bosques inundables',NULL,NULL,'11/02/2014','pdf',NULL,'OTCA/GEF/PNUMA','Portugués',NULL,NULL,'OTCA/Proyecto GEF Amazonas','bosques inundados, varzeas, huerta, plataforma elevada',1,3,185,'es',6,NULL,5),(186,'Informe 1: Estudio Etnobotánico en los bosques inundables de las comunidades de San Jacinto y San Regis ubicadas en la Reserva Nacional Pacaya y Samiria','Contiene información etnobotánica de las comunidades San Jacinto y San Regis en la cuenca del rio Marañón, comunidades ubicadas en la Zona de Amortiguamiento de la Reserva Nacional Pacaya y Samiria (RNPS).',NULL,NULL,'03/03/2015','pdf',NULL,'Proyecto GEF/OTCA','Español',NULL,NULL,'OTCA/Proyecto GEF Amazonas','bosques inundados, varzeas, etnobotánica, muestra Botánica',1,6,186,'es',6,NULL,5),(187,'Informe 1: Comprensión de la Base de Recursos Naturales de la Cuenca del Río Amazonas - Caso La pedrera Amazonas','La presente investigación recopila información sobre el trabajo de campo realizado en La Pedrera - Amazonas y cuyos datos han sido confrontados con la literatura existente técnico-científica sobre las amenazas a los ecosistemas acuáticos de la región, identificando las amenazas ambientales y los conflictos de pesca, degradación ambiental, tipos de pesca, valoración socioeconómica de los pescadores (subsistencia y comercialización). También se identifica y caracteriza los puntos críticos del área de estudio con relación a los recursos pesqueros y otros factores relevantes.','','','03/02/2014','1','','OTCA/GEF/PNUMA','Español','','','OTCA/Proyecto GEF Amazonas','Ecosistemas Acuáticos, Manejo de ecosistemas, pesquerías, limnología, estudio de ecosistemas, investigaciones de ecosistemas, pesca artesanal, pesca   de subsistencia, recreativa, comercial',1,6,187,'es',3,NULL,5),(188,'Informe 2: Comprensión de la Base de Recursos Naturales de la Cuenca del Río Amazonas - Caso La pedrera Amazonas','Esta investigación tiene como objetivo principal mejorar el conocimiento de los ecosistemas acuáticos amazónicos y como punto crítico fue seleccionado el corregimiento de La Pedrera Amazonas, ubicado en la región del bajo río Caquetá, a través de la toma de información in situ se buscó estudiar los ecosistemas acuáticos relacionado con el estado, calidad de aguas, uso, pesca y conflictos que puedan presentarse entre el uso de estos ambientes con los pobladores locales.',NULL,NULL,'02/03/2015','pdf',NULL,'OTCA/GEF/PNUMA',NULL,NULL,NULL,'OTCA/Proyecto GEF Amazonas','Ecosistemas Acuáticos, Manejo de ecosistemas, pesquerías, limnología, estudio de ecosistemas, investigaciones de ecosistemas, pesca artesanal, pesca   de subsistencia, recreativa, comercial, amenazas',1,6,188,'es',3,NULL,5),(189,'Informe del Taller Nacional sobre ADT incluyendo el análisis consolidado de la cadena causal','Este documento da cuenta detallada del desarrollo y resultados del Taller de Análisis de Diagnóstico Transfronterizo (ADT) nacional de Colombia realziado con actores claves de la cuenca del Río Amazonas, realizado en Leticia – Amazonas (Colombia), durante los días 13 y 14 de marzo de 2014 como aporte nacional al proyecto. “Manejo integrado y sostenible de los recursos hídricos de la cuenca del río Amazonas, considerando la variabilidad y el cambio climático”.',NULL,NULL,'10/04/2014','pdf',NULL,'OTCA/GEF/PNUMA',NULL,NULL,NULL,'OTCA/GEF/PNUMA','ADT, análisis, amazonia boliviana, PAE, problemas transfronterizos',1,6,189,'es',5,NULL,5),(192,'INFORME FINAL DEL ADT NACIONAL CONSOLIDADO Y LECCIONES APRENDIDAS EN RELACIÓN A LA METODOLOGIA ADT EMPLEADA','El presente documento hace referencia al Informe ADT Nacional Consolidado cuyo insumos son el Taller Nacional ADT realizado en Leticia, departamento del Amazonas en Colombia, y la revisión documental que hace la consultora con el fin de sustentar técnica y científicamente, con base a datos e información ya existente, los problemas transfronterizos prioritarios identificados en el Taller Nacional. Se trata de un documento de análisis con fundamentos objetivos y no un documento negociado y se constituye en la base factual para el Pan de Acción de Estratégicas PAE, como documento estratégico.',NULL,NULL,'01/10/2014','pdf',NULL,'OTCA/GEF/PNUMA','Español',NULL,NULL,'OTCA/GEF/PNUMA','ADT, análisis, taller, PAE, problemas transfronterizos',1,6,192,'es',5,NULL,5),(193,'Plan de trabajo detallado para el ADT-GEF Amazonas, ECUADOR: ADT nacional','Se ha considerado importante en la elaboración de las actividades del ADT nacional, la participación de las Unidades Nacionales de Coordinación del Proyecto (UNCP) que existen en cada uno de los países, así como del consultor nacional responsable para la elaboración del ADT Nacional.\\r\\nCon este último objeto, se seleccionó en la República del Ecuador al Ing. Guillermo Gallardo E., a fin de que sea el responsable de elaborar el ADT Nacional, basado en los datos disponibles del proyecto, los resultados en un Taller Nacional; y, la participación activa en el Taller Regional de validación.\\r\\nEl presente trabajo corresponde al primer producto de la consultoría, relativo al Plan de Trabajo para ',NULL,NULL,'03/03/2015','pdf',NULL,'OTCA/GEF/PNUMA','Español',NULL,NULL,'OTCA/GEF/PNUMA','ADT, análisis, taller, PAE, problemas transfronterizos',1,6,193,'es',5,NULL,5),(194,'Informe Final ADT nacional de Ecuador','Con el fin de dar cumplimiento a lo señalado, se ha contratado al Ing. Guillermo Gallardo E., especialista en planificación de los recursos hídricos, para que participe y coordine la estructuración del ADT nacional. El presente documento que es el resultado de la consultoría contratada, muestra una brevísima caracterización de los aspectos biofísicos y socioeconómicos de la cuenca, así como revisa la estructura institucional existente para afrontar en la RAE la gestión integrada del recurso hídrico. Parte importante del presente documento es el procesamiento que se ha realizado a los talleres realizados con autoridades e informantes calificados de dos cuencas hidrográficas (Napo y Santiago),',NULL,NULL,'28/02/2014','pdf',NULL,'OTCA/GEF/PNUMA','Español',NULL,NULL,'OTCA/GEF/PNUMA','ADT, análisis, PAE, problemas transfronterizos, Taller, Cuenca Amazónica del Ecuador',1,6,194,'es',5,NULL,5),(195,'Informe 01-JB-2013 PLAN DE TRABAJO ADT','El Análisis del Diagnóstico Transfronterizo (ADT) es una metodología de identificación y de evaluación de los problemas ambientales más importantes, denominados Temas Críticos, que están ocurriendo, o que eventualmente van a presentarse, en una cuenca o región, y para determinar sus causas directas, indirectas y raíces. Busca también identificar la cadena de causa – efecto y establecer las relaciones existentes con el deterioro de sus recursos hídricos. Además, busca identificar los vacíos de información y las acciones necesarias para mitigar o evitar los problemas. El ADT hace énfasis en los aspectos transfronterizos de la cuenca o región y representa una contribución de su potencial al des',NULL,NULL,'14/08/2013','pdf',NULL,'OTCA/GEF/PNUMA','Español',NULL,NULL,'OTCA/GEF/PNUMA','ADT, análisis, PAE, problemas transfronterizos, JB',1,6,195,'es',5,NULL,5),(197,'Informe 02a-JB-2014 - PROPUESTA PRELIMINAR DEL ANÁLISIS DEL DIAGNÓSTICO TRANSFRONTERIZO REGIONAL','El Análisis de Diagnóstico Transfronterizo (ADT) es un análisis técnico y científico de determinación de hechos utilizado para cuantificar la importancia relativa de las fuentes, causas y efectos de los problemas hídricos transfronterizos. El ADT debe ser una evaluación objetiva y no un documento negociado. La principal función técnica de un Análisis de Diagnóstico Transfronterizo (ADT) es identificar, cuantificar y establecer prioridades para los problemas relacionados con el agua que son de naturaleza transfronteriza.',NULL,NULL,'10/02/2014','pdf',NULL,'OTCA/GEF/PNUMA','Español',NULL,NULL,'OTCA/GEF/PNUMA','ADT, análisis, PAE, problemas transfronterizos, JB',1,6,197,'es',5,NULL,5),(198,'Informe 02.b-JB-2014 - PROPUESTA PRELIMINAR DEL ANÁLISIS DEL DIAGNÓSTICO TRANSFRONTERIZO REGIONAL','El Análisis del Diagnóstico Transfronterizo (ADT) es una metodología de identificación y de evaluación de los problemas ambientales más importantes, denominados Temas Críticos, que están ocurriendo, o que eventualmente van a presentarse, en una cuenca o región, y para determinar sus causas directas, indirectas y raíces. Busca también identificar la cadena de causa – efecto y establecer las relaciones existentes con el deterioro de sus recursos hídricos. Además, busca identificar los vacíos de información y las acciones necesarias para mitigar o evitar los problemas. El ADT hace énfasis en los aspectos transfronterizos de la cuenca o región y representa una contribución de su potencial al des',NULL,NULL,'09/06/2014','pdf',NULL,'OTCA/GEF/PNUMA','Español',NULL,NULL,'OTCA/GEF/PNUMA','ADT, análisis, PAE, problemas transfronterizos, JB',1,6,198,'es',5,NULL,5),(199,'Informe 02c-JB-2014 PROPUESTA REGIONAL DEL ANÁLISIS DIAGNÓSTICO TRANSFRONTERIZO DE LA CUENCA AMAZONICA-ADT','El presente documento fue desarrollado con base en los resultados de los procesos nacionales de ADT y los aportes de las actividades científicas y demostrativas implementadas en el contexto del proyecto GEF Amazonas. El documento está organizado en tres partes: (i) Problemas Transfronterizos Prioritarios de la Cuenca Amazónica, (ii) Impactos y Cadena Causal de los problemas transfronterizos críticos y (iii) Acciones Estratégicas Regionales. Informaciones complementarias sobre el carácter transfronterizo de la Cuenca Amazónica y la Metodología ADT/PAE se encuentran en los anexos.',NULL,NULL,'10/11/2014','pdf',NULL,'OTCA/GEF/PNUMA','Español',NULL,NULL,'OTCA/GEF/PNUMA','ADT, análisis, PAE, problemas transfronterizos, JB',1,6,199,'es',5,NULL,5),(200,'Informe 03-JB-2014 - TALLER REGIONAL DEL ANÁLISIS DEL DIAGNÓSTICO TRANSFRONTERIZO','El informe contiene los resultados del Taller Regional del Análisis del Diagnostico Transfronterizo –ADT, realizado en la ciudad de Brasilia los días 13 y 14 de octubre del 2014. El principal objetivo del ADT es identificar, cuantificar y establecer prioridades para abordar los problemas ambientales transfronterizos críticos, asociados a la gestión de los recursos hídricos en la cuenca del río Amazonas',NULL,NULL,'19/01/2015','pdf',NULL,'OTCA/GEF/PNUMA','Español',NULL,NULL,'OTCA/GEF/PNUMA','ADT, análisis, PAE, problemas transfronterizos, JB, Taller',1,6,200,'es',5,NULL,5),(201,'Análisis Diagnóstico Transfronterizo (ADT) Bolivia','El presente documento presenta el plan de trabajo para la elaboración del ADT para la Cuenca del\\r\\nAmazonas en Bolivia, centrándose en las cuestiones identificadas durante las consultas, estudios y\\r\\nanálisis relacionados con el tema.',NULL,NULL,'04/09/2014','pdf',NULL,'OTCA/GEF/PNUMA','Español',NULL,NULL,'OTCA/GEF/PNUMA','ADT, análisis, PAE, problemas transfronterizos',1,6,201,'es',5,NULL,5),(204,'PRODUTO I – PLANO ESTRATÉGICO DE IMPLEMENTAÇÃO DO PROJETO SUSTAINABLE MANAGEMENT OF TRANSBOUNDARY FLOODPLAIN FORESTS IN THE AMAZON','A riqueza e a diversidade de flora, fauna, solos e ambientes aquáticos na Amazônia, especificamente na Amazônia inundável Brasileira e Peruana associada a demandas tecnológicas e energéticas regionais e mundiais caracterizam uma interação muito peculiar, pois a sustentabilidade ecológico-econômica desta interação pode promover desenvolvimentos locais específicos estratégicos para os países da Panamazônia.',NULL,NULL,'03/10/2012','pdf',NULL,'OTCA/GEF/PNUMA','Portugués',NULL,NULL,'OTCA/GEF/PNUMA','PAE, Amazonia , Cambio climático, Adaptación , Recursos hídricos , GEF Amazonas',1,6,204,'pt',5,NULL,5),(206,'INTRODUCCIÓN DEL SISTEMA JURÍDICO DE ECUADOR','El Ecuador es un Estado constituc ional de derechos y justicia, social, democrático, soberano, independiente, unitario, intercultural, plurinacional y laico. Se organiza en forma de república y se gobierna de manera descentralizada.',NULL,NULL,'03/03/2015','pdf',NULL,'OTCA/GEF/PNUMA','Español',NULL,NULL,'OTCA/GEF/PNUMA','Sociedad Amazónica, Cuenca Amazónica, entidades nacionales, Sistema Jurídico, Ecuador',1,6,206,'es',2,NULL,5),(207,'ANÁLISIS DE LA LEGISLACIÓN ECUATORIANA PARA EL MANEJO INTEGRADO DE LOS RECURSOS HÍDRICOS TRANSFRONTERIZOS EN LA CUENCA DEL AMAZONAS CONSIDERANDO LA VARIABILIDAD Y EL CAMBIO CLIMÁTICO','Respecto de la información de Ecuador, se ha completado un “Inventario de datos de la legislación sobre los recursos hídricos, la biodiversidad y el cambio climático en los países de la cuenca del Amazonas”, documento que consta como Anexo 1.',NULL,NULL,'13/04/2014','pdf',NULL,'OTCA/GEF/PNUMA','Español',NULL,NULL,'OTCA/GEF/PNUMA','Legislación, Gestión de Recursos Hídricos, Ecuador',1,6,207,'es',2,NULL,5),(208,'Diagnóstico das áreas mais críticas de vulnerabilidade hidrológica na região transfronteiriça do MAP, afetada por graves secas, inundações, deslizamentos de terra e erosão.','O objetivo deste relatório, o segundo de quatro produtos, é fornecer um diagnóstico das áreas mais criticas de vulnerabilidade hidrológica na região transfronteiriça do MAP. Este é um alvo em rápida evolução. Por exemplo, a preocupação sobre graves secas explodiu durante e depois da seca severa de 2005, nove anos atrás. As frequentes inundações da cidade de Rio Branco deste 2006 tem criado uma nova ‘norma’ para respostas de Defesa Civil na Região MAP.',NULL,NULL,'27/01/2014','pdf',NULL,'OTCA/GEF/PNUMA','Portugues',NULL,NULL,'OTCA/GEF/PNUMA','PAE, Recursos Hídricos, Region MAP, Region Transfronteriza de MAP, Cambio Climatico, Diagnostico',1,6,208,'pt',7,NULL,5),(209,'Análise dos dados relacionados com mudanças climáticas e seus efeitos nos serviços dos ecossistemas na região transfronteiriça do MAP','O nexo de mudanças climáticas, serviços dos ecossistemas e a região MAP, o coração da Amazônia Sul-Ocidental, representa o cruzamento de três assuntos complexos. O objetivo deste relatório, o primeiro de quatro produtos, é fornecer o contexto para a análise dos dados relacionados com mudanças climáticas e seus efeitos nos serviços dos ecosistemas na região transfronteiriça do MAP. A rápida evolução da ciência de mudanças climáticas, como se pode notar em termos da literatura revisada abaixo, significa que o próprio contexto está em evolução',NULL,NULL,'18/09/2013','pdf',NULL,'OTCA/GEF/PNUMA','Portugues',NULL,NULL,'OTCA/GEF/PNUMA','PAE, Amazonia , Cambio climático, Adaptación , Diagnostico',1,6,209,'pt',7,NULL,5),(210,'Matriz de vulnerabilidade dos recursos hídricos às mudanças climáticas: uma proposta metodológica para a Região MAP','Água e suas múltiplas interações com os ecossistemas e a sociedade humana servem como um indicador da vulnerabilidade destes às mudanças climáticas na Região MAP. De certa maneira, uma análise dos recursos hídricos perante as mudanças climáticas pode apontar os impactos potenciais que produzem a variabilidade natural acoplada a alterações antropogênicas de balanço energético e de ciclos biogeoquímicos do planeta.',NULL,NULL,'13/09/2014','pdf',NULL,'OTCA/GEF/PNUMA',NULL,NULL,NULL,'OTCA/GEF/PNUMA','PAE, Amazonia , Cambio climático, Adaptación , Recursos hídricos',1,6,210,'pt',7,NULL,5),(211,'Strengthening adaptation to extreme climate events in Southwestern Amazonia: an example from the trinational Acre River Basin in the Madre de Dios/Peru – Acre/Brazil – Pando/Bolivia (MAP) Region.','Strengthening adaptation to extreme climate events in Southwestern Amazonia: an example from the trinational Acre River Basin in the Madre de Dios/Peru – Acre/Brazil – Pando/Bolivia (MAP) Region.',NULL,NULL,'07/04/2015','pdf',NULL,'OTCA/GEF/PNUMA','Ingles',NULL,NULL,'OTCA/GEF/PNUMA','Amazonia, Cambio Climático, Adaptación , Recursos Hídricos , GEF Amazonas',1,6,211,'en',1,NULL,5),(212,'UNIVERSIDADE FEDERAL DO PARÁ – UFPA INSTITUTO DE GEOCIÊNCIAS-OCEANOGRAFIA','O presente relatório faz parte do trabalho de consultoria referente ao projeto intitulado de: “Gestão Integrada e Sustentável dos Recursos Hídricos Transfronteiriços da Bacia Amazônica, Considerando a Variabilidade Climática e a Mudanças Climáticas”.\\r\\nEste primeiro documento (produto 1) está voltado para a coleção de uma banco de dados de variáveis oceanográficas que auxiliem no entendimento do projeto, como exemplo, pode-se citar: maré, salinidade e TSM.\\r\\n',NULL,NULL,'11/12/2013','pdf',NULL,'OTCA/GEF/PNUMA','Portugues',NULL,NULL,'OTCA/GEF/PNUMA','PAE, Recursos hidricos, Diagnostico, Universidad Federal de Pará, GeoCiencias, Oceanografia',1,6,212,'pt',10,NULL,5),(213,'UNIVERSIDADE FEDERAL DO PARÁ – UFPA INSTITUTO DE GEOCIÊNCIAS-OCEANOGRAFIA','O presente relatório faz parte do trabalho de consultoria referente ao projeto intitulado de: “Gestão Integrada e Sustentável dos Recursos Hídricos Transfronteiriços da Bacia Amazônica, Considerando a Variabilidade Climática e a Mudanças Climáticas”.\\r\\nEste segundo documento (produto 2) está voltado para a elaboração de um relatório sobre as ondas, correntes oceânicas e eventos extremos ocorrentes no arquipélago do Marajó e região.\\r\\n',NULL,NULL,'03/03/2015','pdf',NULL,'OTCA/GEF/PNUMA','Portugues',NULL,NULL,'OTCA/GEF/PNUMA','PAE, Recursos hidricos, Diagnostico, Universidad Federal de Pará, GeoCiencias, Oceanografia, Segundo producto',1,6,213,'pt',10,NULL,5),(214,'Levantamentos Oceanográficos','O presente relatório faz parte do trabalho de consultoria referente ao projeto intitulado de: “Gestão Integrada e Sustentável dos Recursos Hídricos Transfronteiriços da Bacia Amazônica, Considerando a Variabilidade Climática e a Mudanças Climáticas”. \\r\\nEste último documento (produto 3) está voltado para a consolidação do trabalho, a fim de estabilizar tudo que foi produzido/estudado ao longo do projeto\\r\\n',NULL,NULL,'03/03/2015','pdf',NULL,'OTCA/GEF/PNUMA','Portugues',NULL,NULL,'OTCA/GEF/PNUMA','PAE, Amazonia , Cambio climático, Adaptación , Recursos hídricos',1,6,214,'pt',7,NULL,5),(215,'Banco de Dados e Elaboração de Mapas do Arquipélago do Marajó','Banco de Dados e Elaboração de Mapas do Arquipélago do Marajó',NULL,NULL,'12/12/2013','pdf',NULL,'OTCA/GEF/PNUMA','Portugues',NULL,NULL,'OTCA/GEF/PNUMA','PAE, Banco de datos, Mapas, Archipielago de Marajó, Diagnostico',1,6,215,'pt',5,NULL,5),(216,'Levantar informações sobre as Políticas de adaptação às mudanças nos países na América Latina, exclusivamente aqueles banhados pelas águas do Oceano Atlântico','O Oceano Atlântico, um importante reservatório de calor para o sistema climático (Levitus, 1984), abriga o ramo de maior extensão meridional da circulação termohalina global (Gordon & Greengrove 1986) que, por transportar grandes quantidades de calor, regula o clima terrestre. O Atlântico Sul desempenha um papel fundamental na transferência inter-hemisférica de calor e possui um forte impacto no clima da América do Sul.',NULL,NULL,'20/03/2015','pdf',NULL,'OTCA/GEF/PNUMA','Portugues',NULL,NULL,'OTCA/GEF/PNUMA','PAE, Amazonia , Cambio climático, Adaptación , Diagnostico, GEF-Amazonas',1,6,216,'pt',7,NULL,5),(217,'Banco de Referências Bibliográficas sobre as Técnicas (estruturais ou não) de adaptação nas zonas costeiras','Este relatório faz referência ao Produto 1 da atividade III.2.3. Adaptação à subida do nível do mar no Delta do Amazonas que faz parte do projeto GEF Amazonas: Gestão Integrada e Sustentável dos Recursos Hídricos Transfronteiriços da Bacia do Rio Amazonas considerando a Variabilidade e a Mudança Climática.',NULL,NULL,'16/09/2014','pdf',NULL,'OTCA/GEF/PNUMA','Portugues',NULL,NULL,'OTCA/GEF/PNUMA','PAE, Amazonia , Cambio climático, Adaptación , Diagnostico, GEF-Amazonas',1,6,217,'pt',7,NULL,5),(218,'Levantar informações sobre as políticas de adaptação às mudanças no Brasil','Este relatório faz referência ao Produto 1 da atividade III.2.3. Adaptação à subida do nível do mar no Delta do Amazonas que faz parte do projeto GEF Amazonas: Gestão Integrada e Sustentável dos Recursos Hídricos Transfronteiriços da Bacia do Rio Amazonas considerando a Variabilidade e a Mudança Climática. \\r\\nO objetivo geral desta atividade é elaborar estudos sobre as diversas Técnicas de adaptação à subida do nível do mar aplicada no mundo. Com isso o objetivo específico deste produto 2, o qual faz parte do relatório sobre as iniciativas desenvolvidas no mundo para conter o avanço do mar sobre as zonas costeiras, foi o levantamento de informações sobre as políticas de adaptação às mudança',NULL,NULL,'11/11/2014','pdf',NULL,'OTCA/GEF/PNUMA','Portugues',NULL,NULL,'OTCA/GEF/PNUMA','PAE, Amazonia , Cambio climático, Adaptación , Diagnostico, GEF-Amazonas',1,6,218,'pt',7,NULL,5),(219,'Banco de Dados sobre a morfodinâmica das planícies arenosas sob o domínio da macro-maré e no Arquipélago do Marajó e adjacências','A Zona Costeira (ZC), constitui uma zona de fronteira sujeita às contínuas alterações morfodinâmicas, modeladas por processos de origem continental e marinha (Silva et al. 2004), muitos dos quais controlados por fatores climáticos e meteorológicos. As áreas costeiras estão entre os mais complexos e variáveis sistemas marinhos, porque suas dinâmicas estão sujeitas a efeitos derivados de uma geometria complexa, onde a batimetria desempenha um papel crucial na propagação de ondas. Além disso, a ampla gama de processos hidro-morfodinâmicos que afetam as zonas costeiras tais como ondas, correntes e marés, entre outros, interagem em diferentes escalas espaciais e temporais, tornando a essas zonas ',NULL,NULL,'22/09/2014','pdf',NULL,'OTCA/GEF/PNUMA','Portugues',NULL,NULL,'OTCA/GEF/PNUMA','PAE, Amazonia , Cambio climático, Adaptación , Diagnostico, GEF-Amazonas',1,6,219,'pt',7,NULL,5),(220,'AMBIENTE DE PRAIA','A Zona Costeira (ZC), constitui uma zona de fronteira sujeita às contínuas alterações morfodinâmicas, modeladas por processos de origem continental e marinha (Silva et al.2004), muitos dos quais controlados por fatores climáticos e meteorológicos. As áreas costeiras estão entre os mais complexos e variáveis sistemas marinhos, porque suas dinámicas estão sujeitas a efeitos derivados de uma geometria complexa, onde a batimetria desempenha um papel crucial na propagação de ondas. Além disso, a ampla gama de processos hidromorfodinâmicos que afetam as zonas costeiras tais como ondas, correntes e marés, entre outros, interagem em diferentes escalas espaciais e temporais, tornando a essas zonas am',NULL,NULL,'08/05/2015','pdf',NULL,'OTCA/GEF/PNUMA','Portugues',NULL,NULL,'OTCA/GEF/PNUMA','PAE, Amazonia , Adaptación , Diagnostico, GEF-Amazonas, Playa, Morfodinamica',1,6,220,'pt',7,NULL,5),(221,'ANÁLISIS DE LAS NORMAS ECUATORIANAS DE RECURSOS HÍDRICOS Y UN ENFOQUE ESTRATÉGICO PARA LA ARMONIZACIÓN DE NORMAS','Este documento permite establecer las características básicas del ordenamiento jurídico ecuatoriano y de sus regulaciones en la materia que nos ocupa e identificar, en función de dicho análisis los puntos comunes y divergentes con las normas y ordenamientos jurídicos de otros países de la cuenca del Río Amazonas, buscando su armonización.',NULL,NULL,'22/09/2014','pdf',NULL,'OTCA/GEF/PNUMA','Español',NULL,NULL,'OTCA/GEF/PNUMA','Legislación, Gestión de Recursos Hídricos, Ecuador, normas',1,6,221,'es',2,NULL,5),(222,'Introducción al Sistema Jurídico Boliviano','Bolivia tiene un sistema de gobierno basado en el Presidencialismo. El Estado se organiza y estructura su poder público a través de los órganos Legislativo, Ejecutivo, Judicial y Electoral. La organización del Estado está fundamentada en la independencia, separación, coordinación y cooperación de estos órganos.',NULL,NULL,'19/05/2015','pdf',NULL,'OTCA/GEF/PNUMA','Español',NULL,NULL,'OTCA/GEF/PNUMA','Sociedad Amazónica, Cuenca Amazónica, entidades nacionales, Sistema Jurídico, Bolivia',1,6,222,'es',2,NULL,5),(223,'ANÁLISIS DE LAS NORMAS BOLIVIANAS DE RECURSOS HÍDRICOS','El informe técnico, se circunscribe a los objetivos generales y específicos y a las actividades y productos establecidos en el Contrato de Consultoría GEF/GA/0833/2013 como parte del subproyecto I.2 correspondiente al “Fortalecimiento de los Sistemas Jurídicos e Institucionales de los Países del Rio Amazonas” del proyecto de “Gestión Integrada y Sostenible de los recursos Hídricos Transfronterizos en la Cuenca del Rio Amazonas Considerando la variabilidad Climática y el Cambio Climático” en su Componente –I relacionado con al Comprensión de la Sociedad Amazónica.',NULL,NULL,'23/09/2014','pdf',NULL,'OTCA/GEF/PNUMA','Español',NULL,NULL,'OTCA/GEF/PNUMA','Sociedad Amazónica, Cuenca Amazónica, entidades nacionales, Sistema Jurídico, Bolivia, Normas',1,6,223,'es',2,NULL,5),(224,'ANÁLISIS DE LA LEGISLACIÓN BOLIVIANA PARA EL MANEJO INTEGRADO DE LOS RECURSOS HÍDRICOS TRANSFRONTERIZOS EN LA CUENCA DEL AMAZONAS CONSIDERANDO LA VARIABILIDAD Y EL CAMBIO CLIMÁTICO','El presente informe, su contenido y recomendaciones se enmarcan en los objetivos del Contrato de Consultoría GEF/GA/083/2013. El punto de inicio ha sido la identificación de normativa relacionada con los recursos hídricos, el medio ambiente y los recursos naturales en particular, abarcando desde la Constitución Política del Estado, las Leyes, Decretos Supresos y Resoluciones Administrativas correspondientes a los niveles nacionales, depar',NULL,NULL,'06/03/2014','pdf',NULL,'OTCA/GEF/PNUMA','Español',NULL,NULL,'OTCA/GEF/PNUMA','Sociedad Amazónica, Cuenca Amazónica, entidades nacionales, Sistema Jurídico, Bolivia',1,6,224,'es',2,NULL,5),(225,'Análise das normas internacionais e da estrutura da Organização do Tratado de Cooperação Amazônica','O TCA e o PE estabelecem um sistema de cooperação internacional para os territórios amazônicos das Partes Contratantes. Esta se pauta pela finalidade de promover o desenvolvimento e na crença na cooperação entre Estados soberanos como sua facilitadora. Desse modo, reafirma-se vigorosamente a soberania nacional sobre os territórios amazônicos e os recursos naturais aí existentes, reservando aos Estados a capacidade de regulamentar e realizar ações para sua exploração e explotação, bem como para qualquer política voltada a gerar desenvolvimento mediante a integração da sociedade e economia regionais às da nação.',NULL,NULL,'03/03/2015','pdf',NULL,'OTCA/GEF/PNUMA','Portugués (Brasil)',NULL,NULL,'OTCA/GEF/PNUMA','OTCA, Análisis, normas, normas internacionales,  Sociedad Amazónica, Análise',1,6,225,'pt',2,NULL,5),(226,'ANÁLISIS DE LAS NORMAS INTERNACIONALES DE RECURSOS HÍDRICOS Y UN ENFOQUE ESTRATÉGICO PARA LA ARMONIZACIÓN DE NORMAS','Este informe analiza la estructura jurídica de los acuerdos internacionales que\\r\\nconstituyen la Organización del Tratado de Cooperación Amazónica (OTCA) con el fin de describir con precisión sus principios jurídicos, las obligaciones internacionales y los aspectos institucionales . El análisis se conduce por médio de la interpretación de los textos de estos acuerdos y del enfoque efectivo de la agenda de la Organización. Se concluye que los acuerdos que componen el ordenamiento jurídico de la OTCA son instrumentos fundamentalmente clásicos del derecho internacional, que están respaldados por un profundo respeto a la soberanía nacional y el predominio de las políticas y decisiones estatales',NULL,NULL,'12/06/2014','pdf',NULL,'OTCA/GEF/PNUMA','Español',NULL,NULL,'OTCA/GEF/PNUMA','OTCA, Análisis, normas, normas internacionales,  Sociedad Amazónica',1,6,226,'es',2,NULL,5),(227,'SISTEMAS METEOROLÓGICOS QUE ATUAM NA ilha do marajó','A Amazônia situa-se na região equatorial e possui um clima quente e úmido, embora este comportamento não tenha sido uma constância durante os últimos 15.000 anos. Alterações da relação Terra-Sol provocaram mudanças significativas na quantidade de energia solar recebida pelo planeta Terra, modificando a composição dos sistemas atmosféricos predominantes e, consequentemente, o clima.',NULL,NULL,'12/13/2013','pdf',NULL,'OTCA/GEF/PNUMA','Portugues',NULL,NULL,'OTCA/GEF/PNUMA','PAE, Diaognostico, Sistemas Meteorologicos, Clima',1,6,227,'pt',3,NULL,5),(228,'Banco de Dados Geográfico, Bases cartográficas, banco de imagens de satélites a serem utilizadas, fichas técnicas das imagens, fonte de dados, os procedimentos metodológicos.','O Banco de dados geográfico utilizado para o armazenamento consulta a manipulação de informações geográficas e dados vetoriais, neste projeto está pautado na estrutura de Geodatabase (GDB), pois este tem a função de Integrar todos os dados geográficos de uma organização em um único ambiente, podendo ser classificado como Pessoal ou Multi usuários de acordo com a necessidade do trabalho que será aplicado.',NULL,NULL,'22/09/2014','pdf',NULL,'OTCA/GEF/PNUMA','Portugues',NULL,NULL,'OTCA/GEF/PNUMA','PAE, Datos geográficos , Cartografía , Imágenes de satélite, Diagnostico, GEF - Amazonas',1,6,228,'pt',7,NULL,5),(229,'Mapas temáticos, Cartas-imagens do meio físico e Contribuição na elaboração do Relatório Técnico.','A aplicação do sensoriamento remoto e SIG, nos estudos das mudanças costeiras de médio período, constitui uma das mais importantes técnicas para registrar, monitorar, mapear e comparar áreas em diferentes locais, sujeitas a recuo e acreção da linha de costa, nas últimas décadas',NULL,NULL,'03/03/2015','pdf',NULL,'OTCA/GEF/PNUMA','Portugues',NULL,NULL,'OTCA/GEF/PNUMA','PAE, Amaznoia, Mapas Temáticos, Gráficos, Diagnostico, GEF - Amazonas',1,6,229,'pt',7,NULL,5),(230,'Relatório Final: Producto 1, Producto 2, Producto 3','A organização do banco de dados e aquisição de dados é essencial para a produção de mapas e cartas. No entanto os dados cartográficos disponíveis em sites oficiais para ilha do Marajó ainda são muito limitados e com escalas desproporcionais para que se faça uma análise mais criteriosa, como é o caso da variação de linha de costa ou mesmo para análise das comunidades encontradas nessa região',NULL,NULL,'20/03/2015','pdf',NULL,'OTCA/GEF/PNUMA','Portugues',NULL,NULL,'OTCA/GEF/PNUMA','PAE, Amaznoia, Clima, Datos Geograficos, Mapas Tematicos, Informe final, Diagnostico',1,6,230,'pt',7,NULL,5),(231,'Introducción al Sistema Jurídico Peruano','El presente documento que menciona cómo está constituido el sistema jurídico peruano respondiendo a tres preguntas principales. El Perú es un Estado unitario centralizado. El poder ejecutivo está compuesto del presidente de la república; el presidente del consejo de ministros y los ministros- El poder legislativo es llamado el congreso; con una sola cámara; que aprueba leyes en dos votaciones.',NULL,NULL,'03/03/2015','pdf',NULL,'OTCA/GEF/PNUMA','Español',NULL,NULL,'OTCA/GEF/PNUMA','Sociedad Amazónica, Cuenca Amazónica, entidades nacionales, Sistema Jurídico, Perú',1,6,231,'es',2,NULL,5),(232,'Informe de Actividades de Consultoría en Base de Datos y Sistematización de la Información','\\r\\nDiseño de las Bases de Datos para la Información generada por los consultores y la Base de Datos o Metadatos Cartográfica, conjuntamente con los consultores que están desarrollando el SII. \\r\\n',NULL,NULL,'21/05/2015','pdf',NULL,'OTCA/GEF/PNUMA','Español',NULL,NULL,'OTCA/GEF/PNUMA','PAE, Diagnostico, Informe, Base de Datos, Consultoria, Sistematizacion',1,6,232,'es',8,NULL,5),(233,'Informe de Actividades y principales Resultados para el Producto 1','\\r\\n\\r\\nDiseño de las Bases de Datos para la Información generada por los consultores y la Base de Datos o Metadatos Cartográfica, conjuntamente con los consultores que están desarrollando el SII. \\r\\n',NULL,NULL,'21/06/2016','pdf',NULL,'OTCA/GEF/PNUMA','Español',NULL,NULL,'OTCA/GEF/PNUMA','PAE, Diagnostico, Informe, Base de Datos, Consultoria, Sistematizacion, Producto 1',1,6,233,'es',8,NULL,5),(234,'Draft # 1: Product 01 - Guyana','The legal system in Guyana can be described as a constitutional democracy. The constitution of the Cooperative Republic of Guyana, which was enacted in 1980, with major amendments in 2003 (the Constitution), and minor amendments thereafter is the supreme law of Guyana. The legal doctrine of the separation of powers is said to be operative in Guyana, with the system of government being divided into three arms. The Parliament by virtue of Article 51, Articles 65 -70, and Articles 155-160, the Executive by virtue Articles 99 – 109 and Article 183 and the Judiciary by the provisions of Articles 122A to 125.',NULL,NULL,'12/08/2013','pdf',NULL,'OTCA/GEF/PNUMA','Inglés',NULL,NULL,'OTCA/GEF/PNUMA','Sociedad Amazónica, Cuenca Amazónica, entidades nacionales, Sistema Jurídico, Guyana, Legal System',1,6,234,'en',2,NULL,5),(235,'Draft # 1: Product 03 - Guyana','The additional convention regarding water resources, which has been utilised by Guyana to address certain issues with Suriname is the the United Nations Convention on the Law of the Sea. Guyana has utilised the provisions of this convention having ratified it on the 16th November, 1993.',NULL,NULL,'11/11/2013','pdf',NULL,'OTCA/GEF/PNUMA','Inglés',NULL,NULL,'OTCA/GEF/PNUMA','Sociedad Amazónica, Cuenca Amazónica, entidades nacionales, Sistema Jurídico, Guyana',1,6,235,'en',2,NULL,5),(236,'Product V: Integrated and Sustainable Management of Transboundary Water Resources in the Amazon River Basin Considering Climate Variability and Climate Change GEF/GA/088/2013','Water is an important part of the identity of Guyana. The first verse of the national anthem highlights this and commences with the following words: “Dear land of Guyana, of rivers and plains, made rich by the sunshine and lush by the rains”.',NULL,NULL,'26/03/2014','pdf',NULL,'OTCA/GEF/PNUMA','Inglés',NULL,NULL,'OTCA/GEF/PNUMA','Sociedad Amazónica, Cuenca Amazónica, entidades nacionales, Sistema Jurídico, Guyana',1,6,236,'en',2,NULL,5),(237,'ARQUITECTURA DE LA INFORMACIÓN GESTION INTEGRADA DE RECURSOS HIDRICOS DEL PROYECTO GEF AMAZONAS - OTCA','Esta propuesta de la Arquitectura de la Información del Proyecto GEF Amazonas, Ha sido generada en base a los Componentes, Subproyectos y Actividades del proyecto, una vez analizado todos estos aspectos se generaron las temáticas sobre las cuales se basará la arquitectura de la Información, que, permitirá acceder a los diferentes documentos generados por los consultores de los diferentes países miembros de la OTCA',NULL,NULL,'21/06/2016','pdf',NULL,'OTCA/GEF/PNUMA','Español',NULL,NULL,'OTCA/GEF/PNUMA','PAE, Diagnostico, Informe, Arquitectura, GEF Amazonas, Reecursos Hidricos',1,6,237,'es',8,NULL,5),(238,'ANALIZIS OF WATER LAW OF GUYANA AND A STRATEGIC APPROACH FOR THE HARMONIZATION OF NORMS','The Amazon Cooperation Treaty (ACT) set as its main objective to undertake joint efforts to promote the harmonious development of “their respective Amazonian territories” so that these joint actions produce equitable and mutually beneficial, as well as the preservation of environment and the conservation and rational use of natural resources in these territories (art. 1). Signed at Brasilia at 7th March 1978, the Republics of Bolivia, Brazil, Colombia, Ecuador, Guyana, Peru, Suriname and Venezuela, the TCA entered into force on 2nd August 1980, thirty days after the deposit of the last instrument of ratification of the treaty by Venezuela.',NULL,NULL,'25/09/2014','pdf',NULL,'OTCA/GEF/PNUMA','Inglés',NULL,NULL,'OTCA/GEF/PNUMA','Sociedad Amazónica, Cuenca Amazónica, entidades nacionales, Sistema Jurídico, Guyana',1,6,238,'en',2,NULL,5),(239,'Introdução ao Sistema Jurídico Brasileiro','O sistema do governo adotado no Brasil é o Presidencialista. Nesse modelo, o Presidente da República acumula as funções de Chefe de Estado e Chefe de Governo. Por força da Constituição da República Federativa do Brasil de 1988, o país constitui-se em um Estado Democrático de Direito, sendo assim, os membros do Poderes Executivo e Legislativo, em âmbito federal, estadual e municipal são eleitos mediante voto popular.',NULL,NULL,'03/03/2015','pdf',NULL,'OTCA/GEF/PNUMA','Portugués (Brasil)',NULL,NULL,'OTCA/GEF/PNUMA','Sociedad Amazónica, Cuenca Amazónica, entidades nacionales, Sistema Jurídico, Brasil',1,6,239,'pt',2,NULL,5),(240,'Informe Final de Consultoria: ANALISIS Y SISTEMATIZACION DE INFORMACION','En reconocimiento de unidad hidrográfica de la Cuenca Amazónica y con el fin de abordar la necesidad de una acción coordinada, los países de la cuenca (Bolivia, Brasil, Colombia, Ecuador, Guyana, Perú, Surinam y Venezuela suscribieron el Tratado de Cooperación Amazónica y crearon la Organización del Tratado de Cooperación Amazónica (OTCA). En 2003, a raíz de una iniciativa presentada por la Agencia Nacional de Aguas de Brasil y de los resultados de una reunión de puntos focales nacionales de la Red Interamericana de Recursos Hídricos, la OTCA, en nombre de los países de la Cuenca Amazónica, y en colaboración con la Organización de los Estados Americanos, buscó el apoyo del GEF para ayudar a ',NULL,NULL,'21/06/2016','pdf',NULL,'OTCA/GEF/PNUMA','Español',NULL,NULL,'OTCA/GEF/PNUMA','PAE, Diagnostico, Informe Final, Banco de Datos, Sistematizacion',1,6,240,'es',8,NULL,5),(241,'ANÁLISIS DE LAS NORMAS BRASILEIRAS DE RECURSOS HÍDRICOS','Este trabalho é fruto da consultoria realizada para a Organização do Tratado de Cooperação Amazônica (OTCA) contando com apoio financeiro do Fundo para o Meio Ambiente Mundial (GEF), que apoiou a elaboração de estudos sobre águas internacionais na bacia amazônica.',NULL,NULL,'12/06/2014','pdf',NULL,'OTCA/GEF/PNUMA','Portugués (Brasil)',NULL,NULL,'OTCA/GEF/PNUMA','OTCA, Análisis, normas, normas internacionales,  Sociedad Amazónica, recursos hídricos',1,6,241,'pt',2,NULL,5),(242,'PLAN DE TRABAJO: Consultoria Banco de Datos','Analizar los contenidos de todos los productos, bancos de datos y otros archivos producidos por los consultores del proyecto GEF Amazonas OTCA (incluyendo el Atlas de Vulnerabilidad Hidro-climática, Sistema de Alerta Temprana para la frontera tri-nacional, plataforma de ríos online, etc). Generar una base de datos de productos, metadatos de bases de datos tabulares y cartográficos, articulados con la arquitectura de información.',NULL,NULL,'17/04/2015','pdf',NULL,'OTCA/GEF/PNUMA','Español',NULL,NULL,'OTCA/GEF/PNUMA','PAE, Diagnostico, Plan de Trabajo, Banco de Datos, Consultoria, Sistematizacion, Producto 2',1,6,242,'es',8,NULL,5),(243,'Matriz Legal de lo Inventario de datos de la legislación sobre los recursos hídricos, la biodiversidad y el cambio climático en los países de la cuenca del Amazonas (doc Excel) y la introducción de los sistemas jurídicos de cada país','En Colombia la forma de gobierno es el Presidencialismo, con un Estado en el cual el eje central del poder político lo ostenta el presidente de la República elegido por la mitad más uno de los votos que, de manera secreta y directa, depositen los ciudadanos, el período constitucional es de cuatro años con posibilidad de reelección por una sola vez por otros cuatro años.',NULL,NULL,'03/03/2015','pdf',NULL,'OTCA/GEF/PNUMA','Español',NULL,NULL,'OTCA/GEF/PNUMA','Sociedad Amazónica, Cuenca Amazónica, entidades nacionales, Sistema Jurídico, Colombia',1,6,243,'es',2,NULL,5),(244,'Legal system of Suriname','Suriname gained its political independence from the Kingdom of the Netherlands in 1975. But the process of independence started more than a century earlier after the abolition of slavery in 1863 when the colonizer found the need to make legislation to rule the country. The foundations for the political development were laid by the introduction of the Code of 1865.',NULL,NULL,'03/03/2015','pdf',NULL,'OTCA/GEF/PNUMA','Inglés',NULL,NULL,'OTCA/GEF/PNUMA','Sociedad Amazónica, Cuenca Amazónica, entidades nacionales, Sistema Jurídico, Suriname',1,6,244,'en',2,NULL,5),(245,'Methodological Protocol II - Suriname','Suriname is located on the north eastern coast of South America and lies between latitude 2° and 6° N and between longitude 54° and 58° W. Suriname shares borders with Guyana to the west, French Guyana to the east and Brazil to the south. The actual borders are the Corantijn and Marowijne rivers to the west and east respectively and the Catchment divide with the Amazon Basin to the south. The Atlantic Ocean forms the northern boundary. The country has an surface area of 163,270 km2, 80% of which is covered with tropical rain forest.',NULL,NULL,'04/11/2013','pdf',NULL,'OTCA/GEF/PNUMA','Inglés',NULL,NULL,'OTCA/GEF/PNUMA','Legislación, Gestión de Recursos Hídricos, Suriname, sociedad amazónica',1,6,245,'en',2,NULL,5),(246,'ANALIZIS OF WATER LAW OF SURINAME AND A STRATEGIC APPROACH FOR THE HARMONIZATION OF NORMS','The aim of this report is to analyze the instruments, principles and legal norms in force on domestic law of the Amazon Basin in water resources management. The report was structured from a national to a local/municipal level. It started at the constitutional level looking at constitutional rights, the allocation of power and judicial review.',NULL,NULL,'31/05/2014','pdf',NULL,'OTCA/GEF/PNUMA','Inglés',NULL,NULL,'OTCA/GEF/PNUMA','Sociedad Amazónica, Cuenca Amazónica, entidades nacionales, Sistema Jurídico, Suriname, Analizis',1,6,246,'en',2,NULL,5),(247,'Terms of Reference of the Technical Design and Implement of the IIS Project','Based on the GEF project called “Integrated and sustainable management of transboundary water resources in the Amazon River Basin considering climate variability and change” this sub project is to create the Integrated Information System (IIS) that will store, access, and acquire relevant data necessary to inform decision-making with respect to actions affecting or being affected by the Amazon Basin.',NULL,NULL,'08/11/2013','pdf',NULL,'OTCA/GEF/PNUMA','Ingles',NULL,NULL,'OTCA/GEF/PNUMA','PAE, Diseño de Proyecto SII, Centro de Recuros de Datos, Cuenca, Amazonas, Diagnostico',1,6,247,'en',8,NULL,5),(250,'Annex B','Preliminary description of existing systems and databases in PS/OTCA',NULL,NULL,'21/05/2015','pdf',NULL,'OTCA/GEF/PNUMA','Español',NULL,NULL,'OTCA/GEF/PNUMA','PAE, Anexo B, Inventario OTCA, excel inventario',1,6,250,'en',2,NULL,5),(251,'Cuestionario Preliminar sobre Requerimientos para el Sistema Integrado de Información (SII)','Información y datos sobre Recursos Hídricos disponibles en los Países Miembros de OTCA',NULL,NULL,'08/11/2013','pdf',NULL,'OTCA/GEF/PNUMA','Portugues - Español',NULL,NULL,'OTCA/GEF/PNUMA','PAE, Diagnostico, Cuestionario, Informacion , Datos Recursos Hidricos',1,6,251,'pt',3,NULL,5),(252,'Proposed Architecture – Specification Document SII','Proposed Architecture – Specification Document SII',NULL,NULL,'08/11/2013','pdf',NULL,'OTCA/GEF/PNUMA','Ingles',NULL,NULL,'OTCA/GEF/PNUMA','PAE, ACTO, Diagnostico, Arquitectura, Propuesta, Documentos',1,6,252,'en',8,NULL,5),(253,'Informe del Workshop de validación y retroalimentación de propuesta de Sistema Integrado de Información del proyecto - GEF AMAZONAS','Este documento reporta los alcances del Workshop de validación y retroalimentación de la propuesta técnica para el sistema de información integrado – SII del Proyecto GEF AMAZONAS, concebida como una plataforma informática que permite la digitalización, recopilación, procesamiento y accesibilidad a contenidos generados en el marco de mencionado proyecto. Este taller se llevó a cabo el 17 de Octubre en la ciudad de Belem.',NULL,NULL,'30/12/2014','pdf',NULL,'OTCA/GEF/PNUMA','Español',NULL,NULL,'OTCA/GEF/PNUMA','PAE, Diagnostico, Informe, Workshop, Validacion, GEF - Amazonas',1,6,253,'es',10,NULL,5),(254,'WATER POLLUTION OF THE AMAZON BASIN','Despite the high proportion of the urban population, the main economic activities of the Amazon Region are related to the extraction of raw materials for export, such as gold, wood, oil and different forest products, the generation of electricity from large hydroelectric and, lately, the expansion of agriculture (meat production) and agro-industrial activities (basically soy).',NULL,NULL,'15/05/2015','pdf',NULL,'OTCA/GEF/PNUMA','Ingles',NULL,NULL,'OTCA/GEF/PNUMA','PAE, Amazonia, Contaminacion, Cuenca, Rio',1,6,254,'en',10,NULL,5),(255,'Identificación documentada de la contaminación del agua en los \\\\\\\"puntos críticos\\\\\\\" y análisis de las causas antropogénicas y los impactos de la contaminación del agua tanto en la salud humana como del medio ambiente','\\r\\nO rio Amazonas nasce no vale de Apacheta, na montanha de Mismi, cordilheira de Shila, Departamento de Arequipa, Peru, a uma altitude de 5.597 m. As águas de degelo fluem em direção ao rio Apurímac, tributário do Ucayali, que finalmente se une ao Marañón para formar o canal principal do rio Amazonas. Assim, a confluência entre o rios Apurímac e Ucayali é a transição do percurso do rio da região andina para a planície aluvial inundável e suavemente ondulada. O rio segue seu percurso na fronteira colombo – peruana, na fronteira tríplice incluindo-se o Brasil, onde recebe as águas do rio Negro. Nessa região da confluência é marcante o contraste entre as águas ao longo de 230 quilômetros, dev',NULL,NULL,'07/04/2015','pdf',NULL,'OTCA/GEF/PNUMA','Portugues',NULL,NULL,'OTCA/GEF/PNUMA','PAE, Amazonia, Diagnostico, Contaminacion, Medio Ambiente',1,6,255,'pt',8,NULL,5),(256,'Estratégia de Monitoramento da Qualidade de Água dos Rios da Bacia Amazônica','ANEXO B. Legislação ambiental dos países amazônicos, relativa à classificação da água.',NULL,NULL,'15/05/2015','pdf',NULL,'OTCA/GEF/PNUMA','Portugues',NULL,NULL,'OTCA/GEF/PNUMA','PAE, Estrategia, Monitoreo, Calidad de Agua , Legislacion, Diagnostico',1,6,256,'pt',2,NULL,5),(257,'POLUIÇÃO DAS ÁGUAS DA BACIA AMAZÔNICA','A bacia do rio Amazonas/Solimões, com cerca de sete milhões de quilômetros quadrados, dos quais aproximadamente quatro milhões estão no Brasil, é a maior bacia hidrográfica do planeta e também uma das menos compreendidas. A sua área de drenagem se entende por mais de um terço do continente sul americano e a sua descarga representa quase um quinto da descarga total de todos os rios do mundo. A bacia não só é importante para os países aos quais ela se estende como também para o mundo por seu papel no clima global.',NULL,NULL,'15/05/2015','pdf',NULL,'OTCA/GEF/PNUMA','Portugues',NULL,NULL,'OTCA/GEF/PNUMA','PAE, Contaminacion, Agua, Cuenca, Amazonas, Diagnostico',1,6,257,'pt',8,NULL,5),(258,'Estratégia de Monitoramento da Qualidade de Água dos Rios da Bacia Amazônica','O grande número atributos físicos, químicos e biológicos de água que podem ser monitorados e o alto custo da coleta de amostras e análises de laboratório representam um desafio fundamental para a criação de redes de monitoramento da qualidade da água. O projeto eficaz requer asserto preciso dos objetivos e uma clara compreensão das abordagens que serão utilizadas para se analisar os dados recolhidos pela rede. Restrições de custo em geral exigem compromissos difíceis a serem feitos entre frequência de amostragem, o número de locais de amostragem e precisão dos resultados e amplitude de objetivos. Este capítulo resume a proposta de uma rede comum de monitoramento da qualidade da água da Bacia',NULL,NULL,'15/05/2015','pdf',NULL,'OTCA/GEF/PNUMA','Portugues',NULL,NULL,'OTCA/GEF/PNUMA','PAE, Monitoreo, Calidad de Agua, Cuenca, Amazonas, Diagnostico',1,6,258,'pt',8,NULL,5),(259,'Submission of a strategic plan for Project/Activity implementation, including detailed methodology of work and the detailed index of the final report','A bacia do rio Amazonas/Solimoes, com cerca de sete milhoes de quilometros quadrados, dos quais aproximadamente quatro milhoes estao no Brasil, e a maior bacia hidrográfica do planeta e tambem uma das menos compreendidas. A sua área de drenagem se entende por mais de um terco do continente sul americano e a sua descarga representa quase um quinto da descarga total de todos os ríos do mundo. A bacia nao so e importante para os países aos quais ela se estende como tambem para o mundo por seu papel no clima global.',NULL,NULL,'14/11/2012','pdf',NULL,'OTCA/GEF/PNUMA','Portugues',NULL,NULL,'OTCA/GEF/PNUMA','PAE, Plan estrategico, Metodologia, Implementacion, Informe final',1,6,259,'pt',8,NULL,5),(260,'POLUIÇÃO DAS ÁGUAS DA BACIA AMAZÔNICA, Informes II, III, IV e V','Programas de manutenção e fornecimento de água limpa e segura estão previstos, ou já se realizam, nas políticas ambientais de todos os governos. No âmbito desses programas, o estabelecimento e operação de dispositivos apropriados, métodos, sistemas e procedimentos necessários para monitorar e para compilar e analisar dados sobre a qualidade das águas representam o maior desafio. O desconhecimento da qualidade das águas dificulta tanto o diagnóstico mais preciso sobre a realidade da condição dos recursos hídricos como a capacidade de decisão que atenda as necessidades da sociedade.',NULL,NULL,'10/04/2015','pdf',NULL,'OTCA/GEF/PNUMA','Portugues',NULL,NULL,'OTCA/GEF/PNUMA','PAE, Cuenca, Amazonas, Diagnostico, Informes',1,6,260,'pt',8,NULL,5),(261,'POLUIÇÃO DAS ÁGUAS DA BACIA AMAZÔNICA, Informes II, III, IV e V','Este documento, parte do Programa de Ações Estratégicas (PAE) do GEF Amazon, recomenda os elementos básicos de um programa de monitoramento de água (Capítulo 6), propõe uma alternativa de divulgação e acessibilidade dos dados ao público (Capítulo 5) e de uso de água segura para abastecimento doméstico (Capítulo 7) e pode servir como ferramenta para auxiliar os países amazônicos a elaborar um programa de monitoramento integrado em conjunto da qualidade da água da bacia do rio Amazonas.',NULL,NULL,'07/05/2015','pdf',NULL,'OTCA/GEF/PNUMA','Portugues',NULL,NULL,'OTCA/GEF/PNUMA','PAE, Cuenca, Amazonas, Contaminacion, Diagnostico, Informes',1,6,261,'pt',8,NULL,5),(262,'Investigação da literatura e de projetos de contaminação da água da bacia do Amazonas','Na Amazônia os estudos científicos de investigação com enfoque ao ambiente veem sendo realizados, principalmente, devido aos impactos negativos à saúde humana e ambiental causados pela intensificação do uso de substâncias poluentes inorgânicas e orgânicas, uso e ocupação da terra e instalação de grandes empreendimentos para fornecimento de energia, ocorrida nos últimos quarenta anos.',NULL,NULL,'02/03/2015','pdf',NULL,'OTCA/GEF/PNUMA','Portugues',NULL,NULL,'OTCA/GEF/PNUMA','PAE, Contamicion, Cuenca, Amazonas, Inventario, Datos, Diagnostico',1,6,262,'pt',8,NULL,5),(263,'Climate Change, Adaptation Capacity and Risk Governance in the Transboundary Purus River Sub-basin','Relatório com análise antropológica da situação atual das populações tradicionais da sub-bacia do rio Purus a partir do consumo e processamento dos recursos naturais e transformações demográficas na sub-bacia do rio Purus para o estabelecimento de medidas de adaptação para a governança de risco.',NULL,NULL,'20/03/2015','pdf',NULL,'OTCA/GEF/PNUMA','Portugues - Ingles',NULL,NULL,'OTCA/GEF/PNUMA','PAE, Cambio Climatico, Amazonia, Sub Cuenca, Diagnostico, Adaptacion, Transfronterizo',1,6,263,'pt',7,NULL,5),(264,'Análise documentada das dinâmicas socioculturais relativas aos processos adaptativos decorrentes das mudanças climáticas na Bacia do Rio Purus','Este produto trata das questões socioculturais relativas aos processos adaptativos decorrentes das mudanças climáticas na Bacia do Rio Purus. Usa, para tanto, os dados secundários recolhidos da base de dados do IBGE, articulados com as observações de campo que permitem relativizar tais dados evidenciando o perfil de risco frente às mudanças climáticas e/ou eventos climáticos extremos. A seção encontra-se dividida em três partes que expressam as principais atividades humanas de reprodução socioeconômicas, a saber: agricultura, pecuária e extração. Tais atividades serão correlacionadas ao desmatamento dos últimos doze anos para a área de estudo.',NULL,NULL,'03/03/2015','pdf',NULL,'OTCA/GEF/PNUMA','Portugues',NULL,NULL,'OTCA/GEF/PNUMA','PAE, Cambio climatico, Cuencas, Amazonia, Diagnostico, Analiis, Rios Purus',1,6,264,'pt',3,NULL,5),(265,'Relatório Parcial – Produto 1: Avaliação da pesca:Alto Xingu','Este componente do estudo relativo às atividades II.1.1 (Melhorar o conhecimento dos ecossistemas aquáticos amazônicos) do Projeto GEF-Amazonas visa analisar os aspectos socioeconômicos dos pescadores e povos ribeirinhos na região das cabeceiras do Rio Xingu, bem como, as ameaças ambientais aos ecossistemas aquáticos e conflitos relacionados à pesca.',NULL,NULL,'02/03/2015','pdf',NULL,'OTCA/GEF/PNUMA','Portugués (Brasil)',NULL,NULL,'OTCA/GEF/PNUMA','Sociedad Amazónica, Cuenca Amazónica, pesca, Brasil, Avaliação da pesca, Alto Xingu',1,6,265,'pt',1,NULL,5),(266,'Climate Change, Adaptation Capacity and Risk Governance in the Transboundary Purus River Sub-basin','PRODUTO 3. Relatório da dimensão antropológica e de Ecologia Humana para entrada direta dos requisitos de Antropologia de Populações Tradicionais na Amazônia no modelo operacional com dados de memória das populações acerca de mudança climática elencando medidas de resposta humana, a partir do refinamento dos dados coletados em viagens de campo e análise documentada dos impactos da mudança climática na gestão, pelas comunidades tradicionais, da sub-bacia do rio Purus',NULL,NULL,'22/02/2015','pdf',NULL,'OTCA/GEF/PNUMA','Portugues',NULL,NULL,'OTCA/GEF/PNUMA','PAE, Cambio Climatico, Amazonia, Sub Cuenca, Rio Purus, Diagnostico',1,6,266,'pt',7,NULL,5),(267,'Relatório Parcial – Produto 2: Avaliação da pesca','Este componente do estudo relativo às atividades II.1.1 (Melhorar o conhecimento dos ecossistemas aquáticos amazônicos) do Projeto GEF-Amazonas visa analisar os aspectos socioeconômicos dos pescadores e povos ribeirinhos na região do Baixo Rio Tocantins, bem como as ameaças ambientais aos ecossistemas aquáticos e conflitos relacionados à pesca.',NULL,NULL,'20/07/2013','pdf',NULL,'OTCA/GEF/PNUMA','Portugués (Brasil)',NULL,NULL,'OTCA/GEF/PNUMA','Cuenca Amazónica, ecosistemas acuáticos, recursos naturales, recursos naturais, ecossistemas aquáticos',1,6,267,'pt',1,NULL,5),(268,'Relatório Parcial – Produto 3 Avaliação da pesca','A bacia do Rio Negro drena uma área de aproximadamente 700.000 Km2, sendo a maior bacia de águas pretas do mundo. A bacia estende-se das encostas das Cordilheira dos Andes, na Colômbia, à cidade de Manaus, no Brasil, onde se encontra com o Rio Solimões para formar o Rio Amazonas. Em termos de descarga d’água o Rio Negro encontra-se na sexta posição mundial (29.000 m3/ano), sendo o segundo maior tributário do Rio Amazonas (2.230 km), ficando atrás apenas do Rio Madeira. Nas nascentes, em terras colombianas, o rio é chamado de Guainía recebendo o nome de Negro ao entrar em território brasileiro.',NULL,NULL,'10/09/2013','pdf',NULL,'OTCA/GEF/PNUMA','Portugués (Brasil)',NULL,NULL,'OTCA/GEF/PNUMA','Cuenca Amazónica, ecosistemas acuáticos, recursos naturales, recursos naturais, ecossistemas aquáticos',1,6,268,'pt',1,NULL,5),(269,'Relatório Produto 4: Estudo consolidado e integrado dos trabalhos de campo com ênfase na pesca','Há várias formas de se classificar as modalidades de pesca, uma vez que diferentes critérios como o número e profissionalização das pessoas envolvidas, a abrangência geográfica da pesca e sua operacionalização e o mercado a que se destina o pescado; podem ser adotados. De maneira geral, a pesca na bacia do Rio Amazonas pode ser classificada em três grandes categorias: pesca artesanal, pesca industrial e pesca amadora. A pesca artesanal caracteriza-se pela pouca organização e produtividade bastante variável ao longo do ano.',NULL,NULL,'20/11/2013','pdf',NULL,'OTCA/GEF/PNUMA','Portugués (Brasil)',NULL,NULL,'OTCA/GEF/PNUMA','Cuenca Amazónica, ecosistemas acuáticos, recursos naturales, recursos naturais, ecossistemas aquáticos, pesca',1,6,269,'pt',1,NULL,5),(270,'Relatório Parcial – Produto 1: As cabeceiras do rio Xingu','A bacia Amazônica está situada sobre um terreno de origem mista – uma grande área recente de terras baixas no centro, duas grandes áreas periféricas de rochas ígneas cristalinas e metamórficas Pré-Cambrianas, o Escudo Brasileiro e o Escudo das Guianas, e os Andes a oeste. Uma das características mais marcantes do continente Sul Americano é a sua baixa altitude média na crosta terrestre.',NULL,NULL,'18/05/2015','pdf',NULL,'OTCA/GEF/PNUMA','Portugués (Brasil)',NULL,NULL,'OTCA/GEF/PNUMA','Ecosistemas Acuáticos, Manejo de ecosistemas, Hotspots, rio Xingu',1,6,270,'pt',3,NULL,5),(271,'Relatório Parcial – Produto 2: O baixo rio Tocantins','O rio Tocantins é um dos principais tributários da bacia Amazônica e drena, em sua maior parte, o Escudo Brasileiro. Sua bacia de captação drena uma área de 767.000 km2, sendo bastante canalizado e com uma planície de inundação relativamente estreita e densidade de drenagem moderadamente alta. A maior parte da bacia do rio Tocantins é caracterizada pelo clima tropical quente e úmido, com uma precipitação anual variando de 1.200 a 2.400 mm. A temperatura média é de 25.5oC, variando entre a mínima de 17 e a máxima de 33oC. Como em outros tributários da margem sul do Amazonas, a estação de cheias dura de janeiro a maio, com o pico de inundação entre março e abril.',NULL,NULL,'05/07/2013','pdf',NULL,'OTCA/GEF/PNUMA','Portugués (Brasil)',NULL,NULL,'OTCA/GEF/PNUMA','Ecosistemas Acuáticos, Manejo de ecosistemas, Hotspots, rio Tocantins',1,6,271,'pt',3,NULL,5),(272,'Relatório Parcial – Produto 3: O médio rio Negro','O rio Negro está inteiramente contido na bacia sedimentar Amazônica, sendo o maior tributário da margem esquerda do rio Amazonas. A maior parte dessa bacia está sobre um platô de terras baixas, com 100-250 m a oeste e descendo para cerca de 50 m de elevação próximo a sua foz. O rio Negro tem um clima de floresta tropical com temperatura média anual em torno de 26ºC. A precipitação média anual varia entre 1.850 e 3.500 mm, com a maioria das chuvas ocorrendo entre abril e julho. Os hábitats aquáticos da bacia incluem rios e igarapés de baixo gradiente, que atravessam solos sedimentares formados principalmente por espodossolos sujeitos à inundação sazonal.',NULL,NULL,'10/09/2013','pdf',NULL,'OTCA/GEF/PNUMA','Portugués (Brasil)',NULL,NULL,'OTCA/GEF/PNUMA','Ecosistemas Acuáticos, Manejo de ecosistemas, Hotspots, rio Negro',1,6,272,'pt',3,NULL,5),(273,'Relatório – Produto 4: Estudo consolidado e integrado dos trabalhos de campo com ênfase nos ecossistemas aquáticos e biodiversidade','A bacia Amazônica está situada sobre um terreno de origem mista – uma grande área recente de terras baixas no centro, duas grandes áreas periféricas de rochas ígneas cristalinas e metamórficas Pré-Cambrianas, o Escudo Brasileiro e o Escudo das Guianas, e os Andes a oeste. Uma das características mais marcantes do continente Sul Americano é a sua baixa altitude média na crosta terrestre.',NULL,NULL,'19/11/2013','pdf',NULL,'OTCA/GEF/PNUMA','Portugués (Brasil)',NULL,NULL,'OTCA/GEF/PNUMA','Ecosistemas Acuáticos, Manejo de ecosistemas, Hotspots, trabalhos de campo, ecossistemas aquáticos',1,6,273,'pt',3,NULL,5),(274,'ATLAS DE VULNERABILIDAD HIROCLIMÁTICA DE LA CUENCA AMAZONICA','OTCA, se ha propuesto disponer de elementos que sirvan al fortalecimiento de las instituciones de la región para la planificación y la ejecución de acciones estratégicas de protección y gestión de los recursos hídricos de la cuenca Amazónica considerando aspectos como la variabilidad climática y el cambio climático. Una forma de lograr el objetivo es la generación de nuevo conocimiento, la sistematización del conocimiento existente y la provisión de información usable en la planificación y gestión de aspectos relacionados con los recursos hídricos de la cuenca',NULL,NULL,'12/08/2015','pdf',NULL,'OTCA/GEF/PNUMA','Español',NULL,NULL,'OTCA/GEF/PNUMA','Atlas de Vulnerabilidad, Vulnerabilidad Climática, Vulnerabilidad Hidroclimática, Acciones estratégicas',1,6,274,'es',4,NULL,5),(275,'PLANO ESTRATÉGICO DE IMPLEMENTAÇÃO DO PROJETO','Neste projeto, o conceito de Governança de Risco inclui a totalidade dos atores, regras, convenções, processos e mecanismos envolvidos nos processos de adaptabilidade às mudanças climáticas e à resposta à eventos extremos. Nessa abordagem, a comunicação é um fator de extrema importância. A relevância da informação de risco na fase da coleta dos dados, na análise dos dados e na forma como são comunicados e como as decisões de gestão são tomadas (IRGC, 2005; RENN, 2008; VAN ALST et al., 2010) são elementos centrais no estabelecimento da Governança de Risco.',NULL,NULL,'19/11/2012','pdf',NULL,'OTCA/GEF/PNUMA','Portugues',NULL,NULL,'OTCA/GEF/PNUMA','PAE, Plan Estrategico, Amazonia, Estrategia, Documento, Diagnostico',1,6,275,'pt',7,NULL,5),(276,'Base de dados consolidada acerca das medidas de mudança climática, ambiental, institucional e política da Sub-Bacia do Rio Purus','Este componente do Projeto GEF-Amazonas relativo a Atividade III.2.1 – Mudança Climática, Capacidade de Adaptação e Governança de Risco na Sub-bacia Transfronteiriça do Rio Purus é relativo às atividades relacionadas a avaliação dos impactos da mudança climática na governança de risco e gestão dos recursos hídricos transfronteiriços da bacia do rio Purus para o provimento de bases para a formulação de estratégias de resposta que permitirão a utilização sustentável dos recursos naturais da bacia sob uma variedade de condições climáticas adversas. O produto apresentado resulta do disposto no TdR e trata da elaboração de uma base de dados realizada a partir do pesquisas do tipo desktop research',NULL,NULL,'06/09/2013','pdf',NULL,'OTCA/GEF/PNUMA','Portugues',NULL,NULL,'OTCA/GEF/PNUMA','PAE, Cambio climático , medio ambiente, Rio Purus, Sub Cuenca',1,6,276,'pt',7,NULL,5),(277,'Análise documentada dos impactos e das mudanças climáticas sobre a governança e gestão de risco nas comunidades na bacia do rio Purus','Este componente do Projeto GEF-Amazonas relativo a Atividade III.2.1 – Mudança Climática, Capacidade de Adaptação e Governança de Risco na Sub-bacia Transfronteiriça do Rio Purus é relativo às atividades relacionadas a avaliação dos impactos da mudança climática na governança de risco e gestão dos recursos hídricos transfronteiriços da bacia do rio Purus para o provimento de bases para a formulação de estratégias de resposta que permitirão a utilização sustentável dos recursos naturais da bacia sob uma variedade de condições climáticas adversas. O produto apresentado resulta do disposto no TdR e trata da análise documentada da base de dados formulados e consolidados que foram apresentados no',NULL,NULL,'23/11/2013','pdf',NULL,'OTCA/GEF/PNUMA','Portugues',NULL,NULL,'OTCA/GEF/PNUMA','PAE, Cambio Climatico, Documenta, Rio Purus, Cuenca',1,6,277,'pt',7,NULL,5),(278,'RELATÓRIO DO PRODUTO 04 PARA PROJETO GEF AMAZONAS','A característica principal deste modelo é sua capacidade de integrar variáveis de diferentes escalas e naturezas em uma mesma abordagem do fenômeno das Mudanças Climáticas, apresentando-se como ferramenta para o estabelecimento de estratégias de adaptação e repostas à mudanças climáticas através da Governança de Risco. A incorporação dos Dados Socioeconômicos Bacia do Purus, de Uso do Solo, da capacidade Institucional dos municípios e da Gestão das Águas na Bacia do Purus numa análise integrada foi realizada após uma rodada de 11 modelos conceituais. Juntamente com os componentes climáticos e hidrológicos, ambientais, sócio-econômicos e político institucionais da base de dados secundária, fo',NULL,NULL,'17/12/2014','pdf',NULL,'OTCA/GEF/PNUMA','Portugues',NULL,NULL,'OTCA/GEF/PNUMA','PAE, Informe, Producto 4, GEF - Amazonas,',1,6,278,'pt',7,NULL,5),(279,'MUDANÇAS CLIMÁTICAS, CAPACIDADE DE ADAPTAÇÃO E GOVERNANÇA DE RISCO NA SUB-BACIA TRANSFRONTEIRIÇA DO RIO PURUS','O fenômeno das Mudanças Climáticas demandou dos governos em todas as escalas (local, Regional e Global) processos de Governança que apresentem estratégias de resposta e adaptação à inexorabilidade dessa ocorrência. Desde o final do século XX, a discussão sobre a gênese, as características e os impactos das mudanças climáticas globais, colocam os eventos climáticos extremos como centro da discussão. Estes assumem grande importância no cotidiano dos grupos sociais, quer seja por sua frequência e intensidade de ocorrência, quer seja pela vulnerabilidade1 à qual expõem estes grupos.',NULL,NULL,'27/07/2015','pdf',NULL,'OTCA/GEF/PNUMA','Portugues',NULL,NULL,'OTCA/GEF/PNUMA','PAE, Informe Final, Cambio Climarico, Rio Purus, Sbcuenca',1,6,279,'pt',7,NULL,5),(280,'Plano de Trabalho para elaboração de um Sistema de comunicação em emergência na fronteira MAP','A atividade III.2.2 Adaptação às Mudanças Climáticas na Região Transfronteiriça do MAP, desenvolvida na parte alta da bacia do Rio Acre, na fronteira do Estado Acre e Amazonas-Brasil, Departamento de Pando-Bolívia e Departamento de Madre de Dios- Peru, vem através deste trabalho, propor o desenvolvimento de um sistema de comunicação em emergência na fronteira, mais especificamente, na região MAP, para facilitar a comunicação entre os três países, principalmente, em períodos de acontecimentos de desastres naturais ou provocados pelo homem, que objetivará a redução, minimização e a mitigação dos efeitos, danos e prejuízos aos sistemas sociais e humanos. Este trabalho mostrará o diagnóstico atu',NULL,NULL,'13/01/2014','pdf',NULL,'OTCA/GEF/PNUMA','Portugues',NULL,NULL,'OTCA/GEF/PNUMA','PAE, Plan de Trabajo, Sistema de Comunicacion, Diagnostico, MAPA',1,6,280,'es',7,NULL,5),(281,'INFORME TÉCNICO Y ORIENTACIONES PARA EL PLAN ESTRATÉGICO DE ACCIONES (PEA) FASE II (INCLUSIÓN DE COLOMBIA, GUYANA, SURINAM Y VENEZUELA)','OTCA, se ha propuesto disponer de elementos que sirvan al fortalecimiento las instituciones de la región para la planificación y la ejecución de acciones estratégicas de protección y gestión de los recursos hídricos de la cuenca amazónica considerando aspectos como la variabilidad climática y el cambio climático. Una forma planteada para lograr el objetivo fue la generación de nuevo conocimiento, la sistematización del conocimiento existente y la provisión de información usable en la planificación y gestión de aspectos relacionados con los recursos hídricos de la cuenca.',NULL,NULL,'20/11/2015','pdf',NULL,'OTCA/GEF/PNUMA','Español',NULL,NULL,'OTCA/GEF/PNUMA','Atlas de Vulnerabilidad, Vulnerabilidad Climática, Vulnerabilidad Hidroclimática, Acciones estratégicas',1,6,281,'es',4,NULL,5),(282,'DE TAIL ED WORKPLAN AND INDE X F OR F INAL NATIONAL TDA REPORT','A Transboundary Diagnostic Analysis is an important step in the implementation of the GEFAmazon project and the formulation of a Strategic Action Program (SAP). Essentially, it necessitates a very comprehensive scientific and technical fact-finding analysis to identify and prioritize transboundary water problems and scale the relative importance of their sources, causes and environmental and socio-economic impacts.',NULL,NULL,'02/05/2014','pdf',NULL,'OTCA/GEF/PNUMA','Inglés',NULL,NULL,'OTCA/GEF/PNUMA','ADT, análisis, taller, PAE, Detailed Workplan, report',1,6,282,'en',10,NULL,5),(283,'Report on National Workshops held in Guyana','In order to allow for a broad national stakeholders participation process and comprehensive input to the regional TDA document, the Amazon Basin TDA preparation will be conducted through national TDA processes in each of the Basin countries.',NULL,NULL,'18/08/2014','pdf',NULL,'OTCA/GEF/PNUMA','Inglés',NULL,NULL,'OTCA/GEF/PNUMA','ADT, análisis, taller, PAE, Natural Resource, report, TDA',1,6,283,'en',10,NULL,5),(284,'Product 03 - Consolidated Final National TDA report and Lessons Learned regarding TDA Methodology','In 1978 a Treaty was signed by the eight Amazon countries of which Guyana is a part. The objective was to establish a legal instrument that recognizes the transboundary nature of the Amazon Region and to have an institutional arrangement or guide for cooperation. The Project was set up to deal with the sustainable management issues and the idea was to promote harmonious development of the Amazon Region, taking into account the economic growth and the environmental degradation.',NULL,NULL,'05/03/2015','pdf',NULL,'OTCA/GEF/PNUMA','Inglés',NULL,NULL,'OTCA/GEF/PNUMA','ADT, análisis, taller, PAE, Natural Resource, report, TDA',1,6,284,'en',10,NULL,5),(285,'Product 04 – National SAP Consulting Process','A Transboundary Diagnostic Analysis is an important step in the implementation of the GEF-Amazon project and the formulation of a Strategic Action Program (SAP). Essentially, it necessitates a very comprehensive scientific and technical fact-finding analysis to identify and prioritize transboundary water problems and scale the relative importance of their sources, causes and environmental and socio-economic impacts.',NULL,NULL,'05/03/2015','pdf',NULL,'OTCA/GEF/PNUMA','Inglés',NULL,NULL,'OTCA/GEF/PNUMA','ADT, análisis, taller, PAE, Natural Resource, report, TDA, SAP',1,6,285,'en',10,NULL,5),(286,'Plan de Trabajo y borrador del Índice del Informe del Análisis del Diagnostico Transfronterizo (ADT) Nacional - Perú','El presente documento describe el Plan de Trabajo para la formulación de un Análisis del Diagnostico Transfronterizo (ADT) Nacional para la cuenca del rio Amazonas en el Perú.',NULL,NULL,'03/03/2015','pdf',NULL,'OTCA/GEF/PNUMA','Español',NULL,NULL,'OTCA/GEF/PNUMA','ADT, análisis, PAE, problemas transfronterizos, Taller, Cuenca Amazónica',1,6,286,'es',10,NULL,5),(287,'Producto 2: Informe del Taller Nacional sobre ADT incluyendo el análisis consolidado de la cadena causal','El presente documento describe el desarrollo y los resultados del Taller Nacional del Análisis del Diagnostico Transfronterizo (ADT). El principal objetivo del ADT es identificar, cuantificar y establecer prioridades para abordar los principales problemas ambientales de naturaleza transfronteriza. En este caso, de los principales problemas asociados a la gestión y conservación del recurso hídrico e hidrobiológico y de los ecosistemas asociados a estos recursos.',NULL,NULL,'03/03/2015','pdf',NULL,'OTCA/GEF/PNUMA','Español',NULL,NULL,'OTCA/GEF/PNUMA','ADT, análisis, PAE, Cuenca Amazónica',1,6,287,'es',10,NULL,5),(288,'Relatório Final Consolidado contendo a definição da infraestrutura necessária para o funcionamento e disseminação de um Sistema de Comunicação em Emergência na fronteira MAP','A atividade III.2.2 Adaptação às Mudanças Climáticas na Região Transfronteiriça do MAP, desenvolvida na parte alta da bacia do Rio Acre, na fronteira do Estado Acre e Amazonas-Brasil, Departamento de Pando-Bolívia e Departamento de Madre de Dios-Peru, vem através deste trabalho, propor o desenvolvimento de um sistema de comunicação em emergência na fronteira, mais especificamente, na região MAP, para facilitar a comunicação entre os três países, principalmente, em períodos de acontecimentos de desastres naturais ou provocados pelo homem, objetivando a redução, minimização e a mitigação dos efeitos, danos e prejuízos aos sistemas sociais e humanos.',NULL,NULL,'30/05/2014','pdf',NULL,'OTCA/GEF/PNUMA','Portugues',NULL,NULL,'OTCA/GEF/PNUMA','PAE, Informe final, Infraestructura, Sistema de Comunicaciones, Diagnostico',1,6,288,'pt',7,NULL,5),(289,'Plan de Trabajo Técnico de Campo Lado Boliviano','El objetivo de la actividad III.2.2 Adaptación de los cambios climáticos en la Región Transfronteriza MAP es desarrollar un estudio sobre la vulnertabilidad y adaptación de los recursos hídricos frente a las alteraciones climáticas para las comunidades de la Región MAP (Madre de Dios- Perú, Acre-Brasil, Pando-Bolivia). El presente informe presenta el Plan de Trabajo para el levantamento de datos de campo en el lado boliviano de la Cuenca Hidrográfica del Río Acre e incorpora la metodologia a ser utilizada para la realización de entrevistas y cuestionarios a comunarios de las áreas consideradas críticas de la cuenca.',NULL,NULL,'25/07/2013','pdf',NULL,'OTCA/GEF/PNUMA','Español',NULL,NULL,'OTCA/GEF/PNUMA','PAE, Rio Acre, Campo Boliviano, Plan de Trabajo',1,6,289,'es',7,NULL,5),(290,'Producto 3 Informe final del ADT nacional consolidado','El principal objetivo del ADT para el Perú es identificar, cuantificar y establecer prioridades para abordar los principales problemas ambientales de naturaleza transfronteriza. En este caso, el ADT se centrará en los principales problemas asociados a la gestión y conservación del recurso hídrico e hidrobiológico y de los ecosistemas asociados a estos recursos.',NULL,NULL,'03/03/2015','pdf',NULL,'OTCA/GEF/PNUMA','Español',NULL,NULL,'OTCA/GEF/PNUMA','ADT, análisis, PAE, Cuenca Amazónica, Perú',1,6,290,'es',10,NULL,5),(291,'Levantamiento de datos e informaciones obtenidas en campo','El objetivo de la actividad III.2.2 Adaptación de los cambios climáticos en la Región Transfronteriza MAP es desarrollar un estudio sobre la vulnertabilidad y adaptación de los recursos hídricos frente a las alteraciones climáticas para las comunidades de la Región MAP (Madre de Dios- Perú, Acre-Brasil, Pando-Bolivia). El equipo técnico del proyecto ha desarrollado un sistema de información geográfico de la región MAP para producir mapas de vulnerabilidad y de riesgos ambientales en la región. Con el objetivo de validar estos mapas y de levantar datos de campo de la población y de las áreas vulnerables del Río Acre, se realizó un viaje desde la triple frontera Assis Brasil-Bolpebra-Iñapari h',NULL,NULL,'28/02/2014','pdf',NULL,'OTCA/GEF/PNUMA','Español',NULL,NULL,'OTCA/GEF/PNUMA','PAE, Informe parcial 2, levantamiento de datos',1,6,291,'es',7,NULL,5),(292,'Informe Final: Levantamiento de datos e informaciones obtenidas en campo','El objetivo de la actividad III.2.2 Adaptación de los cambios climáticos en la Región Transfronteriza MAP es desarrollar un estudio sobre la vulnertabilidad y adaptación de los recursos hídricos frente a las alteraciones climáticas para las comunidades de la Región MAP (Madre de Dios- Perú, Acre-Brasil, Pando-Bolivia). El equipo técnico del proyecto ha desarrollado un sistema de información geográfico de la región MAP para producir mapas de vulnerabilidad y de riesgos ambientales en la región.',NULL,NULL,'29/07/2014','pdf',NULL,'OTCA/GEF/PNUMA','Español',NULL,NULL,'OTCA/GEF/PNUMA','PAE, Informe final, Levantamiento de informacio, Infraestructura, Sistema de Comunicaciones',1,6,292,'es',7,NULL,5),(293,'Vulnerabilidade dos Recursos Hídricos às Mudanças Climáticas na Região MAP','As mudanças no clima já́ são percebidas como fator de uma maior dinâmica da atmosfera, resultando em anomalias mais frequentes no regime hidrológico. Os sistemas hidrológicos, assim como os ecossistemas terrestres e marítimos foram afetados em várias partes do mundo. O aquecimento global ainda é apontado como o principal motivo de acontecimentos meteorológicos catastróficos ocorridos nos últimos anos. Fenômenos como enchentes, furacões e períodos prolongados de seca, quando ocorrem em regiões em desenvolvimento colocam em evidência a grande vulnerabilidade ali presente (SANTIN, 2006).',NULL,NULL,'12/03/2014','pdf',NULL,'OTCA/GEF/PNUMA','Portugues',NULL,NULL,'OTCA/GEF/PNUMA','PAE, Recursos Hidricos, Cambio Climatico, Diagnostico, Region MAP',1,6,293,'pt',7,NULL,5),(294,'PRODUTO I: MUDANÇA CLIMÁTICA, CAPACIDADE DE ADAPTAÇÃO E GOVERNANÇA DE RISCO NA SUB-BACIA TRANSFRONTEIRIÇA DO RIO PURUS OTCA / GEF / PNUMA','A Bacia do Rio Purus está localizada na porção sudoeste da Amazônia e tem o rio Purus como tributário principal. É uma bacia trans-fronteiriça cobrindo áreas do Amazonas, Acre e dos países vizinhos, Peru e Bolívia. O rio Purus tem suas nascentes nas colinas do Arco Fitzcarrald, situado na floresta baixa Peruana dos departamentos de Ucayali e Madre de Dios. Esse conjunto de cabeceiras representa um dos lugares mais inacessíveis do Peru. O rio Purus entra no Brasil pelo estado do Acre no município de Santa Rosa do Purus, passando pelo município de Manoel Urbano e entra no estado do Amazonas pelo município de Boca do Acre, onde recebe as águas do rio Acre. Segue pelo estado do Amazonas até desa',NULL,NULL,'20/09/2013','pdf',NULL,'OTCA/GEF/PNUMA','Portugués',NULL,NULL,'OTCA/GEF/PNUMA','PAE, Medidas Prioritarias, Adaptación, Cambio Climático, Río Purus',1,6,294,'pt',10,NULL,5),(295,'PRODUTO II: CLIMATOLOGIA E VARIABILIDADE HIDROCLIMAÁTICA NA SUB-BACIA DO RIO PURUS NA AMAZOÔNIA OCIDENTAL','A questão das mudanças climáticas globais é um dos maiores desafios socioeconômicos e científicos que a humanidade terá que enfrentar ao longo deste século (Artaxo, 2008), Segundo o Painel Intergovernamental de Mudança do Clima (IPCC) define a mudança climática como uma “variação estatisticamente significante em um parâmetro climático médio ou sua variabilidade, persistindo um período extenso (tipicamente décadas ou por mais tempo). A mudança climática pode ser devido a processos naturais, forças externas ou devido a mudanças persistentes causadas pela ação do homem na composição da atmosfera ou do uso da terra”.',NULL,NULL,'03/03/2015','pdf',NULL,'OTCA/GEF/PNUMA','Portugués',NULL,NULL,'OTCA/GEF/PNUMA','PAE, Medidas Prioritarias, Adaptación, Cambio Climático, Río Purus',1,6,295,'pt',10,NULL,5),(296,'PRODUTO 3. DOWNSCALING DINÂMICO PARA A SUB-BACIA DO RIO PURUS CONDIÇÕES ATUAIS E MODELOS – CLIMA E HIDROLOGIA','O objetivo do presente trabalho é realizar um estudo de downscaling dinâmico sobre a região da Amazônia ocidental, com ênfase para as características do clima regional da sub-bacia do rio Purus, entre os estados do Acre e Amazonas.',NULL,NULL,'03/03/2015','pdf',NULL,'OTCA/GEF/PNUMA','Portugués',NULL,NULL,'OTCA/GEF/PNUMA','PAE, Medidas Prioritarias, Adaptación, Cambio Climático, Río Purus',1,6,296,'pt',10,NULL,5),(297,'Producto No. 1 - Plan de Trabajo','El presente documento describe el Plan de Trabajo para la formulación de un Análisis del Diagnostico Transfronterizo (ADT) Nacional para la cuenca del rio Amazonas en Colombia.',NULL,NULL,'10/04/2014','pdf',NULL,'OTCA/GEF/PNUMA','Español',NULL,NULL,'OTCA/GEF/PNUMA','ADT, análisis, PAE, Cuenca Amazónica, Colombia',1,6,297,'es',10,NULL,5),(298,'Produto 04: Avaliação da capacidade das instituições governamentais dos municípios da Bacia do Rio Purus.','A região analisada neste trabalho, a saber: os municípios de Beruri, Tapauá, Canutama, Lábrea, Boca do Acre, Pauini e Humaitá, localizados no Estado do Amazonas, e Santa Rosa do Purus, Sena Madureira e Manoel Urbano, no Estado do Acre, é propícia para estudos e implantação de projetos piloto referentes aos impactos de mudanças climáticas e governança de risco. Possui grande diversidade biológica intacta, representa diversas formas de vida e uso dos recursos naturais, além da existência de arranjos institucionais diferenciados e submissão às ordenações políticas relacionadas ao uso da terra (COSTA & RAVENA, 2014). Ao mesmo tempo, é alvo do interesse de grandes empreendimentos causadores de im',NULL,NULL,'23/12/2014','pdf',NULL,NULL,'Portugués',NULL,NULL,'OTCA/GEF/PNUMA','PAE, Medidas Prioritarias, Adaptación, Cambio Climático, Río Purus',1,6,298,'pt',10,NULL,5),(299,'Produto 5.Cenários Hidro-Meteorológicos e seus impactos da mudança climática na Sub bacia do Rio Purus','Mudança climática ou no clima, “Refere-se a qualquer mudança do clima ao longo do tempo, seja devido à variabilidade natural ou como resultado da atividade humana. Esse uso difere daquele da Convenção Quadro sobre Mudanças Climáticas, onde a mudança climática é atribuída direta ou indiretamente à atividade humana que altera a composição da atmosfera do planeta e que se soma à variabilidade climática natural observada ao longo de períodos de tempo comparáveis (IPCC, 2007)”.',NULL,NULL,'04/03/2015','pdf',NULL,'OTCA/GEF/PNUMA','Portugués',NULL,NULL,'OTCA/GEF/PNUMA','PAE, Medidas Prioritaria, Adaptación, Cambio Climático, Río Purus',1,6,299,'pt',10,NULL,5),(300,'PRODUTO IV- RELATÓRIO COM ANÁLISE ANTROPOLÓGICA DA SITUAÇÃO ATUAL DAS POPULAÇÕES TRADICIONAIS DA SUB-BACIA DO RIO PURUS A PARTIR DO CONSUMO E PROCESSAMENTO DOS RECURSOS NATURAIS E TRANSFORMAÇÕES DEMOGRÁFICAS NA SUB-BACIA DO RIO PURUS PARA O ESTABELECIMENTO DE MEDIDAS DE ADAPTAÇÃO PARA A GOVERNANÇA DE RISCO','A Amazônia brasileira apresenta uma diversidade de ecossistemas que se reflete na biodiversidade de sua fauna e flora e na diversidade cultural de suas comunidades humanas (MORAN, 1990; MAUÉS, 1999; TOCANTINS, 2000). Uma variável central dentro desse cenário de tantas diversidades configura-se na dinâmica de seus corpos d’águas, especialmente seus rios.',NULL,NULL,'19/05/2015','pdf',NULL,'OTCA/GEF/PNUMA','Portugués (Brasil)',NULL,NULL,'OTCA/GEF/PNUMA','Estrategias de Respuesta, Adaptación, Cambio Climático, MEDIDAS DE ADAPTAÇÃO',1,6,300,'pt',7,NULL,5),(301,'PRODUTO FINAL PRODUTO IV - CENÁRIOS HIDRO-METEOROLÓGICOS E SEUS IMPACTOS DA MUDANÇA CLIMÁTICA NA SUB BACIA DO RIO PURUS','Adaptação é o ajustamento nos sistemas naturais ou humanos em resposta a estímulos hidroclimáticos ou reais ou os seus efeitos, o que permite explorar oportunidades benéficas. Vulnerabilidade é o grau em que um sistema é suscetível e incapaz de lidar com os efeitos adversos da mudança do clima, inclusive variabilidade hidroclimática e os extremos. A vulnerabilidade é uma função do caráter, magnitude e taxa de mudança do clima e da variação que um sistema está exposto, sua sensibilidade e sua capacidade de adaptação.',NULL,NULL,'19/05/2015','pdf',NULL,'OTCA/GEF/PNUMA','Portugués',NULL,NULL,NULL,'PAE, Acciones estrategicas, Proyectos pilotos, manejo sostenible, filosofia, naturaleza, religión, producción, tecnología',1,6,301,'pt',10,NULL,5),(302,'Plan de Trabajo Técnico de Campo de Perú','El presente estudio gestión integral y sostenible de los recursos hídricos transfronterizos en la cuenca del río Amazonas tiene como objetivo fortalecer el marco institucional para planificar y efectuar de manera coordinada y coherentes las actividades para la protección y gestión sustentable de los recursos hídricos de la cuenca del Rio Amazonas. Y considerando la variabilidad y cambios climáticos en el marco del sub proyecto, y la actividad de Adaptación a los Cambios Climáticos en la Región Transfronteriza del MAP se tiene por finalidad identificar la vulnerabilidad de los recursos hídricos al cambio climático en la Región transfronteriza del MAP, y desarrollar un sistema de previsión, pr',NULL,NULL,'12/05/2015','pdf',NULL,'OTCA/GEF/PNUMA','Español',NULL,NULL,'OTCA/GEF/PNUMA','PAE, Plan de trabajo, Region MAP, Madre de Dios',1,6,302,'pt',7,NULL,5),(303,'Produto I: Antropólogo','Este relatório tem como finalidade apresentar o produto I da consultoria\\r\\nrelativa a atividade III.2.1 – Mudança Climática, Capacidade de Adaptação e\\r\\nGovernança de Risco na Sub-bacia Transfronteiriça do Rio Purus. O produto consiste em relatar a construção e apresentar um levantamento em base de dados secundários consolidados sobre consumo e processamento de recursos naturais pelas populações tradicionais localizadas na Bacia do Rio Purus.',NULL,NULL,'20/09/2013','pdf',NULL,'OTCA/GEF/PNUMA','Portugués (Brasil)',NULL,NULL,'OTCA/GEF/PNUMA','Estrategias de Respuesta, Adaptación, Cambio Climático, MEDIDAS DE ADAPTAÇÃO',1,6,303,'pt',7,NULL,5),(304,'LEVANTAMIENTO DE DATOS E INFORMACIÓN OBTENIDA EN CAMPO','El objetivo del presente informes es proporcionar la información obtenidas en campo sobre las realidades que enfrenta las comunidades rurales en las áreas más críticas de la cuenca del rio acre región trans fronteriza del MAP; para ello se utilizó las visitas in situ con la ayuda del GPS y los mapas de Índice de Riesgo Ecológico generado por los especialistas SIG de cada país, también se realizó encuestas y/o entrevistas estructuradas a los pobladores locales que viven por muchos años en el lugar.',NULL,NULL,'28/02/2014','pdf',NULL,'OTCA/GEF/PNUMA','Español',NULL,NULL,'OTCA/GEF/PNUMA','PAE, trabajo de campo, levantamiento de datos, Madre de Dios, Region MAP',1,1,304,'es',7,NULL,5),(305,'PRODUTO IV - RELATÓRIO FINAL DA ANÁLISE CLIMÁTICA A PARTIR DE CENÁRIOS DE EVENTOS DE MÁXIMOS EXTREMOS, INCLUINDO TODOS OS ANEXOS E UM CAPÍTULO ESPECÍFICO, COM UMA AVALIAÇÃO DOS IMPACTOS DA MUDANÇA CLIMÁTICA NA GOVERNANÇA DE RISCO NA SUB-BACIA DO RIO PURUS','Atualmente, os estudos climáticos nas fases diagnóstica e prognóstica perpassam pelo relevante foco das mudanças climáticas. Segundo o quinto relatório do IPCC (PBMC, 2013), a região Amazônica está ameaçada pelo desmatamento, responsável pelo aumento da perda de biodiversidade e emissões de gases de efeito estufa.',NULL,NULL,'13/05/2015','pdf',NULL,'OTCA/GEF/PNUMA','Portugués (Brasil)',NULL,NULL,'OTCA/GEF/PNUMA','Estrategias de Respuesta, Adaptación, Cambio Climático, MEDIDAS DE ADAPTAÇÃO',1,6,305,'pt',7,NULL,5),(306,'PROPOSTA METODOLÓGICA E DESENHO DO SISTEMA DE ALERTA A SER IMPLEMENTADO, COM BASE NA PLATAFORMA TERRAMA','Este documento apresenta descrição detalhada de todas as ferramentas para integração, monitoramento, análise e alerta de extremos ambientais que será utilizado para desenvolver o sistema de alerta. Uma vez que ainda não foi definido que tipo de análises serão implementadas, a descrição dessas ferramentas ajudam a compreender a potencialidade da plataforma TerraMA',NULL,NULL,'19/03/2014','pdf',NULL,'OTCA/GEF/PNUMA','Español',NULL,NULL,'OTCA/GEF/PNUMA','PAE, Metodologia, Propueta, Diseño, Sistema de Alerta',1,6,306,'pt',7,NULL,5),(307,'Plano de Trabalho – Produto 1','Em reconhecimento da unidade hidrográfica da Bacia Amazônica e, a fim de atender à necessidade de uma ação coordenada, os países da bacia (Bolívia, Brasil, Colômbia, Equador, Guiana, Peru, Suriname e Venezuela) assinaram o Tratado de Cooperação Amazônica e criaram a Organização do Tratado de Cooperação Amazônica (OTCA). Em 2003, após uma iniciativa da Agência Nacional de Águas do Brasil e com base nos resultados de uma reunião de pontos focais nacionais da Rede Interamericana de Recursos Hídricos, a OTCA, em nome dos países da Bacia Amazônica e em colaboração com a Organização dos Estados Americanos (OEA), solicitou o apoio do Fundo para o Meio Ambiente Mundial (GEF) para ajudar a desenvolve',NULL,NULL,'03/03/2015','pdf',NULL,'OTCA/GEF/PNUMA','Portugues',NULL,NULL,'OTCA/GEF/PNUMA','PAE, Cambio Climatico, Region MAP, Plan de trabajo, Producto 1',1,6,307,'pt',7,NULL,5),(308,'Primeiro produto Relatório sobre o Banco de Dados sobre a morfodinâmica das planícies arenosas sob o domínio da macro-maré e no Arquipélago do Marajó e adjacências (NE do Pará) e Relatório sobre a Primeira Campanha na margem Leste da ilha do Marajó','Teve como objetivo avaliar o cálculo dos parâmetros morfométricos: Declividade da face praial (β), largura da praia (Yb), parâmetro Ws (velocidade de decantação das partículas sedimentares), altura (Hb) e período (T) das ondas. Sendo assim, os parâmetros morfométricos e adimensionais sugeridos por Short & Hesp (1982) serão calculados com a intenção de relacioná-los aos estados morfodinâmicos propostos por Wright & Short (1984), e Masselink & Short (1993) que utiliza o parâmetro Ω de Dean (1973) conhecido como velocidade de decantação adimensional e o Parâmetro Relativo da Maré ou Relactive Tidal Range (RTR), fornecendo assim a informação do estado morfodinâmico da praia.',NULL,NULL,'22/09/2014','pdf',NULL,'OTCA/GEF/PNUMA','Portugués',NULL,NULL,NULL,'PAE, Acciones estrategicas, Proyectos pilotos, manejo sostenible, adaptación, subida del nivel del mar',1,6,308,'pt',10,NULL,5),(309,'Relatório Parcial Produto 3','Em reconhecimento da unidade hidrográfica da Bacia Amazônica e, a fim de atender à necessidade de uma ação coordenada, os países da bacia (Bolívia, Brasil, Colômbia, Equador, Guiana, Peru, Suriname e Venezuela) assinaram o Tratado de Cooperação Amazônica e criaram a Organização do Tratado de Cooperação Amazônica (OTCA). Em 2003, após uma iniciativa da Agência Nacional de Águas do Brasil e com base nos resultados de uma reunião de pontos focais nacionais da Rede Interamericana de Recursos Hídricos, a OTCA, em nome dos países da Bacia Amazônica e em colaboração com a Organização dos Estados Americanos (OEA), solicitou o apoio do Fundo para o Meio Ambiente Mundial (GEF) para ajudar a desenvolve',NULL,NULL,'08/01/14','pdf',NULL,'OTCA/GEF/PNUMA','Portugues',NULL,NULL,'OTCA/GEF/PNUMA','PAE, Informe Parcial, Producto 3, Region MAP',1,6,309,'pt',7,NULL,5),(310,'PRODUTO 5. Relatório final da análise climática a partir de cenários de eventos de máximos extremos, incluindo todos os anexos e um capítulo específico, com uma avaliação dos impactos da mudança climática na governança de risco na Sub-bacia do Rio Purus','Atualmente, os estudos climáticos nas fases diagnóstica e prognóstica perpassam pelo relevante foco das mudanças climáticas. Segundo o quinto relatório do IPCC (PBMC, 2013), a região Amazônica está ameaçada pelo desmatamento, responsável pelo aumento da perda de biodiversidade e emissões de gases de efeito estufa.',NULL,NULL,'04/03/2015','pdf',NULL,'OTCA/GEF/PNUMA','Portugués (Brasil)',NULL,NULL,'OTCA/GEF/PNUMA','Estrategias de Respuesta, Adaptación, Cambio Climático, MEDIDAS DE ADAPTAÇÃO',1,6,310,'pt',7,NULL,5),(311,'Relatório Plano de Trabalho – Produto 4','O risco ambiental é um tema que necessita estar nas discussões atuais da sociedade civil em todas as suas esferas, devido as consequências nos setores econômicos, ambientais e sociais (DAGNINO; CARPI JUNIOR, 2007). Quando analisados os riscos ambientais integrados às mudanças climáticas, a preocupação torna-se ainda mais evidente. Lewis et al. (2010) mostra que o Acre esteve nos epicentros das secas de 2005 e 2010. No outro extremo, houveram pelo menos cinco inundações na última década, culminada pela cheia de 2014. As bacias hidrográficas exercem tanta influência nas atividades cotidianas, que em 2014, a inundação no Rio Madeira afetou o estado do Acre com o bloqueio da estrada BR 364, e af',NULL,NULL,'04/11/2014','pdf',NULL,'OTCA/GEF/PNUMA','Portugues',NULL,NULL,'OTCA/GEF/PNUMA','PAE, Plan de trabajo, Producto 4, Region MAP',1,6,311,'pt',7,NULL,5),(312,'Plano de Trabalho Técnico de Campo Lado Brasileiro','O objetivo da atividade III.2.2 Adaptação às Mudanças Climáticas na Região Transfronteiriça do MAP é desenvolver um estudo sobre vulnerabilidade e adaptação dos recursos hídricos frente às alterações climáticas para as comunidades da Região MAP (Madre de Dios-PE, Acre-BR e Pando-BO). Este é o plano de trabalho do técnico de campo do lado brasileiro da bacia hidrográfica do Rio Acre. Neste primeiro produto consta o detalhamento do Plano de Trabalho com a metodologia indicada para a execução das entrevistas e questionários aos representantes comunitários das áreas consideradas críticas da bacia na região transfronteiriça do MAP, indicadas pela coordenação.',NULL,NULL,'26/06/2013','pdf',NULL,'OTCA/GEF/PNUMA','Portugues',NULL,NULL,'OTCA/GEF/PNUMA','PAE, Region MAP, Trabajo de Campo, Pan de trabajo, Brasil',1,6,312,'pt',7,NULL,5),(313,'Levantamento de Dados e Informações Obtidas no Campo','A atividade III.2.2 Adaptação às Mudanças Climáticas na Região Transfronteiriça do MAP, desenvolvida na parte alta da bacia do Rio Acre, na fronteira de estado Acre e Amazonas-Brasil, Departamento de Pando-Bolívia e Departamento de Madre de Dios-Peru, vem desenvolvendo uma base de dados em SIG (sistemas de informações geográficas). A base de dados foi usada para produção de mapas de vulnerabilidade e riscos ambientais para a região MAP.',NULL,NULL,'19/12/2013','pdf',NULL,'OTCA/GEF/PNUMA','Portugues',NULL,NULL,'OTCA/GEF/PNUMA','PAE, Trabajo de Campo, Levantamiento de informacion, Region MAP',1,6,313,'pt',7,NULL,5),(314,'Relatório Parcial','Este relatório apresenta o produto 03 do contrato de consultoria GEF/GA/096/2013 para prestação de serviços como técnico para execução dos trabalhos de campo relativos às ações 4.2 e 4.3 da Atividade III.2.2. Produto 03 conte com o tratamento estatístico e analítico dos dados e informações obtidas no campo sobre a realidade enfrentada pelas comunidades rurais nas áreas consideradas críticas na bacia do Rio Acre na região transfronteiriça do MAP.',NULL,NULL,'18/09/2014','pdf',NULL,'OTCA/GEF/PNUMA','Portugues',NULL,NULL,'OTCA/GEF/PNUMA','PAE, Informe Parcial, Region MAP, Amazonas, Cuenca, Rio Acre',1,6,314,'pt',7,NULL,5),(315,'Relatório Final','O projeto \\\"Gestão Integrada e Sustentável dos Recursos Hídricos Transfronteiriços na Bacia do Rio Amazonas Considerando a Variabilidade e a Mudança Climática\\\", financiado pelo GEF, implementado pelo Programa das Nações Unidas para o Meio Ambiente (PNUMA) e executado pela Organização do Tratado de Cooperação Amazônica (OTCA), através de sua Secretaria Permanente (SP / OTCA), tem como objetivo fortalecer o marco institucional para planejar e executar, de maneira coordenada e coerente, as atividades para a proteção e gestão sustentável dos recursos hídricos da Bacia do Rio Amazonas.',NULL,NULL,'28/10/2014','pdf',NULL,'OTCA/GEF/PNUMA','Portugues',NULL,NULL,'OTCA/GEF/PNUMA','PAE, Informe final, Region MAP, Cuenca',1,6,315,'pt',7,NULL,5),(316,'Relatório Parcial Plan de Trabajo – Produto 1','Considerando la variabilidad y cambios climáticos en el marco del sub proyecto y la actividad de Adaptación a los Cambios Climáticos en la Región  Transfronteriza del MAP se tiene por finalidad identificar la vulnerabilidad de los recursos hídricos al cambio climático en la Región  transfronteriza del MAP y desarrollar un sistema de previsión, proporcionando para mejorar la capacidad de gobernanza de los gobiernos de los departamentos de Madre de Dios, Pando y el gobierno de Acre, para formular e implementar estrategias de adaptación a la variabilidad climática.',NULL,NULL,'04/07/2013','word',NULL,'OTCA/GEF/PNUMA','Español',NULL,NULL,'OTCA/GEF/PNUMA','PAE, Producto 1, Plan de trabajo, Region MAP',1,6,316,'es',7,NULL,5),(317,'Unidades de planificación y las áreas de mayor contribución a la cuenca hidrológica','El territorio fronterizo MAP, es un espacio geográfico de alta sensibilidad, social, económica, física y ambiental, dada las características de localización geográfica; clima, accesibilidad, recursos forestales, bosques y alejamiento de las principales capitales de nuestros países. Los medios acuáticos juegan una importancia ecológica, económica y social, a pesar de ello la cuenca del río Acre está propenso a amenazas por la degradación. Por consiguiente es importante saber cómo estas amenazas pueden afectar a su integridad ecológica, ya que el cambio climático desequilibra a una cuenca aumentando la cantidad de inundaciones o sequía y otros efectos, por ello la importancia de comprender las',NULL,NULL,'08/01/2014','pdf',NULL,'OTCA/GEF/PNUMA','Español',NULL,NULL,'OTCA/GEF/PNUMA','PAE, Planificacion, Region MAP, Cuenca Amazonica',1,6,317,'es',7,NULL,5),(318,'Consolidación de la base datos – Producto 2','El Proyecto “Gestión Integrada y Sostenible de los Recursos Hídricos Transfronterizos en la Cuenca del Río Amazonas Considerando la Variabilidad Climática y el Cambio Climático”, tiene como objetivo fortalecer el marco institucional para planificar y ejecutar, de manera coordinada y coherente, las actividades para la protección y gestión sostenible de los recursos terrestres e hídricos de la Cuenca del río Amazonas. Empleando mecanismo de participación innovador como base para comprender los desafíos y temas actuales y futuros de la Gestión Integral de los Recursos Hídricos, Tal comprensión servirá de base para el desarrollo de un programa sostenible y responsable de capacitación, el fortale',NULL,NULL,'18/09/2013','pdf',NULL,'OTCA/GEF/PNUMA','Español',NULL,NULL,'OTCA/GEF/PNUMA','PAE, Consolidacion, Base de Dato, Region MAP',1,6,318,'es',7,NULL,5),(319,'Vulnerabilidad y riesgo de los recursos hídricos en la región transfronteriza del MAP','La Cuenca Amazónica enfrenta numerosos desafíos para el manejo y la utilización sostenible de los recursos hídricos y de tierras, una vez que la región experimenta un importante crecimiento socio-económico y aumento de los flujos migratorios hacia la región. La complejidad al acelerado ritmo de cambio climático, requiere la implementación de un proceso que ayude a minimizar los riesgos asociados con la variabilidad climática, la deforestación y los conflictos sobre el uso de agua y los recursos naturales.',NULL,NULL,'08/09/2014','pdf',NULL,'OTCA/GEF/PNUMA','Español',NULL,NULL,'OTCA/GEF/PNUMA','PAE, Vulnerabilidad, Region MAP, Recursos Hidricos, Amazonia',1,6,319,'es',7,NULL,5),(320,'Plano de Trabalho – Produto 1','En reconocimiento de la unidad hidrográfica de la cuenca Amazónica y, con el fin de atender la necesidad de una acción coordinada, los países de la cuenca (Bolivia, Brasil, Colombia, Ecuador, Guyana, Perú, Suriname y Venezuela) firmaron el Tratado de Cooperación Amazónica y ha creado la Organización del Tratado de Cooperación Amazónica (OTCA). En 2003, a raíz de una iniciativa de la Agencia Nacional de Aguas de Brasil y con base en los resultados de una reunión de coordinadores nacionales de los Recursos Hídricos interamericanos, la OTCA, en nombre de los países de la cuenca Amazónica y en colaboración con la Organización de los Estados Americanos (OEA), solicitó el apoyo del Fondo para el M',NULL,NULL,'03/07/2013','pdf',NULL,'OTCA/GEF/PNUMA','Español - Portugues',NULL,NULL,'OTCA/GEF/PNUMA','PAE, Producto 1, Plan de trabajo, Region MAP, Cuenca',1,6,320,'es',7,NULL,5),(321,'Plano de Trabalho – Produto 2','El territorio fronterizo Madre de Dios (Perú), Acre (Brasil) y Pando (Bolivia) – MAP, es un espacio geográfico de alta sensibilidad, social, económica, física y ambiental, dada las características de localización geográfica; clima, accesibilidad, recursos forestales, bosques y alejamiento de las principales capitales de nuestros países.',NULL,NULL,'17/09/2013','pdf',NULL,'OTCA/GEF/PNUMA','Español - Portugues',NULL,NULL,'OTCA/GEF/PNUMA','PAE, Producto 2, Plan de trabajo, Region MAP, cuenca',1,6,321,'es',7,NULL,5),(322,'CONSTRUCCIÓN DE UNIDADES HIDROLÓGICAS (MICRO CUENCAS)','La gestión de los recursos naturales en general y de los recursos hídricos en particular considera a la cuenca como el espacio territorial más adecuado. Las unidades hidrológicas están definidas por fronteras naturales las cuales no toman en consideración las divisiones políticas entre países ni al interior de un país. Bolivia es un país que cuenta con suficientes recursos hídricos, en razón a que por el mismo atraviesa una red muy importante y densa de ríos de diverso orden conformando gran parte de las nacientes de aguas de tres grandes vertientes de Sud América, como es la gran cuenca Amazónica, Altiplánica y del Plata',NULL,NULL,'08/01/2014','pdf',NULL,'OTCA/GEF/PNUMA','Español',NULL,NULL,'OTCA/GEF/PNUMA','PAE, Informe, Producto 3, Hidrocuenca, Region MAP, Amazonia',1,6,322,'es',7,NULL,5),(323,'VULNERABILIDAD Y RIESGO DE LOS RECURSOS HÍDRICOS EN LA REGIÓN TRANSFRONTERIZA DEL MAP','La vulnerabilidad al cambio climático se ha definido como: “Nivel al que un sistema [natural o humano] es susceptible, o no es capaz de soportar, los efectos adversos del cambio climático, incluida la variabilidad climática y los fenómenos extremos. La vulnerabilidad está en función del carácter, magnitud y velocidad de la variación climática al que se encuentra expuesto un sistema, su sensibilidad, y su capacidad de adaptación” (Panel Intergubernamental sobre Cambio Climático, 2001). El IPCC en el Tercer Reporte de Evaluación menciona que esta adaptación es planificada pues responde a una evaluación de los Impactos, de la Vulnerabilidad y de la Adaptación espontanea que se ha dado en un det',NULL,NULL,'02/05/2014','pdf',NULL,'OTCA/GEF/PNUMA','Español - Portugues',NULL,NULL,'OTCA/GEF/PNUMA','PAE, Vulnerabilidad, Region MAP, Recursos Hidricos, Amazonia',1,6,323,'es',7,NULL,5),(324,'ESPECIALISTA EM INTELIGÊNCIA COMPUTACIONAL','Este relatório apresenta o framework conceitual do modelo operacional de mudança climática, capacidade de adaptação e medida de resposta humana para a governança de risco, previsto como „primeiro produto‟ do consultor especialista em Inteligência Computacional, em apoio a “Atividade III.2.1 Mudanças Climáticas, Capacidade de Adaptação, e Governança de Risco da Sub-bacia Transfronteiriça do Rio Purus”. O framework conceitual foi desenvolvido com base nos conceitos e casos de governança de risco que seguem as melhores práticas, apresentados pelo IRGC - International Risk Governance Council (IRGC 2006).',NULL,NULL,'20/09/2013','pdf',NULL,'OTCA/GEF/PNUMA','Portugues',NULL,NULL,'OTCA/GEF/PNUMA','PAE, Adaptacion Subcuenca, Inteligencia Computacional',1,6,324,'pt',7,NULL,5),(325,'RELATÓRIO DE PARCIAL DO PRODUTO 02 PARA PROJETO GEF AMAZONAS','Este relatório apresenta o Modelo Operacional de Governança de Risco para a Avaliação de Impacto de Mudança Climática, Capacidade de Adaptação e Medida de Respostas para a Bacia do Rio Purus, e o Modelo Computacional de Avaliação de Risco que subsidiará o Modelo Operacional na Definição de Estratégias de Resposta. O modelo operacional traça as etapas que devem ser seguidas e define os atores envolvidos no processo, dentro do conceito de cross-scale interplay. O modelo computacional, a partir das interfaces com o Modelo Climático e o Modelo Hidrológico estima os possíveis danos socioeconômicos, e baseados na capacidade de adaptação local, avalia o risco que as populações da Bacia do Rio Purus',NULL,NULL,'03/03/2015','pdf',NULL,'OTCA/GEF/PNUMA','Portugues',NULL,NULL,'OTCA/GEF/PNUMA','PAE, Subcuenca, Informe Parcial, Producto 2, GEF Amazonas',1,6,325,'pt',7,NULL,5),(326,'RELATÓRIO DO PRODUTO 03 PARA PROJETO GEF AMAZONAS','Este relatório apresenta o Modelo Operacional de Governança de Risco para a Avaliação de Impacto de Mudança Climática, Capacidade de Adaptação e Medida de Respostas para a Bacia do Rio Purus, através da descrição da sua concepção e descrição detalhada, que documenta seu desenvolvimento, utilização e aplicação. O Modelo Operacional de Governança de Risco foi desenvolvido com a utilização da Lógica Fuzzy para tratar os aspectos de incerteza e a complexidade inerentes aos sistemas ambientais. O modelo é composto por módulos de identificação e estimativa de ameaças, avaliação de exposição e vulnerabilidade, identificação de capacidade institucional e de adaptação, e de avaliação do risco, a part',NULL,NULL,'25/05/2015','pdf',NULL,'OTCA/GEF/PNUMA','Portugues',NULL,NULL,'OTCA/GEF/PNUMA','PAE, Subcuenca, Informe Parcial, Producto 3, GEF Amazonas',1,6,326,'pt',7,NULL,5),(327,'PRODUTO IV: RELATÓRIO DO PROJETO GEF AMAZONAS','Este relatório apresenta os procedimentos necessário para utilizar o Modelo Operacional de Governança de Risco para a Avaliação de Impacto de Mudança Climática, Capacidade de Adaptação e Medida de Respostas que foi implementando para a Bacia do Rio Purus. É apresentado uma visão global da implementação do Modelo Operacional, e os procedimentos de inicialização e visualização dos diferentes componentes que fazem parte do escopo do Modelo Operacional. Adicionalmente é apresentado como adequar o Modelo Operacional para ser replicado em outras bacias localizadas em países integrantes da Pan-Amazônia, inclusive em bacias transfronteiriças. Porém as especificidades de cada região devem ser conside',NULL,NULL,'09/04/2015','pdf',NULL,'OTCA/GEF/PNUMA','Portugues',NULL,NULL,'OTCA/GEF/PNUMA','PAE, Informe, Producto 4, GEF - Amazonas,',1,6,327,'pt',7,NULL,5),(328,'PRODUTO 03: CARACTERIZAÇÃO E ANÁLISE DO PLANO DIRETOR DOS MUNICÍPIOS COM IDENTIFICAÇÃO DE FERRAMENTAS DE GOVERNANÇADE RISCO.','Este produto apresenta uma análise dos planos diretores dos municípios localizados no Interflúvio dos Rios Purus e Madeira entre os Estado do Amazonas e Acre, identificando-se as ferramentas existentes ou possíveis de serem implementadas para elaboração de planos de governança de risco.',NULL,NULL,'03/03/2015','pdf',NULL,'OTCA/GEF/PNUMA','Portugues',NULL,NULL,'OTCA/GEF/PNUMA','PAE, Analisis, Municipio, Plan Maestro, Amazonia',1,6,328,'pt',7,NULL,5),(329,'Produto 04: Avaliação da capacidade das instituições governamentais dos municípios da Bacia do Rio Purus.','Este produto apresenta a capacidade das instituições governamentais dos municípios da Bacia do Rio Purus a partir da análise da infraestrutura dos municípios, dos arranjos institucionais para a gestão e regulação da água e das estruturas organizacionais dos planos diretores dos municípios para a governança de risco, como entrada direta para implementação de estratégias de adaptação a mudanças climáticas na governança de risco.',NULL,NULL,'23/12/2014','pdf',NULL,'OTCA/GEF/PNUMA','Portugues',NULL,NULL,'OTCA/GEF/PNUMA','PAE, Analisis, Municipio, Plan Maestro, Amazonia, Producto 4',1,6,329,'pt',7,NULL,5),(330,'PRODUTO VI AVALIAÇÃO DA CAPACIDADE DAS INSTITUIÇÕES GOVERNAMENTAIS DOS MUNICÍPIOS DA BACIA DO RIO PURUS.','Este produto apresenta acapacidade das instituições governamentais dos municípios da Bacia do Rio Purusa partir da análise da infraestrutura dos municípios, dos arranjos institucionais para a gestão e regulação da água e das estruturas organizacionais dos planos diretores dos municípios para a governança de risco, como entrada direta para implementação de estratégias de adaptação a mudanças climáticas na governança de risco.',NULL,NULL,'09/04/2015','pdf',NULL,'OTCA/GEF/PNUMA','Portugues',NULL,NULL,'OTCA/GEF/PNUMA','PAE, Evaluacion, Municipio, Producto 6',1,6,330,'pt',7,NULL,5),(331,'PRODUTO II: INVENTÁRIO DE EQUIPAMENTOS E INFRAESTRUTURA DOS MUNICÍPIOS, DOS ARRANJOS INSTITUCIONAIS PARA A GESTÃO E REGULAÇÃO DA ÁGUA, DAS ESTRUTURAS ORGANIZACIONAIS DOS PLANOS DIRETORES DOS MUNICÍPIOS PARA A GOVERNANÇA DE RISCO.','Este produto apresenta a disponibilidade de equipamentos e infraestrutura nos municípios, os arranjos institucionais existentes para a gestão e regulação da água e as estruturas organizacionais dos planos diretores dos municípios localizados no Interflúvio dos Rios Purus e Madeira no Estado do Amazonas para gestão e regulação da água, como parte integrante da análise da capacidade institucional existente, para elaboração de estratégias de governança de risco na região em situações extremas de mudanças climáticas.',NULL,NULL,'03/03/2015','pdf',NULL,'OTCA/GEF/PNUMA','Portugues',NULL,NULL,'OTCA/GEF/PNUMA','PAE, Producto 2, Inventario, Estructura, municipio, Organizacion de aviones, aviones',1,6,331,'pt',7,NULL,5),(332,'PRODUTO FINAL - PRODUTO IV: RELATÓRIO DO PROJETO GEF AMAZONAS','Este relatório está estruturado da seguinte forma. Na seção 2 é apresentado omodelo lógico utilizado na implementação do Modelo Operacional. Na seção 3 é apresentada a interface através do qual o usuário escolhe as opções de apresentação dos componentes do Modelo Operacional que se dividem em Ameaças, Impactos, Capacidade de Adaptação e Avaliação do Risco. Na seção 4 são apresentados o processo de construção das bases de dados e os critérios utilizados na definição das bases de regras, com o objetivo de auxiliar o processo de replicação do Modelo Operacional para outras bacias. Na seção 5, é apresentado a conclusão.',NULL,NULL,'19/05/2015','pdf',NULL,'OTCA/GEF/PNUMA','Portugués (Brasil)',NULL,NULL,'OTCA/GEF/PNUMA','Estrategias de Respuesta, Adaptación, Cambio Climático, MEDIDAS DE ADAPTAÇÃO',1,6,332,'pt',7,NULL,5),(333,'ESTRATÉGIAS DE ADAPTAÇÃO E POSSÍVEIS RESPOSTAS EM CENÁRIOS DE ENCHENTE E SECA EM RELAÇÃO À PRODUÇÃO','Observou-se que na Bacia do Rio Purus a maioria da população tem atividades com características da agricultura familiar e/ou de extração dos recursos naturais (silvicultura e pescado), e desta forma são os elementos que contribuem de forma significativa para o modelo de produção desta bacia. Estes elementos do modelo de produção apresentam fragilidades intrínsecas à bacia e às alterações de seu microclima.',NULL,NULL,'27/02/72015','pdf',NULL,'OTCA/GEF/PNUMA','Portugues',NULL,NULL,'OTCA/GEF/PNUMA','PAE, Etrategia, adaptacion, Inundacion, Sequia',1,6,333,'pt',7,NULL,5),(334,'Produto 01: Relatório de dados secundários consolidados acerca da infraestrutura nos municípios e de indicadores institucionais para a participação política dos stakerolders da Bacia do Purus na governança de risco','As atividades de controle ambiental no Amazonas iniciaram com a Secretaria de Estado do Planejamento e Coordenação Geral – SEPLAN em 1978, tendo como executora a Comissão de Desenvolvimento do Estado do Amazonas – CODEAMA. Em 1982 foi promulgada a primeira lei direcionada à regulação da Política Ambiental do Estado e em 1989 foi criado o Instituto de Desenvolvimento dos Recursos Naturais e Proteção Ambiental do Amazonas – IMA, substituído posteriormente pelo Instituto de Proteção Ambiental do Amazonas – IPAAM, que passou a ordenar e executar com exclusividade a Política Estadual de Meio Ambiente (IPAAM, 2013).',NULL,NULL,'03/03/2015','pdf',NULL,'OTCA/GEF/PNUMA','Portugués (Brasil)',NULL,NULL,'OTCA/GEF/PNUMA','Estrategias de Respuesta, Adaptación, Cambio Climático, MEDIDAS DE ADAPTAÇÃO',1,6,334,'pt',10,NULL,5),(335,'PRODUTO 3. Mapas temáticos das condições climáticas extremas relacionados a impactos socioambientais na Bacia do Rio Purus','Para obtenção deste produto foi utilizado o conjunto de dados médios anuais de precipitação do Global Precipitation Climatology Project (GPCP), fornecidos pela NOAA, onde foi extraído o período de janeiro de 1979 a dezembro de 2013, fazendo um total de 35 anos de dados, com resolução de 2,5º x 2,5º (HUFFMAN et al., 1997; PINTO et al., 2009).',NULL,NULL,'03/03/2015','pdf',NULL,'OTCA/GEF/PNUMA','Portugués (Brasil)',NULL,NULL,'OTCA/GEF/PNUMA','Estrategias de Respuesta, Adaptación, Cambio Climático, MEDIDAS DE ADAPTAÇÃO',1,6,335,'pt',7,NULL,5),(336,'ATIVIDADE DO CONSULTOR: Produto 1','Segue em anexo a base de dados secundários consolidados acerca das práticas agroextrativistas (extrativismo vegetal) da Bacia do rio Purus para suporte ao modelo de governança de risco; Inventário das práticas agroextrativistas que ocorrem na Bacia do Rio Purus; Caracterização das práticas agroextrativistas associada a dados socioeconômicos na Bacia do Purus; Relatório com uma avaliação do impacto dos eventos extremos no tocante a práticas agroextrativistas, para a governança de risco como entrada direta para implementação de estratégias de adaptação a mudanças climáticas na governança de risco.',NULL,NULL,'03/03/2015','pdf',NULL,'OTCA/GEF/PNUMA','Portugues',NULL,NULL,'OTCA/GEF/PNUMA','PAE, Consultoria, Informe, Region MAP',1,6,336,'pt',7,NULL,5),(337,'AUXÍLIO NA ELABORAÇÃO DO ARTIGO CONSTANTE DO RELATÓRIO FINAL COM AJUSTES E CONTRIBUIÇÕES','O objetivo deste segundo relatório foi auxiliar na elaboração do artigo do relatório final que traz os resultados do modelo proposto para a avaliação de riscos climáticos no âmbito do projeto “Gestão Integrada e Sustentável dos Recursos Hídricos Transfronteiriços da Bacia Amazônica, Considerando a Variabilidade Climática e a Mudança Climática”, especificamente para a Atividade III.2.1 Mudanças Climáticas, capacidade de adaptação e governança de risco na Sub-bacia Transfronteiriça do rio Purus.',NULL,NULL,'03/03/2015','pdf',NULL,'OTCA/GEF/PNUMA','Portugues',NULL,NULL,'OTCA/GEF/PNUMA','PAE, producto 2, Ayuda informe final, Region MAP',1,6,337,'pt',7,NULL,5),(338,'Produto I - METEOROLOGISTA. ANÁLISE DIAGNÓSTICA DAS SÉRIES CLIMATOLÓGICAS','Serão apresentados nesta fase somente os dados de precipitação das estações meteorológicas do alto, médio e baixo Purus (Tarauacá, Lábrea e Coari, respectivamente). As estações citadas na são da base de dados do Instituto Nacional de Meteorologia – INMET. Foram utilizadas as estação com prioritariamente com mais de 30 anos de dados climatológicos.',NULL,NULL,'20/09/2013','pdf',NULL,'OTCA/GEF/PNUMA','Portugués (Brasil)',NULL,NULL,'OTCA/GEF/PNUMA','Estrategias de Respuesta, Adaptación, Cambio Climático, MEDIDAS DE ADAPTAÇÃO, Análise',1,6,338,'pt',7,NULL,5),(339,'ATIVIDADE DO CONSULTOR: Produto 1 - ANÁLISE DO COMPORTAMENTO HISTÓRICO DOS DADOS DE PRODUÇÃO E PREÇOS DO AGROEXTRATIVISMO DA BACIA DO RIO PURUS, DIANTE DAS MUDANÇAS CLIMÁTICAS','O objetivo deste relatório foi contribuir com a especificação do modelo de avaliação de riscos climáticos no âmbito do projeto “Gestão Integrada e Sustentável dos Recursos Hídricos Transfronteiriços da Bacia Amazônica, Considerando a Variabilidade Climática e a Mudanças Climática”, especificamente para a Atividade III.2.1 Mudanças Climáticas, capacidade de adaptação e governança de risco na Sub-bacia Transfronteiriça do Rio Purus.',NULL,NULL,'03/03/2015','pdf',NULL,'OTCA/GEF/PNUMA','Portugues',NULL,NULL,'OTCA/GEF/PNUMA','PAE, Analisis de rendimiento, cuenca purus, Cambio climatico',1,6,339,'pt',7,NULL,5),(340,'ANÁLISE DAS CARACTERÍSTICAS METEOROLÓGICAS DAS OSCILAÇÕES CLIMÁTICAS DE MULTIESCALA','O objetivo deste relatório é identificar e caracterizar as oscilações atmosféricas de multiescalas para cenário de mudança climática na Bacia do Rio Purus. Para isso, serão apresentados escalogramas e espectrogramas de energia e fase de precipitação das oscilações climáticas de multiescalas na Bacia do Rio Purus.',NULL,NULL,'03/03/2015','pdf',NULL,'OTCA/GEF/PNUMA','Portugués (Brasil)',NULL,NULL,'OTCA/GEF/PNUMA','Estrategias de Respuesta, Adaptación, Cambio Climático, MEDIDAS DE ADAPTAÇÃO, Análise',1,6,340,'pt',7,NULL,5),(341,'PRODUTO 4. Distribuição espacial dos quantitativos de precipitação e temperatura do ar das projeções climáticas.','As projeções climáticas sugerem aumento de temperatura do ar e aumento, e diminuição de precipitação em diferentes áreas da bacia. Apesar das incertezas, o modelo REGCM4 utilizado nesta pesquisa apresenta projeções semelhantes às tendências apresentadas pelos modelos considerados pelo IPCC.',NULL,NULL,'03/03/2015','pdf',NULL,'OTCA/GEF/PNUMA','Portugués (Brasil)',NULL,NULL,'OTCA/GEF/PNUMA','Estrategias de Respuesta, Adaptación, Cambio Climático, MEDIDAS DE ADAPTAÇÃO, Análise',1,6,341,'pt',7,NULL,5),(342,'Produto 1: Estrutura do Informe Final','Este trabalho é o Produto 1 da consultoria em hidrogeologia prestada referente ao Projeto da OTCA denominado “Gestão Integrada e Sustentável dos Recursos Hídricos Transfronteiriços da Bacia Amazônica, Considerando a Variabilidade Climática e a Mudanças Climática”. Esta consultoria apoia a execução das Atividades II.1.2 (Aquífero Amazonas) e III.1.3 (Manaus), conforme o Termo de Referência da OTCA.',NULL,NULL,'19/05/2015','ppt',NULL,'OTCA/GEF/PNUMA','Portugues',NULL,NULL,'OTCA/GEF/PNUMA','PAE, Estructura, Inform final, GEF Amazonas',1,6,342,'pt',8,NULL,5),(343,'Produto 2: Informe Final','Pessoa et al. (1980) foram geológicos, dada a escassez de outras informações. Assim, segundo os autores, os aquíferos da PHA são predominantemente compostos por sedimentos paleozóicos e cenozóicos, incluindo a Ilha de Marajó. No mapa apresentado por Pessoa et al. (1980), a PVA se estende pela maior parta da Bacia Hidrográfica do Rio Amazonas. Usando estes mesmos critérios geológicos, e com base nas informações atuais sobre as formações de maior potencial hidrogeológico, maior extensão e área de afloramento, foram incluídas no escopo deste trabalho as formações sedimentares que afloram nas bacias sedimentares da região. Estas são, de leste para oeste: Bacia Sedimentar de Marajó, Bacia Sedimen',NULL,NULL,'01/04/2016','pdf',NULL,'OTCA/GEF/PNUMA','Portugues',NULL,NULL,'OTCA/GEF/PNUMA','PAE, Inform final, Producto 2, Region MAP',1,6,343,'pt',8,NULL,5),(344,'ATIVID.IV.1.1 ALBERTO CRESPO RELATÓRIO 1','Compnente 4. Subproyecto 4.1. Actividad 4.1.1. Monitoreo y Evaluación',NULL,NULL,'23/04/2012','pdf',NULL,NULL,'Español',NULL,NULL,NULL,'monitoreo, evaluación',1,6,345,'es',5,NULL,5),(345,'ATIVID.IV.1.1 ALBERTO CRESPO RELATÓRIO 2','COMPONENTE IV SUBRPOYECTO IV.1 ACTIVIDAD Nº IV.1.1 Monitoreo y Evaluación. El objetivo del Proyecto GEF Amazonas es formular e implementar un enfoque regional\\r\\nde Gestión Integrada de Recursos Hídricos (GIRH) y la adaptación al cambio climático en la cuenca del Amazonas.',NULL,NULL,'05/06/2012','pdf',NULL,NULL,'Español',NULL,NULL,NULL,'monitoreo, evaluación, cuenca del amazonas',1,6,346,'es',3,NULL,5),(346,'ATIVID.IV.1.1 ALBERTO CRESPO RELATÓRIO 3 FINAL','Actividades programadas y ejecutadas en el período.',NULL,NULL,'23/04/2012','pdf',NULL,NULL,'Español',NULL,NULL,NULL,'Informe',1,6,347,'es',5,NULL,5),(347,'ATIVID.V.1.1 ALBERTO CRESPO ANEXO 1','INSTRUCTIONS FOR THE APPLICATION OF THE INFORMATION\\r\\nINDICATORS',NULL,NULL,'24/05/1012','pdf',NULL,NULL,'Inglés',NULL,NULL,NULL,'PARAMETER , EVALUATION',1,6,348,'en',5,NULL,5),(348,'ATIVID.V.1.1 ALBERTO CRESPO ANEXO 2','INSTRUCTIONS FOR THE APPLICATION OF THE MANAGEMENT INDICATORS',NULL,NULL,'24/05/2012','pdf',NULL,NULL,'Inglés',NULL,NULL,NULL,'PARAMETER , EVALUATION',1,6,349,'en',5,NULL,5),(349,'ATIVID.V.1.1 ALBERTO CRESPO ANEXO 3','INSTRUCCIONES PARA LA APLICACIÓN DE LOS INDICADORES DE GESTION',NULL,NULL,'24/05/2012','pdf',NULL,NULL,'Español',NULL,NULL,NULL,'parámetro, evaluación',1,6,350,'es',5,NULL,5),(350,'ATIVID.V.1.1 ALBERTO CRESPO ANEXO 4','INSTRUCCIONES PARA LA APLICACIÓN DE LOS INDICADORES DE\\r\\nINFORMACIÓN - Información básica',NULL,NULL,'24/05/2012','pdf',NULL,NULL,'Español',NULL,NULL,NULL,'Sistema de Información, SII, Gestión  de Recursos Hídricos, siigef',1,6,351,'es',5,NULL,5),(351,'ATIVID.V.1.1 ALBERTO CRESPO ANEXO 5','Indice de gobernabilidad del agua',NULL,NULL,'24/05/1012','excel',NULL,NULL,'Inglés',NULL,NULL,NULL,'Calidad de Agua, Contaminación, Base geográfica, Gestión de recursos hídricos, Sistema de Informaciónn',1,6,352,'en',4,NULL,5),(352,'ATIVID.V.1.1 ALBERTO CRESPO ANEXO 6','Índice de gobernabilidad del agua. Plan de coordinadores',NULL,NULL,'24/05/2012','excel',NULL,NULL,'Español',NULL,NULL,NULL,'Sistema de Información, SII, Gestión  de Recursos Hídricos, siigef',1,6,353,'es',4,NULL,5),(353,'ATIVID.V.1.1 ALBERTO CRESPO ANEXO 7','Indicadores. Gobernabilidad del agua',NULL,NULL,'24/05/2012','excel',NULL,NULL,'Español',NULL,NULL,NULL,'Sistema de Información, SII, Gestión  de Recursos Hídricos, siigef',1,6,354,'es',4,NULL,5),(354,'ATIVID.V.1.1 ALBERTO CRESPO ANEXO 8','Integrated and Sustainable Management of Transboundary Water Resources in the Amazon River Basin Considering Climate Variability and Climate Change',NULL,NULL,'24/05/2012','excel',NULL,NULL,'Inglés',NULL,NULL,NULL,'PARAMETER , EVALUATION',1,6,355,'en',4,NULL,5),(355,'ATIVID.IV.1.1 ALBERTO CRESPO RELATÓRIO 1','Componente 4. Subproyecto 4.1. Actividad 4.1.1. Monitoreo y Evaluación. (Alberto Crespo Milliet)',NULL,NULL,'24/05/2012','pdf',NULL,NULL,'Español',NULL,NULL,NULL,'monitoreo, evaluación, cuenca del amazonas',2,6,356,'es',5,3,5),(356,'Proyecto de Gestión Integrada de Recursos Hídricos GEF-Amazonas Organización del Tratado de Cooperación Amazónica','Bibliografía de los datos hídro-climáticos e informaciones necesarias para la elaboración\\r\\nde un atlas basado en mapas de regiones e áreas vulnerables a eventos climáticos extremos, incluyendo la\\r\\ninformación documentada sobre el uso potencial y la disponibilidad del agua en el Cuenca Amazónica (Brasil,\\r\\nBolivia, Perú)',NULL,NULL,'30/05/2014','pdf',NULL,NULL,'Español',NULL,NULL,'OTCA/GEF/PNUMA','Informe',1,9,357,'es',1,3,5),(359,'Producto 1: Plan Estratégico (Equipo de trabajo, Metodología, Propuesta de Índice del Informe Final y cronograma) para la Ejecución del Proyecto: “Atlas de Vulnerabilidad Hidroclimática de la Cuenca Amazónica','Se identificarán y zonificarán las amenazas hidroclimáticas, ya sean sequías,\\r\\ninundaciones, entre otros eventos relevantes al análisis, las cuales afectan\\r\\ndirectamente el área de la Cuenca Amazónica.\\r\\nCon base en la zonificación de los fenómenos meteorológicos extremos se\\r\\nidentificarán los elementos del sistema biótico (biomas) y socioeconómico\\r\\nexpuestos, a fin de poder establecer cuáles son los elementos amenazados,\\r\\nrealizar el análisis de susceptibilidad de los mismos y generar los mapas de\\r\\nvulnerabilidad.\\r\\n',NULL,NULL,'29/08/2013','pdf',NULL,NULL,NULL,NULL,NULL,NULL,'Atlas de Vulnerabilidad, Vulnerabilidad Climática, Vulnerabilidad Hidroclimática, Alerta Temprana',1,6,360,'es',4,3,5),(361,'Producto IV: Síntesis de los datos a nivel regional en la escala de la cuenca compilado en la forma de metadatos y geo-referenciado a una escala de 1:1 000 000','Síntesis de los datos a nivel regional en la escala de la cuenca\\r\\ncompilado en la forma de metadatos y geo-referenciado a una\\r\\nescala de 1:1 000 000',NULL,NULL,'06/08/2014','pdf',NULL,NULL,'Español',NULL,NULL,NULL,'Atlas de Vulnerabilidad, Vulnerabilidad Climática, Vulnerabilidad Hidroclimática, Alerta Temprana',1,6,362,'es',4,3,5),(364,'Análisis Diagnóstico Transfronterizo Cuenca amazónica boliviana','La cuenca amazónica enfrenta numerosos desafíos para el manejo y la utilización\\r\\nsostenible de los recursos hídricos y de las tierras, dado que la región experimenta un\\r\\nimportante crecimiento socioeconómico liderado principalmente por los flujos\\r\\nmigratorios.',NULL,NULL,'02/01/2015','pdf',NULL,NULL,'Español',NULL,NULL,NULL,'Estrategias de Respuesta, Adaptación, Cambio Climático, MEDIDAS DE ADAPTAÇÃO, Análise',2,6,365,'es',5,3,5),(365,'Análisis de la Legislación Peruana para el Manejo Integrado de Recursos Hídiricos Transfronterizos en la Cuenca del Amazonas Considerando la Variabilidad y el Cambio Climático - Informe Final','Este documento presenta el análisis de la legislación peruana sobre la gestión de los recursos hídricos.',NULL,NULL,'01/11/13','pdf',NULL,NULL,'Español',NULL,NULL,NULL,'Legislación, Gestión de Recursos Hídricos, Peru, legislación peruana, leyes',2,3,366,'es',2,3,5),(366,'Pesquisa Qualitativa, GESTÃO INTEGRADA E SUSTENTÁVEL DOS RECURSOS HÍDRICOS TRANSFRONTEIRIÇOS DA BACIA AMAZÔNICA.','O objetivo geral da fase qualitativa desta pesquisa\\r\\né aferir pontos em comum e demandas prioritárias\\r\\njunto à população da Região Amazonica quanto às\\r\\nquestões socioeconomicas, políticas e ambientais,\\r\\nbem como sua percepção para o futuro da relação\\r\\nentre o uso dos recursos hídricos e o\\r\\ndesenvolvimento sustentável.',NULL,NULL,'02/04/2015','pdf',NULL,'OTCA/GEF/PNUMA','Portugues',NULL,NULL,NULL,'Opinión pública, Amazonia Brasileña, visión de la cuenca, Brasil, cuestionarios',1,6,367,'pt',1,3,5),(367,'Product 01:Detailed Work Plan for the Preparation of a National GEF-Amazon-TDA and Draft Index of the Final National TDA Report.','The sustainable utilization of land and water resources in the Amazon Basin countries is challenged\\r\\nthrough exponential socio-economic growth, internal migratory flows and immigration in the region as\\r\\nwell through rapid environmental deterioration and the effects of climate change. In order to address these\\r\\nchallenges the Amazon Basin countries recognizes coordinated action to minimize risks related to\\r\\ntransboundary water resources issues in the context of climate variability and change. Through the\\r\\nimplementation of the GEF-Amazon Project, of which a transboundary diagnostic analysis is a key\\r\\ncomponent, the foundation for coordinated action between the Amazon Basin countri',NULL,NULL,'16/10/2014','pdf',NULL,'OTCA/GEF/PNUMA','Ingles',NULL,NULL,'OTCA/Proyecto GEF Amazonas','Cuenca Amazónica',1,6,368,'en',1,3,5),(368,'Product 02: National TDA Workshop Report Suriname','The Transboundary Diagnostic Analysis (TDA) Workshop was held on 6 May 2014 in Paramaribo,\\r\\nSuriname. Due to time constraints it was decided to have the TDA Workshop contained in one day\\r\\n(see Appendix 1). Nonetheless, the TDA workshop was successful and the attendance was far beyond\\r\\nexpectations (see Appendix 2).',NULL,NULL,'16/10/2014','pdf',NULL,'OTCA/GEF/PNUMA','Ingles',NULL,NULL,'OTCA/Proyecto GEF Amazonas','Cuenca Amazónica',1,6,369,'en',1,3,5),(369,'ESTUDIO DE BIOMONITOREO DE MACROINVERTEBRADOS E ICTIOFAUNA EN LA CUENCA DEL RÍO NAPO','La región de la Cuenca Amazónica enfrenta numerosos desafíos para el manejo y uso\\r\\nsostenible de los recursos hídricos y de tierras, una vez que la región experimenta un\\r\\nimportante crecimiento socio-económico y aumento de los flujos migratorios hacia la\\r\\nregión. La complejidad de las cuestiones, junto con el acelerado ritmo de cambio\\r\\nclimático, requiere la implementación de un proceso que ayude a minimizar los riesgos\\r\\nasociados con la variabilidad climática, la deforestación, el cambio climático y\\r\\nconflictos sobre el uso de agua y los recursos naturales. En este contexto, el proyecto\\r\\npretende desarrollar un Programa de Acciones Estratégicas (PAE) para la cuenca\\r\\nAmazónic',NULL,NULL,'2015-2016','pdf',NULL,'OTCA/GEF/PNUMA','Español',NULL,NULL,'OTCA/Proyecto GEF Amazonas','monitoreo, evaluación, cuenca del amazonas',1,9,370,'es',1,3,5),(376,'PRODUCTO III: INFORME FINAL DEL ESTUDIO DE MACROINVERTEBRADOS E ICTIOFAUNA DE LA CALIDAD DEL AGUA EN LA CUENCA DEL RÍO NAPO','El presente monitoreo de ictiofauna y macroinvertebrados bentónicos se realizó en 33 sitios de\\r\\nmuestreo al interior de la Cuenca del Río Napo en un rango altitudinal comprendido entre los\\r\\n176 y 439 m.s.n.m, durante el periodo diciembre - 2015 a febrero - 2016, con el objetivo de\\r\\nestablecer una línea base de la composición faunística de peces y macroinvertebrados de la\\r\\nzona, y su empleo en evaluaciones de calidad de agua.',NULL,NULL,'29/06/2016','pdf',NULL,'OTCA/GEF/PNUMA','Español',NULL,NULL,'OTCA/Proyecto GEF Amazonas','monitoreo, evaluación, cuenca del amazonas',1,10,377,'es',1,3,5),(377,'ESTUDIO DE BIOMONITOREO DE MACROINVERTEBRADOS E ICTIOFAUNA EN LA CUENCA DEL RÍO NAPO','La región de la Cuenca Amazónica enfrenta numerosos desafíos para el manejo y uso\\r\\nsostenible de los recursos hídricos y de tierras, una vez que la región experimenta un\\r\\nimportante crecimiento socio-económico y aumento de los flujos migratorios hacia la\\r\\nregión. La complejidad de las cuestiones, junto con el acelerado ritmo de cambio\\r\\nclimático, requiere la implementación de un proceso que ayude a minimizar los riesgos\\r\\nasociados con la variabilidad climática, la deforestación, el cambio climático y\\r\\nconflictos sobre el uso de agua y los recursos naturales. En este contexto, el proyecto\\r\\npretende desarrollar un Programa de Acciones Estratégicas (PAE) para la cuenca\\r\\nAmazónic',NULL,NULL,'2015-2016','pdf',NULL,'OTCA/GEF/PNUMA','Español',NULL,NULL,'OTCA/Proyecto GEF Amazonas','monitoreo, evaluación, cuenca del amazonas',1,6,378,'es',1,3,5),(378,'PRODUCTO II: INFORME DE PECES Y MACROINVERTEBRADOS','Los peces son relativamente fáciles de identificar, el entrenamiento de personal para las\\r\\nactividades de muestreo es menos difícil y la mayoría de las muestras pueden ser\\r\\nanalizadas en el sitio de muestreo para después regresarlas vivas al medio (Karr et al.\\r\\n1986) en (Aguilar, 2005). Además, la aceptación pública de conceptos como la\\r\\nintegridad biótica es más fácil para el público en general y autoridades utilizando peces\\r\\nque diatomeas o invertebrados (Rosen 1995 en (Aguilar, 2005). Para que los peces\\r\\npuedan ser empleados como medida de la sustentabilidad fuerte del uso del agua, se\\r\\ndeben emplear índices que muestren el nivel de calidad ambiental ( (Aguilar, 2005).',NULL,NULL,'09/02/2016','pdf',NULL,'OTCA/GEF/PNUMA','Español',NULL,NULL,'OTCA/Proyecto GEF Amazonas','Ecosistemas Acuáticos, Manejo de ecosistemas, Hotspots',1,6,379,'es',1,3,5),(379,'PRODUCTO II: INFORME DE PECES Y MACROINVERTEBRADOS','Las comunidades humanas, innegablemente asociadas a la disponibilidad de agua dulce,\\r\\ntradicionalmente se han beneficiado de los servicios ofrecidos por ríos y lagos, teniendo\\r\\nasí una influencia directa sobre ellos y su biota acuática. El uso del agua implica\\r\\nnumerosas modificaciones a la morfología de los ríos, tales como la construcción de\\r\\npresas hidroeléctricas y de canales para riego. El cambio de uso del suelo en ecosistemas\\r\\nterrestres tiene por efectos la contaminación puntual o difusa debida a la agricultura, la \\r\\n\\r\\n7\\r\\nF. Nugra, 2016\\r\\nCuenca-Ecuador\\r\\nindustria y la urbanización (Allan et al. 1997, Harding et al. 1998, Wang et al. 2001 en\\r\\n(Aguilar, 2005), con',NULL,NULL,'16/04/2016','pdf',NULL,'OTCA/GEF/PNUMA','Español',NULL,NULL,'OTCA/Proyecto GEF Amazonas','Ecosistemas Acuáticos, Manejo de ecosistemas, Hotspots',1,6,380,'es',1,3,5),(381,'PRODUCTO II: INFORME DE PECES Y MACROINVERTEBRADOS','Las comunidades humanas, innegablemente asociadas a la disponibilidad de agua dulce,\\r\\ntradicionalmente se han beneficiado de los servicios ofrecidos por ríos y lagos, teniendo\\r\\nasí una influencia directa sobre ellos y su biota acuática. El uso del agua implica\\r\\nnumerosas modificaciones a la morfología de los ríos, tales como la construcción de\\r\\npresas hidroeléctricas y de canales para riego. El cambio de uso del suelo en ecosistemas\\r\\nterrestres tiene por efectos la contaminación puntual o difusa debida a la agricultura, la \\r\\n\\r\\n7\\r\\nF. Nugra, 2016\\r\\nCuenca-Ecuador\\r\\nindustria y la urbanización (Allan et al. 1997, Harding et al. 1998, Wang et al. 2001 en\\r\\n(Aguilar, 2005), con',NULL,NULL,'16/04/2016','pdf',NULL,'OTCA/GEF/PNUMA','Español',NULL,NULL,'OTCA/Proyecto GEF Amazonas','Ecosistemas Acuáticos, Manejo de ecosistemas, Hotspots',1,6,382,'es',1,3,5),(382,'PRODUCTO II: INFORME DE PECES Y MACROINVERTEBRADOS','Las comunidades humanas, innegablemente asociadas a la disponibilidad de agua dulce,\\r\\ntradicionalmente se han beneficiado de los servicios ofrecidos por ríos y lagos, teniendo\\r\\nasí una influencia directa sobre ellos y su biota acuática. El uso del agua implica\\r\\nnumerosas modificaciones a la morfología de los ríos, tales como la construcción de\\r\\npresas hidroeléctricas y de canales para riego. El cambio de uso del suelo en ecosistemas\\r\\nterrestres tiene por efectos la contaminación puntual o difusa debida a la agricultura, la \\r\\n\\r\\n7\\r\\nF. Nugra, 2016\\r\\nCuenca-Ecuador\\r\\nindustria y la urbanización (Allan et al. 1997, Harding et al. 1998, Wang et al. 2001 en\\r\\n(Aguilar, 2005), con',NULL,NULL,'16/04/2016','pdf',NULL,'OTCA/GEF/PNUMA','Español',NULL,NULL,'OTCA/Proyecto GEF Amazonas','monitoreo, evaluación, cuenca del amazonas',1,6,383,'es',1,3,5),(383,'Base de datos de la Investigación Cuantitativa de Opinión Pública en la Amazonía Colombiana','Sistematización de preguntas de encuesta cualitativa. Colombia','BIOINFO IIAP','Instituto de Investigaciones de la Amazonia Peruana - IIAP','07/11/2016','','','','Español','','','','Desarrollo económico, gestión de recursos hídricos, medio ambiente, cambio climático',1,3,384,'es',1,3,5),(384,'Base de datos de la Investigación Cuantitativa de Opinión Pública en la Amazonía Ecuatoriana','Sistematización de preguntas de encuesta cualitativa ECUADOR','BIOINFO IIAP','Instituto de Investigaciones de la Amazonia Peruana - IIAP','08/11/2016','','','','Español','','','','Desarrollo económico, gestión de recursos hídricos, medio ambiente, cambio climático',1,3,385,'es',1,3,5),(385,'Base de datos de la Investigación Cuantitativa de Opinión Pública en la Amazonía Peruana','Sistematización de preguntas de encuesta cualitativa Perú','','Instituto de Investigaciones de la Amazonia Peruana - IIAP','09/11/2016','','','','Español','','','','Desarrollo económico, gestión de recursos hídricos, medio ambiente, cambio climático',1,3,386,'es',1,3,5),(386,'Base de datos de la Investigación Cuantitativa de Opinión Pública en la Amazonía Boliviana','Sistematización de preguntas de encuesta cualitativa BOLIVIA','BIOINFO IIAP','Instituto de Investigaciones de la Amazonia Peruana - IIAP','09/11/2016','','','','Español','','','','Desarrollo económico, gestión de recursos hídricos, medio ambiente, cambio climático',1,3,387,'es',1,3,5),(387,'Project: Integrated and sustainable management of transboundary water resources in the Amazon basin, considering variability and climate change. Annex 1. GUYANA database','\\r\\nSystematization of qualitative survey questions Guyana',NULL,'Instituto de Investigaciones de la Amazonia Peruana - IIAP','09/11/2016','excel',NULL,NULL,'Inglés',NULL,NULL,NULL,'Economic development, water resources management, environment, transboundary problems',1,3,388,'en',1,3,5),(388,'Guía metodológica para el biomonitoreo de Macroinvertebrados e Ictiofauna en la cuenca del Río Napo','Este estudio presenta los métodos adecuados de recolección de especies acuáticas tales como Ictiofauna y macroinvertebrados, con la\\r\\nfinalidad de asegurar el registro de toda la información requerida para lograr los objetivos planteados en un estudio, proyecto, etc.  Cabe indicar que esta guía presenta solamente la investigación de ictiofauna y macroinvertebrados acorde a las necesidades de la Cuenca\\r\\ndel Río Napo, sin embargo se la puede replicar en otras cuencas hidrográficas a nivel nacional.\\r\\nAsí mismo, el estudio está estructurado económicamente de acuerdo a las necesidades de la región, de tal manera que los materiales y equipos que se adquirieron se los pueda usar en la Cuenca h',NULL,NULL,'15/08/2016','pdf',NULL,NULL,'Español',NULL,NULL,NULL,'Macroinvertebrados e Ictiofauna',1,5,389,'es',3,3,5),(389,'GUÍA METODOLÓGICA PARA EL BIOMONITOREO DE MACROINVERTEBRADOS E ICTIOFAUNA EN LA CUENCA DEL RÍO NAPO','La presente es una guía metodológica, con el propósito de ser una herramienta didáctica para quienes vayan a realizar muestreos dentro del ecosistema de la cuenca Amazónica.',NULL,NULL,'09/08/2016','pdf',NULL,NULL,'Español',NULL,NULL,NULL,'Macroinvertebrados e Ictiofauna',1,5,390,'es',3,3,5),(390,'Educación, participación y Ambiente, número 2','Presenta propuestas e iniciativas\\r\\nque parten de las necesidades ambientales para la\\r\\nmejora, conservación y revalorización de nuestro\\r\\npatrimonio ambiental.','','','10/12/2009','','','','Español','','','','Educación, participación y ambiente',1,6,391,'es',9,3,5),(391,'Educación, participación y ambiente, número 1','En procura de la conservación y mejora ambiental, el\\r\\nGobierno Bolivariano inició uno de sus proyectos de\\r\\nmayor envergadura el 26 de mayo de 2006, cuando el\\r\\npresidente Hugo Chávez da paso a\\r\\nla iniciativa que hoy nos enorgullece:\\r\\nÁrbol, Misión Socialista.\\r\\nSe trata de una Misión dirigida a toda\\r\\nla población para promover su organización\\r\\ne incorporación a la nueva\\r\\nestructura social, uniendo al sector\\r\\neducativo en todos los subsistemas\\r\\npara fomentar una nueva ética, principios\\r\\ny valores ambientales en nuestro\\r\\npaís.','','','10/12/2009','','','OTCA/GEF/PNUMA','Español','','','OTCA/Proyecto GEF Amazonas','Educación, participación y ambiente',1,6,392,'es',9,3,5),(392,'Construction of one Sediment Trapping Unit - One pilot sediment trapping unit constructed','This report is the second out of the four products comprising the deliverable under\\r\\nCONSULTANCY CONTRACT – GEF/NN/313/2015 “Coastal protection using soft technology”\\r\\nfor the GEF-Amazon Project “Integrated and Sustainable Management of Transboundary Water\\r\\nResources in the Amazon River Basin considering Climate Variability and Change”, developed by\\r\\nthe Amazon Cooperation Treaty Organization (ACTO) with the support of the United Nations\\r\\nEnvironment Program (UNEP), and funded by the Global Environment Facility (GEF). The purpose\\r\\nof this report is to outline coordinated activities with regard to the second product and includes the\\r\\nconstruction of one pilot sediment trapping u',NULL,NULL,'31/12/1969','pdf',NULL,'Proyecto OTCA/PNUMA/GEF Amazonas: Recursos Hídricos y Cambio Climático Organización del Tratado de C','Inglés',NULL,NULL,NULL,'Construction, sediment, STU',1,6,393,'en',7,3,5),(393,'Final Consultancy Report To Ministry of Agriculture Hydrometeorological Service Upgrade Of National Water Information System','At the workshop/training session conducted by MAPIT on 11/11/16 it was determined and mutual\\r\\nagreed by MAPIT and the staff of Hydromet that there would be a phased approach to the input of data\\r\\ninto the application and utilization of the new functions available in the application. It was generally\\r\\nfelt that there needs to be continued training for the staff of the NWIS and this was taken into\\r\\nconsideration by MAPIT who pledged to provide training and support services to the HYDROMET for a\\r\\nperiod of one year post the current contractual arrangement.',NULL,NULL,'11/11/2016','pdf',NULL,'Proyecto OTCA/PNUMA/GEF Amazonas: Recursos Hídricos y Cambio Climático Organización del Tratado de C','Ingles',NULL,NULL,NULL,'Map, Hydromet, Water, workshop, training',1,7,394,'en',7,3,5),(394,'MONITOREO DE ESPECIES AMENAZADAS POR INUNDACIONES EN LA CUENCA DE LA AMAZONIA BOLIVIANA -  INFORME FINAL','El proyecto pretende evaluar las especies de fauna terrestre que están\\r\\namenazadas para su conservación en la cuenca amazónica y las causas que motivan esta\\r\\nvulnerabilidad. Para cumplir con este cometido se entabló una alianza estratégica con el\\r\\nCentro de Investigación en Biodiversidad y Medio Ambiente (CIBIOMA), unidad dependiente\\r\\nde la Universidad Autónoma del Beni “José Ballivián” (UABJB), que tiene como finalidad la\\r\\ngeneración, recopilación, sistematización, análisis y difusión de datos sobre Diversidad Biológica\\r\\ny Medio Ambiente en el departamento del Beni que permitan sustentar la toma de decisiones\\r\\ndesde posiciones informadas, fortaleciendo y participando en los pr',NULL,NULL,'10/10/2016','pdf',NULL,'Proyecto OTCA/PNUMA/GEF Amazonas: Recursos Hídricos y Cambio Climático Organización del Tratado de C','Español',NULL,NULL,NULL,'CUENCA DE LA AMAZONIA BOLIVIANA, MONITOREO',1,7,395,'es',3,4,5),(395,'Inspección Río Madre de Dios (Bolivia): DIAGNÓSTICO SITUACIONAL Y PLAN DE ACCIÓN INFORME FINAL – PRODUCTO 3','El presente informe, refleja los resultados obtenidos en el marco del trabajo de consultoría especializada en la Inspección del Río Madre de Dios, toma de muestras de agua, sedimento y análisis en laboratorio, así como la Elaboración y Socialización del Plan de Acción en su Segunda Fase. \\r\\nSe evaluó la situación del Río Madre de Dios en el sector boliviano, basada en la caracterización fisicoquímica de las aguas, sedimentos, muestras de peces y cabellos humanos en época seca, como insumos para establecer las acciones de descontaminación, conservación, uso y aprovechamiento sustentable de los recursos para el proyecto “Gestión Integrada y Sostenible de los Recursos Hídricos Transfronterizos',NULL,'Lucía Alanoca, Gonzalo Salas','20/11/2016','word',NULL,'Proyecto OTCA/PNUMA/GEF Amazonas: Recursos Hídricos y Cambio Climático Organización del Tratado de C','Español',NULL,NULL,NULL,'Río Madre de Dios (Bolivia), muestras de agua, sedimento y análisis en laboratorio',1,10,396,'es',3,3,5),(396,'Doc Prueba000','descripción prueba0000','','','05/03/2018','pdf','','','','','','','prueba, dos, uno',1,5,397,'es',1,3,420),(397,'Doc Prueba1','desss',NULL,NULL,'05/03/2018','pdf',NULL,NULL,NULL,NULL,NULL,NULL,'prueba, dos, uno',1,5,398,'es',1,3,420),(398,'Doc Prueba1111','ssdss',NULL,NULL,NULL,'pdf',NULL,NULL,NULL,NULL,NULL,NULL,'Map, Hydromet, Water, workshop, training',1,2,399,'es',10,4,420),(399,'Doc Prueba123','desc',NULL,NULL,'01/01/2018','pdf',NULL,NULL,NULL,NULL,NULL,NULL,'Macroinvertebrados e Ictiofauna',1,3,399,'es',2,1,420);

/*Table structure for table `dublincore_autor` */

DROP TABLE IF EXISTS `dublincore_autor`;

CREATE TABLE `dublincore_autor` (
  `Dub_IdDublinCore` int(11) NOT NULL,
  `Aut_IdAutor` int(11) NOT NULL,
  KEY `FK_dublincore_autor` (`Aut_IdAutor`),
  KEY `FK_dublincore_autor_dub` (`Dub_IdDublinCore`),
  CONSTRAINT `FK_dublincore_autor` FOREIGN KEY (`Aut_IdAutor`) REFERENCES `autor` (`Aut_IdAutor`),
  CONSTRAINT `FK_dublincore_autor_dub` FOREIGN KEY (`Dub_IdDublinCore`) REFERENCES `dublincore` (`Dub_IdDublinCore`)
) ENGINE=InnoDB DEFAULT CHARSET=utf8;

/*Data for the table `dublincore_autor` */

insert  into `dublincore_autor`(Dub_IdDublinCore,Aut_IdAutor) values (1,1),(2,1),(3,1),(5,2),(6,3),(7,3),(8,3),(9,3),(10,47),(15,5),(16,5),(17,5),(19,6),(20,6),(21,6),(22,6),(23,6),(24,6),(25,6),(26,6),(27,6),(30,7),(31,7),(32,7),(34,7),(35,7),(36,7),(37,7),(38,7),(39,8),(40,8),(41,8),(44,8),(45,8),(46,8),(48,9),(49,9),(51,10),(52,11),(53,12),(54,13),(55,14),(56,15),(57,15),(58,15),(59,15),(60,15),(61,16),(62,17),(63,17),(64,17),(65,18),(66,18),(67,18),(69,19),(71,20),(72,20),(73,20),(74,20),(75,20),(76,21),(77,21),(78,21),(79,22),(80,22),(81,22),(82,23),(83,23),(84,24),(85,24),(86,24),(87,24),(89,25),(91,25),(92,26),(93,27),(94,27),(95,28),(96,29),(97,29),(99,30),(100,30),(102,30),(105,30),(106,30),(112,30),(113,31),(114,32),(115,32),(116,32),(117,33),(118,33),(119,33),(120,34),(121,34),(122,34),(123,34),(124,34),(125,35),(126,31),(127,31),(128,36),(129,36),(130,36),(131,36),(132,27),(139,48),(147,27),(155,21),(156,21),(157,49),(158,50),(159,50),(161,8),(162,8),(163,18),(164,18),(165,18),(166,52),(167,52),(168,53),(169,53),(170,53),(171,14),(172,21),(173,54),(174,55),(175,56),(176,56),(177,57),(178,58),(179,59),(180,59),(181,23),(182,23),(183,23),(184,23),(185,60),(186,61),(187,62),(188,62),(189,63),(192,63),(193,65),(194,65),(195,66),(197,66),(198,66),(199,66),(200,66),(201,67),(204,23),(206,24),(207,24),(208,64),(209,64),(210,64),(211,64),(212,68),(213,68),(214,68),(215,69),(216,70),(217,70),(218,70),(219,71),(220,71),(221,24),(222,7),(223,7),(224,7),(225,72),(226,72),(227,73),(228,74),(229,74),(230,74),(231,47),(232,75),(233,75),(234,29),(235,29),(236,29),(237,75),(238,29),(239,15),(240,75),(241,15),(242,75),(243,17),(244,20),(245,20),(246,20),(247,76),(250,76),(251,76),(252,76),(253,76),(254,9),(255,9),(256,9),(257,9),(258,9),(259,9),(260,9),(261,9),(262,9),(263,77),(264,77),(265,78),(266,77),(267,78),(268,78),(269,78),(270,79),(271,79),(272,79),(273,79),(274,80),(275,22),(276,22),(277,22),(278,22),(279,22),(280,81),(281,80),(282,82),(283,82),(284,82),(285,82),(286,25),(287,25),(288,81),(289,83),(290,25),(291,83),(292,83),(293,84),(294,85),(295,85),(296,85),(297,63),(298,86),(299,85),(300,87),(301,85),(302,88),(303,87),(304,88),(305,89),(306,90),(307,28),(308,71),(309,28),(310,89),(311,28),(312,10),(313,10),(314,10),(315,10),(316,91),(317,91),(318,91),(319,91),(320,92),(321,92),(322,92),(323,92),(324,93),(325,93),(326,93),(327,93),(328,86),(329,86),(330,86),(331,86),(332,93),(333,94),(334,89),(335,89),(336,94),(337,95),(338,89),(339,95),(340,89),(341,89),(342,96),(343,96),(344,97),(345,97),(346,97),(347,97),(348,97),(349,97),(350,97),(351,97),(352,97),(353,97),(354,97),(355,97),(356,98),(359,98),(361,98),(364,100),(365,4),(366,36),(367,101),(368,101),(369,102),(376,103),(377,103),(378,103),(379,102),(381,102),(382,103),(383,104),(384,105),(385,106),(386,107),(387,108),(388,102),(389,102),(390,109),(391,109),(392,110),(393,108),(394,107),(395,111),(396,112),(397,112),(398,112),(399,2);

/*Table structure for table `escuela` */

DROP TABLE IF EXISTS `escuela`;

CREATE TABLE `escuela` (
  `Esc_IdEscuela` int(11) NOT NULL AUTO_INCREMENT,
  `Esc_Nombre` varchar(200) DEFAULT NULL,
  `Esc_Descripcion` varchar(250) DEFAULT NULL,
  `Esc_Direccion` varchar(250) DEFAULT NULL,
  `Esc_Telefono` varchar(45) DEFAULT NULL,
  `Fac_IdFacultad` int(11) NOT NULL,
  `Esc_Estado` tinyint(1) DEFAULT NULL,
  `Row_Estado` tinyint(1) DEFAULT NULL,
  PRIMARY KEY (`Esc_IdEscuela`),
  KEY `Fk_escuela_facultad_idx` (`Fac_IdFacultad`),
  CONSTRAINT `Fk_escuela_facultad` FOREIGN KEY (`Fac_IdFacultad`) REFERENCES `facultad` (`Fac_IdFacultad`) ON DELETE NO ACTION ON UPDATE NO ACTION
) ENGINE=InnoDB AUTO_INCREMENT=22 DEFAULT CHARSET=utf8;

/*Data for the table `escuela` */

insert  into `escuela`(Esc_IdEscuela,Esc_Nombre,Esc_Descripcion,Esc_Direccion,Esc_Telefono,Fac_IdFacultad,Esc_Estado,Row_Estado) values (1,'Escuela Profesional de Administracion','Descripción breve','Calle Nanay 352','065234364 / 065243644',2,1,1),(2,'Escuela Profesional de Contabilidad','Descripción breve','Calle Nanay 352','065234364 / 065243644',2,1,1),(3,'Escuela Profesional de Economia','Descripción breve','Calle Nanay 352','065234364 / 065243644',2,1,1),(4,'Escuela Profesional de Negocios y Turismo','Descripción breve','Calle Nanay 352','065234364 / 065243644',2,1,1),(5,'Escuela Profesional de Agronomia','Descripción breve','Calle Samanez Ocampo 185','065234140',4,1,1),(6,'Escuela Profesional de Gestión Ambiental','Descripción breve','Calle Samanez Ocampo 185','065234140',4,1,1),(7,'Escuela Profesional de Acuicultura','Descripción breve','Calle Pevas 5ta cuadra','065236121',10,1,1),(8,'Escuela Profesional de Ciencias Biologicas','Descripción breve','Calle Pevas 5ta cuadra','065236121',10,1,1),(9,'Escuela Profesional de Ingenieria de Sistemas e Informatica','Descripción breve','Moore 280','065232708',1,1,1),(10,'Escuela Profesional de Ingenieria de Industrias Alimentarias','Descripción breve','Calle Nauta 5ta. cuadra','065234458',3,1,1),(11,'Escuela Profesional de Bromotologia y Nutricion Humana','Descripción breve','Calle Nauta 5ta. cuadra','065234458',3,1,1),(12,'Escuela Profesional de Educación Fisica','Descripción breve','Sgto. Lores 635','065233563',5,1,1),(13,'Escuela Profesional de Zootecnia','Descripción breve','Calle Libertad 1250, Yurimaguas','065351010',8,1,1),(14,'Escuela Profesional de Odontologia','Descripción breve','San Marcos/Las Crisnejas s/n, San Juan Bautista','065 633728',6,1,1),(15,'Escuela Profesional de Medicina Humana','Descripción breve','Av. Colonial s/n, Moronillo, Punchana','065251780',7,1,1),(16,'Escuela Profesional de Ciencias Forestales','Descripción breve','Pevas 584','065 233705',9,1,1),(17,'Escuela Profesional de Ingenieria en Ecologia de Bosques Tropicales ','Descripción breve','Pevas 584','065233705',9,1,1),(18,'Escuela Profesional de Farmacia y Bioquimica','Descripción breve','Nina Rumi, San Juan Bautista','--',11,1,1),(19,'Escuela Profesional de Enfermeria','Descripción breve','Pasaje Dina Límaco 186','065266368',12,1,1),(20,'Escuela Profesional de Derecho y Ciencias Políticas','Descripción breve','Sargento Lores 446','065222720',13,1,1),(21,'Escuela Profesional de Ingeniería Química','Descripción breve','Av. Freyre 616','065243665 - 234101',14,1,1);

/*Table structure for table `escuela_ambiente` */

DROP TABLE IF EXISTS `escuela_ambiente`;

CREATE TABLE `escuela_ambiente` (
  `Esc_IdEscuela` int(11) NOT NULL,
  `Amb_IdAmbiente` int(11) NOT NULL,
  KEY `fk_escula_ambiente_escuela_idx` (`Esc_IdEscuela`),
  KEY `fk_escuela_ambiente_ambiente_idx` (`Amb_IdAmbiente`),
  CONSTRAINT `fk_escuela_ambiente_ambiente` FOREIGN KEY (`Amb_IdAmbiente`) REFERENCES `ambiente` (`Amb_IdAmbiente`) ON DELETE NO ACTION ON UPDATE NO ACTION,
  CONSTRAINT `fk_escuela_ambiente_escuela` FOREIGN KEY (`Esc_IdEscuela`) REFERENCES `escuela` (`Esc_IdEscuela`) ON DELETE NO ACTION ON UPDATE NO ACTION
) ENGINE=InnoDB DEFAULT CHARSET=utf8;

/*Data for the table `escuela_ambiente` */

/*Table structure for table `escuela_ciclo` */

DROP TABLE IF EXISTS `escuela_ciclo`;

CREATE TABLE `escuela_ciclo` (
  `Esi_IdEscuelaCiclo` int(11) NOT NULL AUTO_INCREMENT,
  `Cic_IdCiclo` int(11) NOT NULL,
  `Esc_IdEscuela` int(11) NOT NULL,
  `Esi_Estado` tinyint(1) DEFAULT NULL,
  `Row_Estado` tinyint(1) DEFAULT NULL,
  PRIMARY KEY (`Esi_IdEscuelaCiclo`),
  KEY `Cic_IdCiclo` (`Cic_IdCiclo`),
  KEY `Esc_IdEscuela` (`Esc_IdEscuela`),
  CONSTRAINT `FK_escuela_ciclo_ciclo` FOREIGN KEY (`Cic_IdCiclo`) REFERENCES `ciclo` (`Cic_IdCiclo`),
  CONSTRAINT `FK_escuela_ciclo_escuela` FOREIGN KEY (`Esc_IdEscuela`) REFERENCES `escuela` (`Esc_IdEscuela`)
) ENGINE=InnoDB DEFAULT CHARSET=utf8;

/*Data for the table `escuela_ciclo` */

/*Table structure for table `estadistica_visita` */

DROP TABLE IF EXISTS `estadistica_visita`;

CREATE TABLE `estadistica_visita` (
  `Vis_IdVisita` int(11) NOT NULL AUTO_INCREMENT,
  `Vis_Explorador` varchar(25) NOT NULL,
  `Vis_Fecha` varchar(25) NOT NULL,
  `Vis_PaginaVisita` varchar(250) NOT NULL,
  `Vis_PaginaAnterior` varchar(250) NOT NULL,
  `Vis_SistemaOperativo` varchar(250) NOT NULL,
  `Vis_Idioma` varchar(25) NOT NULL,
  `Vis_Ip` varchar(25) NOT NULL,
  PRIMARY KEY (`Vis_IdVisita`)
) ENGINE=InnoDB AUTO_INCREMENT=288 DEFAULT CHARSET=utf8;

/*Data for the table `estadistica_visita` */

insert  into `estadistica_visita`(Vis_IdVisita,Vis_Explorador,Vis_Fecha,Vis_PaginaVisita,Vis_PaginaAnterior,Vis_SistemaOperativo,Vis_Idioma,Vis_Ip) values (1,'CHROME 66.0.3359.139','2018-05-22 02:27:16','/sga_unap/es/arquitectura','http://localhost/sga_unap/es/bitacora','(Windows NT 10.0; Win64; x64) AppleWebKit/537.36 (KHTML, like Gecko)','es','::1'),(2,'CHROME 66.0.3359.139','2018-05-22 03:47:35','/sga_unap/es/arquitectura','http://localhost/sga_unap/es/bitacora','(Windows NT 10.0; Win64; x64) AppleWebKit/537.36 (KHTML, like Gecko)','es','::1'),(3,'CHROME 66.0.3359.139','2018-05-22 03:48:44','/sga_unap/es/arquitectura','http://localhost/sga_unap/es/bitacora','(Windows NT 10.0; Win64; x64) AppleWebKit/537.36 (KHTML, like Gecko)','es','::1'),(4,'CHROME 66.0.3359.139','2018-05-22 03:48:50','/sga_unap/es/carga_academica','http://localhost/sga_unap/es/arquitectura','(Windows NT 10.0; Win64; x64) AppleWebKit/537.36 (KHTML, like Gecko)','es','::1'),(5,'CHROME 66.0.3359.139','2018-05-22 04:43:26','/sga_unap/es/carga_academica','/sga_unap/es/carga_academica','(Windows NT 10.0; Win64; x64) AppleWebKit/537.36 (KHTML, like Gecko)','es','::1'),(6,'CHROME 66.0.3359.139','2018-05-22 04:53:19','/sga_unap/es/carga_academica','http://localhost/sga_unap/es/carga_academica','(Windows NT 10.0; Win64; x64) AppleWebKit/537.36 (KHTML, like Gecko)','es','::1'),(7,'CHROME 66.0.3359.139','2018-05-22 04:53:23','/sga_unap/es/carga_academica','http://localhost/sga_unap/es/carga_academica','(Windows NT 10.0; Win64; x64) AppleWebKit/537.36 (KHTML, like Gecko)','es','::1'),(8,'CHROME 66.0.3359.139','2018-05-22 04:54:04','/sga_unap/es/','http://localhost/sga_unap/es/carga_academica','(Windows NT 10.0; Win64; x64) AppleWebKit/537.36 (KHTML, like Gecko)','es','::1'),(9,'CHROME 66.0.3359.139','2018-05-22 04:57:23','/sga_unap/en/carga_academica','http://localhost/sga_unap/es/carga_academica','(Windows NT 10.0; Win64; x64) AppleWebKit/537.36 (KHTML, like Gecko)','en','::1'),(10,'CHROME 66.0.3359.139','2018-05-22 04:57:30','/sga_unap/pt/carga_academica','http://localhost/sga_unap/en/carga_academica','(Windows NT 10.0; Win64; x64) AppleWebKit/537.36 (KHTML, like Gecko)','pt','::1'),(11,'CHROME 66.0.3359.139','2018-05-22 04:57:38','/sga_unap/es/carga_academica','http://localhost/sga_unap/pt/carga_academica','(Windows NT 10.0; Win64; x64) AppleWebKit/537.36 (KHTML, like Gecko)','es','::1'),(12,'CHROME 66.0.3359.139','2018-05-22 05:13:22','/sga_unap/es/carga_academica','http://localhost/sga_unap/pt/carga_academica','(Windows NT 10.0; Win64; x64) AppleWebKit/537.36 (KHTML, like Gecko)','es','::1'),(13,'CHROME 66.0.3359.139','2018-05-22 05:15:18','/sga_unap/es/carga_academica/index/cursos','/sga_unap/es/carga_academica/index/cursos','(Windows NT 10.0; Win64; x64) AppleWebKit/537.36 (KHTML, like Gecko)','es','::1'),(14,'CHROME 66.0.3359.139','2018-05-22 05:24:32','/sga_unap/es/carga_academica/index/cursos/','/sga_unap/es/carga_academica/index/cursos/','(Windows NT 10.0; Win64; x64) AppleWebKit/537.36 (KHTML, like Gecko)','es','::1'),(15,'CHROME 66.0.3359.139','2018-05-22 05:39:54','/sga_unap/es/acl','/sga_unap/es/acl','(Windows NT 10.0; Win64; x64) AppleWebKit/537.36 (KHTML, like Gecko)','es','::1'),(16,'CHROME 66.0.3359.139','2018-05-22 05:46:58','/sga_unap/es/carga_academica/index/cursos','http://localhost/sga_unap/es/acl','(Windows NT 10.0; Win64; x64) AppleWebKit/537.36 (KHTML, like Gecko)','es','::1'),(17,'CHROME 66.0.3359.139','2018-05-22 09:51:59','/sga_unap/es/acl/index/roles','http://localhost/sga_unap/es/carga_academica/index/cursos','(Windows NT 10.0; Win64; x64) AppleWebKit/537.36 (KHTML, like Gecko)','es','::1'),(18,'CHROME 66.0.3359.139','2018-05-22 10:10:56','/sga_unap/es/acl/index/roles','http://localhost/sga_unap/es/carga_academica/index/cursos','(Windows NT 10.0; Win64; x64) AppleWebKit/537.36 (KHTML, like Gecko)','es','::1'),(19,'CHROME 66.0.3359.139','2018-05-22 10:29:20','/sga_unap/es/acl/index/roles','http://localhost/sga_unap/es/acl/index/roles','(Windows NT 10.0; Win64; x64) AppleWebKit/537.36 (KHTML, like Gecko)','es','::1'),(20,'CHROME 66.0.3359.139','2018-05-22 10:29:29','/sga_unap/es/acl/index/modulos','http://localhost/sga_unap/es/acl/index/roles','(Windows NT 10.0; Win64; x64) AppleWebKit/537.36 (KHTML, like Gecko)','es','::1'),(21,'CHROME 66.0.3359.139','2018-05-22 10:29:33','/sga_unap/es/usuarios','http://localhost/sga_unap/es/acl/index/modulos','(Windows NT 10.0; Win64; x64) AppleWebKit/537.36 (KHTML, like Gecko)','es','::1'),(22,'CHROME 66.0.3359.139','2018-05-22 10:39:37','/sga_unap/es/carga_academica/index/cursos','http://localhost/sga_unap/es/usuarios','(Windows NT 10.0; Win64; x64) AppleWebKit/537.36 (KHTML, like Gecko)','es','::1'),(23,'CHROME 66.0.3359.139','2018-05-22 11:15:17','/sga_unap/es/carga_academica/index/cursos','http://localhost/sga_unap/es/usuarios','(Windows NT 10.0; Win64; x64) AppleWebKit/537.36 (KHTML, like Gecko)','es','::1'),(24,'CHROME 66.0.3359.139','2018-05-22 11:19:49','/sga_unap/es/acl/index/roles','http://localhost/sga_unap/es/carga_academica/index/cursos','(Windows NT 10.0; Win64; x64) AppleWebKit/537.36 (KHTML, like Gecko)','es','::1'),(25,'CHROME 66.0.3359.139','2018-05-22 11:32:15','/sga_unap/es/carga_academica/index/cursos','http://localhost/sga_unap/es/acl/index/roles','(Windows NT 10.0; Win64; x64) AppleWebKit/537.36 (KHTML, like Gecko)','es','::1'),(26,'CHROME 66.0.3359.139','2018-05-22 12:06:41','/sga_unap/es/dublincore/documentos','http://localhost/sga_unap/es/carga_academica/index/cursos','(Windows NT 10.0; Win64; x64) AppleWebKit/537.36 (KHTML, like Gecko)','es','::1'),(27,'CHROME 66.0.3359.139','2018-05-22 12:29:25','/sga_unap/es/acl','http://localhost/sga_unap/es/dublincore/documentos','(Windows NT 10.0; Win64; x64) AppleWebKit/537.36 (KHTML, like Gecko)','es','::1'),(28,'CHROME 66.0.3359.139','2018-05-22 12:31:32','/sga_unap/es/dublincore/registrar/index/420','http://localhost/sga_unap/es/acl','(Windows NT 10.0; Win64; x64) AppleWebKit/537.36 (KHTML, like Gecko)','es','::1'),(29,'CHROME 66.0.3359.139','2018-05-22 12:34:47','/sga_unap/es/dublincore/registrar/index/420','http://localhost/sga_unap/es/acl','(Windows NT 10.0; Win64; x64) AppleWebKit/537.36 (KHTML, like Gecko)','es','::1'),(30,'CHROME 66.0.3359.139','2018-05-22 12:37:03','/sga_unap/es/dublincore/registrar/index/420','http://localhost/sga_unap/es/acl','(Windows NT 10.0; Win64; x64) AppleWebKit/537.36 (KHTML, like Gecko)','es','::1'),(31,'CHROME 66.0.3359.139','2018-05-22 16:07:56','/sga_unap/es/acl','/sga_unap/es/acl','(Windows NT 10.0; Win64; x64) AppleWebKit/537.36 (KHTML, like Gecko)','es','::1'),(32,'CHROME 66.0.3359.139','2018-05-22 16:09:14','/sga_unap/es/acl/index/roles','http://localhost/sga_unap/es/acl','(Windows NT 10.0; Win64; x64) AppleWebKit/537.36 (KHTML, like Gecko)','es','::1'),(33,'CHROME 66.0.3359.139','2018-05-22 16:10:14','/sga_unap/es/carga_academica/index/cursos','http://localhost/sga_unap/es/acl/index/roles','(Windows NT 10.0; Win64; x64) AppleWebKit/537.36 (KHTML, like Gecko)','es','::1'),(34,'CHROME 66.0.3359.139','2018-05-22 16:48:36','/sga_unap/es/carga_academica/index/facultades','http://localhost/sga_unap/es/carga_academica/index/cursos','(Windows NT 10.0; Win64; x64) AppleWebKit/537.36 (KHTML, like Gecko)','es','::1'),(35,'CHROME 66.0.3359.139','2018-05-22 17:23:21','/sga_unap/es/carga_academica/index/facultades','http://localhost/sga_unap/es/carga_academica/index/cursos','(Windows NT 10.0; Win64; x64) AppleWebKit/537.36 (KHTML, like Gecko)','es','::1'),(36,'CHROME 66.0.3359.139','2018-05-22 17:24:51','/sga_unap/es/carga_academica/index/facultades','http://localhost/sga_unap/es/carga_academica/index/cursos','(Windows NT 10.0; Win64; x64) AppleWebKit/537.36 (KHTML, like Gecko)','es','::1'),(37,'CHROME 66.0.3359.139','2018-05-22 17:25:23','/sga_unap/es/carga_academica/index/facultades','http://localhost/sga_unap/es/carga_academica/index/cursos','(Windows NT 10.0; Win64; x64) AppleWebKit/537.36 (KHTML, like Gecko)','es','::1'),(38,'CHROME 66.0.3359.139','2018-05-22 17:26:07','/sga_unap/es/carga_academica/index/facultades','http://localhost/sga_unap/es/carga_academica/index/cursos','(Windows NT 10.0; Win64; x64) AppleWebKit/537.36 (KHTML, like Gecko)','es','::1'),(39,'CHROME 66.0.3359.139','2018-05-22 17:40:47','/sga_unap/es/carga_academica/index/facultades','http://localhost/sga_unap/es/carga_academica/index/cursos','(Windows NT 10.0; Win64; x64) AppleWebKit/537.36 (KHTML, like Gecko)','es','::1'),(40,'CHROME 66.0.3359.139','2018-05-22 17:41:31','/sga_unap/es/acl/index/roles','http://localhost/sga_unap/es/carga_academica/index/facultades','(Windows NT 10.0; Win64; x64) AppleWebKit/537.36 (KHTML, like Gecko)','es','::1'),(41,'CHROME 66.0.3359.139','2018-05-22 17:43:07','/sga_unap/es/acl/index/permisos','http://localhost/sga_unap/es/acl/index/roles','(Windows NT 10.0; Win64; x64) AppleWebKit/537.36 (KHTML, like Gecko)','es','::1'),(42,'CHROME 66.0.3359.139','2018-05-22 17:43:17','/sga_unap/es/acl/index/roles','http://localhost/sga_unap/es/acl/index/permisos','(Windows NT 10.0; Win64; x64) AppleWebKit/537.36 (KHTML, like Gecko)','es','::1'),(43,'CHROME 66.0.3359.139','2018-05-22 17:45:01','/sga_unap/es/carga_academica/index/facultades','http://localhost/sga_unap/es/acl/index/roles','(Windows NT 10.0; Win64; x64) AppleWebKit/537.36 (KHTML, like Gecko)','es','::1'),(44,'CHROME 66.0.3359.139','2018-05-22 18:22:12','/sga_unap/es/carga_academica/index/facultades','/sga_unap/es/carga_academica/index/facultades','(Windows NT 10.0; Win64; x64) AppleWebKit/537.36 (KHTML, like Gecko)','es','::1'),(45,'CHROME 66.0.3359.139','2018-05-22 18:22:43','/sga_unap/es/carga_academica/index/facultades','http://localhost/sga_unap/es/carga_academica/index/facultades','(Windows NT 10.0; Win64; x64) AppleWebKit/537.36 (KHTML, like Gecko)','es','::1'),(46,'CHROME 66.0.3359.139','2018-05-22 18:23:18','/sga_unap/es/carga_academica/index/facultades','http://localhost/sga_unap/es/carga_academica/index/facultades','(Windows NT 10.0; Win64; x64) AppleWebKit/537.36 (KHTML, like Gecko)','es','::1'),(47,'CHROME 66.0.3359.139','2018-05-22 18:27:29','/sga_unap/es/carga_academica/index/facultades','http://localhost/sga_unap/es/carga_academica/index/facultades','(Windows NT 10.0; Win64; x64) AppleWebKit/537.36 (KHTML, like Gecko)','es','::1'),(48,'CHROME 66.0.3359.139','2018-05-22 18:27:34','/sga_unap/es/carga_academica/index/facultades','http://localhost/sga_unap/es/carga_academica/index/facultades','(Windows NT 10.0; Win64; x64) AppleWebKit/537.36 (KHTML, like Gecko)','es','::1'),(49,'CHROME 66.0.3359.139','2018-05-22 18:44:32','/sga_unap/es/carga_academica/index/facultades','http://localhost/sga_unap/es/carga_academica/index/facultades','(Windows NT 10.0; Win64; x64) AppleWebKit/537.36 (KHTML, like Gecko)','es','::1'),(50,'CHROME 66.0.3359.139','2018-05-22 18:44:37','/sga_unap/es/carga_academica/index/facultades','/sga_unap/es/carga_academica/index/facultades','(Windows NT 10.0; Win64; x64) AppleWebKit/537.36 (KHTML, like Gecko)','es','::1'),(51,'CHROME 66.0.3359.139','2018-05-22 18:45:12','/sga_unap/es/carga_academica/index/facultades','http://localhost/sga_unap/es/carga_academica/index/facultades','(Windows NT 10.0; Win64; x64) AppleWebKit/537.36 (KHTML, like Gecko)','es','::1'),(52,'CHROME 66.0.3359.139','2018-05-22 18:46:48','/sga_unap/es/carga_academica/index/facultades','http://localhost/sga_unap/es/carga_academica/index/facultades','(Windows NT 10.0; Win64; x64) AppleWebKit/537.36 (KHTML, like Gecko)','es','::1'),(53,'CHROME 66.0.3359.139','2018-05-22 18:47:33','/sga_unap/es/carga_academica/index/facultades','http://localhost/sga_unap/es/carga_academica/index/facultades','(Windows NT 10.0; Win64; x64) AppleWebKit/537.36 (KHTML, like Gecko)','es','::1'),(54,'CHROME 66.0.3359.139','2018-05-22 18:48:34','/sga_unap/es/acl/index/permisos','http://localhost/sga_unap/es/carga_academica/index/facultades','(Windows NT 10.0; Win64; x64) AppleWebKit/537.36 (KHTML, like Gecko)','es','::1'),(55,'CHROME 66.0.3359.139','2018-05-22 18:49:37','/sga_unap/es/acl/index/roles','http://localhost/sga_unap/es/acl/index/permisos','(Windows NT 10.0; Win64; x64) AppleWebKit/537.36 (KHTML, like Gecko)','es','::1'),(56,'CHROME 66.0.3359.139','2018-05-22 18:50:08','/sga_unap/es/carga_academica/index/facultades','http://localhost/sga_unap/es/acl/index/roles','(Windows NT 10.0; Win64; x64) AppleWebKit/537.36 (KHTML, like Gecko)','es','::1'),(57,'CHROME 66.0.3359.139','2018-05-22 18:51:20','/sga_unap/es/carga_academica/index/facultades','http://localhost/sga_unap/es/carga_academica/index/facultades','(Windows NT 10.0; Win64; x64) AppleWebKit/537.36 (KHTML, like Gecko)','es','::1'),(58,'CHROME 66.0.3359.139','2018-05-22 18:54:06','/sga_unap/es/carga_academica/index/facultades','http://localhost/sga_unap/es/carga_academica/index/facultades','(Windows NT 10.0; Win64; x64) AppleWebKit/537.36 (KHTML, like Gecko)','es','::1'),(59,'CHROME 66.0.3359.139','2018-05-22 19:20:30','/sga_unap/es/carga_academica/index/facultades','/sga_unap/es/carga_academica/index/facultades','(Windows NT 10.0; Win64; x64) AppleWebKit/537.36 (KHTML, like Gecko)','es','::1'),(60,'CHROME 66.0.3359.139','2018-05-22 19:20:35','/sga_unap/es/carga_academica/index/facultades','/sga_unap/es/carga_academica/index/facultades','(Windows NT 10.0; Win64; x64) AppleWebKit/537.36 (KHTML, like Gecko)','es','::1'),(61,'CHROME 66.0.3359.139','2018-05-22 19:21:56','/sga_unap/es/carga_academica/index/facultades','/sga_unap/es/carga_academica/index/facultades','(Windows NT 10.0; Win64; x64) AppleWebKit/537.36 (KHTML, like Gecko)','es','::1'),(62,'CHROME 66.0.3359.139','2018-05-22 19:23:10','/sga_unap/es/carga_academica/index/facultades','/sga_unap/es/carga_academica/index/facultades','(Windows NT 10.0; Win64; x64) AppleWebKit/537.36 (KHTML, like Gecko)','es','::1'),(63,'CHROME 66.0.3359.139','2018-05-22 19:23:26','/sga_unap/es/carga_academica/index/facultades','/sga_unap/es/carga_academica/index/facultades','(Windows NT 10.0; Win64; x64) AppleWebKit/537.36 (KHTML, like Gecko)','es','::1'),(64,'CHROME 66.0.3359.139','2018-05-22 19:25:59','/sga_unap/es/carga_academica/index/facultades','/sga_unap/es/carga_academica/index/facultades','(Windows NT 10.0; Win64; x64) AppleWebKit/537.36 (KHTML, like Gecko)','es','::1'),(65,'CHROME 66.0.3359.139','2018-05-22 19:27:15','/sga_unap/es/carga_academica/index/facultades','/sga_unap/es/carga_academica/index/facultades','(Windows NT 10.0; Win64; x64) AppleWebKit/537.36 (KHTML, like Gecko)','es','::1'),(66,'CHROME 66.0.3359.139','2018-05-22 19:29:09','/sga_unap/es/carga_academica/index/facultades','/sga_unap/es/carga_academica/index/facultades','(Windows NT 10.0; Win64; x64) AppleWebKit/537.36 (KHTML, like Gecko)','es','::1'),(67,'CHROME 66.0.3359.139','2018-05-22 19:31:30','/sga_unap/es/carga_academica/index/facultades','/sga_unap/es/carga_academica/index/facultades','(Windows NT 10.0; Win64; x64) AppleWebKit/537.36 (KHTML, like Gecko)','es','::1'),(68,'CHROME 66.0.3359.139','2018-05-22 19:31:33','/sga_unap/acl/index/_paginacion_listarFacultades/','http://localhost/sga_unap/es/carga_academica/index/facultades','(Windows NT 10.0; Win64; x64) AppleWebKit/537.36 (KHTML, like Gecko)','es','::1'),(69,'CHROME 66.0.3359.139','2018-05-22 19:31:33','/sga_unap/es/acl/index/_paginacion_listarFacultades/','http://localhost/sga_unap/es/carga_academica/index/facultades','(Windows NT 10.0; Win64; x64) AppleWebKit/537.36 (KHTML, like Gecko)','es','::1'),(70,'CHROME 66.0.3359.139','2018-05-22 19:32:19','/sga_unap/es/carga_academica/index/facultades','/sga_unap/es/carga_academica/index/facultades','(Windows NT 10.0; Win64; x64) AppleWebKit/537.36 (KHTML, like Gecko)','es','::1'),(71,'CHROME 66.0.3359.139','2018-05-22 19:32:25','/sga_unap/es/carga_academica/index/facultades','/sga_unap/es/carga_academica/index/facultades','(Windows NT 10.0; Win64; x64) AppleWebKit/537.36 (KHTML, like Gecko)','es','::1'),(72,'CHROME 66.0.3359.139','2018-05-22 19:32:26','/sga_unap/es/carga_academica/index/facultades','/sga_unap/es/carga_academica/index/facultades','(Windows NT 10.0; Win64; x64) AppleWebKit/537.36 (KHTML, like Gecko)','es','::1'),(73,'CHROME 66.0.3359.139','2018-05-22 19:35:40','/sga_unap/es/carga_academica/index/facultades','/sga_unap/es/carga_academica/index/facultades','(Windows NT 10.0; Win64; x64) AppleWebKit/537.36 (KHTML, like Gecko)','es','::1'),(74,'CHROME 66.0.3359.139','2018-05-22 19:35:53','/sga_unap/carga_academica/index/_buscarFacultad','http://localhost/sga_unap/es/carga_academica/index/facultades','(Windows NT 10.0; Win64; x64) AppleWebKit/537.36 (KHTML, like Gecko)','es','::1'),(75,'CHROME 66.0.3359.139','2018-05-22 19:35:53','/sga_unap/es/carga_academica/index/_buscarFacultad','http://localhost/sga_unap/es/carga_academica/index/facultades','(Windows NT 10.0; Win64; x64) AppleWebKit/537.36 (KHTML, like Gecko)','es','::1'),(76,'CHROME 66.0.3359.139','2018-05-22 19:36:16','/sga_unap/es/carga_academica/index/facultades','/sga_unap/es/carga_academica/index/facultades','(Windows NT 10.0; Win64; x64) AppleWebKit/537.36 (KHTML, like Gecko)','es','::1'),(77,'CHROME 66.0.3359.139','2018-05-22 19:37:41','/sga_unap/es/carga_academica/index/facultades','/sga_unap/es/carga_academica/index/facultades','(Windows NT 10.0; Win64; x64) AppleWebKit/537.36 (KHTML, like Gecko)','es','::1'),(78,'CHROME 66.0.3359.139','2018-05-22 19:58:53','/sga_unap/es/carga_academica/index/facultades','/sga_unap/es/carga_academica/index/facultades','(Windows NT 10.0; Win64; x64) AppleWebKit/537.36 (KHTML, like Gecko)','es','::1'),(79,'CHROME 66.0.3359.139','2018-05-22 19:59:03','/sga_unap/es/carga_academica/index/editarFacultad/5','http://localhost/sga_unap/es/carga_academica/index/facultades','(Windows NT 10.0; Win64; x64) AppleWebKit/537.36 (KHTML, like Gecko)','es','::1'),(80,'CHROME 66.0.3359.139','2018-05-22 19:59:53','/sga_unap/es/carga_academica/index/editarFacultad/5','/sga_unap/es/carga_academica/index/editarFacultad/5','(Windows NT 10.0; Win64; x64) AppleWebKit/537.36 (KHTML, like Gecko)','es','::1'),(81,'CHROME 66.0.3359.139','2018-05-22 20:00:06','/sga_unap/es/carga_academica/index/editarFacultad/5','http://localhost/sga_unap/es/carga_academica/index/editarFacultad/5','(Windows NT 10.0; Win64; x64) AppleWebKit/537.36 (KHTML, like Gecko)','es','::1'),(82,'CHROME 66.0.3359.139','2018-05-22 20:00:19','/sga_unap/es/carga_academica/index/editarFacultad/5','http://localhost/sga_unap/es/carga_academica/index/editarFacultad/5','(Windows NT 10.0; Win64; x64) AppleWebKit/537.36 (KHTML, like Gecko)','es','::1'),(83,'CHROME 66.0.3359.139','2018-05-22 20:00:23','/sga_unap/es/carga_academica/index/editarFacultad/5','http://localhost/sga_unap/es/carga_academica/index/editarFacultad/5','(Windows NT 10.0; Win64; x64) AppleWebKit/537.36 (KHTML, like Gecko)','es','::1'),(84,'CHROME 66.0.3359.139','2018-05-22 20:00:27','/sga_unap/es/carga_academica/index/editarFacultad/5','http://localhost/sga_unap/es/carga_academica/index/editarFacultad/5','(Windows NT 10.0; Win64; x64) AppleWebKit/537.36 (KHTML, like Gecko)','es','::1'),(85,'CHROME 66.0.3359.139','2018-05-22 20:00:32','/sga_unap/es/carga_academica/index/facultades','http://localhost/sga_unap/es/carga_academica/index/editarFacultad/5','(Windows NT 10.0; Win64; x64) AppleWebKit/537.36 (KHTML, like Gecko)','es','::1'),(86,'CHROME 66.0.3359.139','2018-05-22 20:09:04','/sga_unap/es/acl/index/editarRol/3','http://localhost/sga_unap/es/carga_academica/index/facultades','(Windows NT 10.0; Win64; x64) AppleWebKit/537.36 (KHTML, like Gecko)','es','::1'),(87,'CHROME 66.0.3359.139','2018-05-22 20:09:09','/sga_unap/es/carga_academica/index/facultades','http://localhost/sga_unap/es/carga_academica/index/editarFacultad/5','(Windows NT 10.0; Win64; x64) AppleWebKit/537.36 (KHTML, like Gecko)','es','::1'),(88,'CHROME 66.0.3359.139','2018-05-22 20:10:44','/sga_unap/es/carga_academica/index/facultades','/sga_unap/es/carga_academica/index/facultades','(Windows NT 10.0; Win64; x64) AppleWebKit/537.36 (KHTML, like Gecko)','es','::1'),(89,'CHROME 66.0.3359.139','2018-05-22 20:10:50','/sga_unap/es/carga_academica/index/editarFacultad/5','http://localhost/sga_unap/es/carga_academica/index/facultades','(Windows NT 10.0; Win64; x64) AppleWebKit/537.36 (KHTML, like Gecko)','es','::1'),(90,'CHROME 66.0.3359.139','2018-05-22 20:10:56','/sga_unap/es/carga_academica/index/editarFacultad/5','http://localhost/sga_unap/es/carga_academica/index/editarFacultad/5','(Windows NT 10.0; Win64; x64) AppleWebKit/537.36 (KHTML, like Gecko)','es','::1'),(91,'CHROME 66.0.3359.139','2018-05-22 20:11:03','/sga_unap/es/carga_academica/index/editarFacultad/5','http://localhost/sga_unap/es/carga_academica/index/editarFacultad/5','(Windows NT 10.0; Win64; x64) AppleWebKit/537.36 (KHTML, like Gecko)','es','::1'),(92,'CHROME 66.0.3359.139','2018-05-22 20:11:07','/sga_unap/es/carga_academica/index/facultades','http://localhost/sga_unap/es/carga_academica/index/editarFacultad/5','(Windows NT 10.0; Win64; x64) AppleWebKit/537.36 (KHTML, like Gecko)','es','::1'),(93,'CHROME 66.0.3359.139','2018-05-22 22:50:41','/sga_unap/es/carga_academica/index/curriculas','http://localhost/sga_unap/es/carga_academica/index/facultades','(Windows NT 10.0; Win64; x64) AppleWebKit/537.36 (KHTML, like Gecko)','es','::1'),(94,'CHROME 66.0.3359.139','2018-05-22 22:50:47','/sga_unap/es/carga_academica/index/facultades','http://localhost/sga_unap/es/carga_academica/index/curriculas','(Windows NT 10.0; Win64; x64) AppleWebKit/537.36 (KHTML, like Gecko)','es','::1'),(95,'CHROME 66.0.3359.139','2018-05-22 22:50:53','/sga_unap/es/carga_academica/index/escuelas','http://localhost/sga_unap/es/carga_academica/index/facultades','(Windows NT 10.0; Win64; x64) AppleWebKit/537.36 (KHTML, like Gecko)','es','::1'),(96,'CHROME 66.0.3359.139','2018-05-22 22:50:59','/sga_unap/es/carga_academica/index/escuelas','http://localhost/sga_unap/es/carga_academica/index/escuelas','(Windows NT 10.0; Win64; x64) AppleWebKit/537.36 (KHTML, like Gecko)','es','::1'),(97,'CHROME 66.0.3359.139','2018-05-22 22:54:02','/sga_unap/es/carga_academica/index/cursos','http://localhost/sga_unap/es/carga_academica/index/escuelas','(Windows NT 10.0; Win64; x64) AppleWebKit/537.36 (KHTML, like Gecko)','es','::1'),(98,'CHROME 66.0.3359.139','2018-05-22 22:56:03','/sga_unap/es/carga_academica/index/facultades','http://localhost/sga_unap/es/carga_academica/index/escuelas','(Windows NT 10.0; Win64; x64) AppleWebKit/537.36 (KHTML, like Gecko)','es','::1'),(99,'CHROME 66.0.3359.139','2018-05-22 22:56:05','/sga_unap/es/carga_academica/index/escuelas','http://localhost/sga_unap/es/carga_academica/index/facultades','(Windows NT 10.0; Win64; x64) AppleWebKit/537.36 (KHTML, like Gecko)','es','::1'),(100,'CHROME 66.0.3359.139','2018-05-22 22:56:15','/sga_unap/es/carga_academica/index/escuelas','http://localhost/sga_unap/es/carga_academica/index/escuelas','(Windows NT 10.0; Win64; x64) AppleWebKit/537.36 (KHTML, like Gecko)','es','::1'),(101,'CHROME 66.0.3359.139','2018-05-22 23:06:20','/sga_unap/es/carga_academica/index/facultades','http://localhost/sga_unap/es/carga_academica/index/escuelas','(Windows NT 10.0; Win64; x64) AppleWebKit/537.36 (KHTML, like Gecko)','es','::1'),(102,'CHROME 66.0.3359.139','2018-05-22 23:59:57','/sga_unap/es/carga_academica/index/escuelas','http://localhost/sga_unap/es/carga_academica/index/facultades','(Windows NT 10.0; Win64; x64) AppleWebKit/537.36 (KHTML, like Gecko)','es','::1'),(103,'CHROME 66.0.3359.139','2018-05-23 00:00:19','/sga_unap/error/access/5050/es*carga_academica*index*escuelas','http://localhost/sga_unap/es/carga_academica/index/facultades','(Windows NT 10.0; Win64; x64) AppleWebKit/537.36 (KHTML, like Gecko)','es','::1'),(104,'CHROME 66.0.3359.139','2018-05-23 00:00:19','/sga_unap/es/error/access/5050/es*carga_academica*index*escuelas','http://localhost/sga_unap/es/carga_academica/index/facultades','(Windows NT 10.0; Win64; x64) AppleWebKit/537.36 (KHTML, like Gecko)','es','::1'),(105,'CHROME 66.0.3359.139','2018-05-23 00:00:25','/sga_unap/es/acl','http://localhost/sga_unap/es/error/access/5050/es*carga_academica*index*escuelas','(Windows NT 10.0; Win64; x64) AppleWebKit/537.36 (KHTML, like Gecko)','es','::1'),(106,'CHROME 66.0.3359.139','2018-05-23 00:00:40','/sga_unap/es/carga_academica/index/facultades','http://localhost/sga_unap/es/acl','(Windows NT 10.0; Win64; x64) AppleWebKit/537.36 (KHTML, like Gecko)','es','::1'),(107,'CHROME 66.0.3359.139','2018-05-23 00:00:46','/sga_unap/es/carga_academica/index/facultades','http://localhost/sga_unap/es/acl','(Windows NT 10.0; Win64; x64) AppleWebKit/537.36 (KHTML, like Gecko)','es','::1'),(108,'CHROME 66.0.3359.139','2018-05-23 00:01:41','/sga_unap/es/carga_academica/index/escuelas','http://localhost/sga_unap/es/carga_academica/index/facultades','(Windows NT 10.0; Win64; x64) AppleWebKit/537.36 (KHTML, like Gecko)','es','::1'),(109,'CHROME 66.0.3359.139','2018-05-23 00:02:50','/sga_unap/es/carga_academica/index/escuelas','http://localhost/sga_unap/es/carga_academica/index/facultades','(Windows NT 10.0; Win64; x64) AppleWebKit/537.36 (KHTML, like Gecko)','es','::1'),(110,'CHROME 66.0.3359.139','2018-05-23 00:12:03','/sga_unap/es/carga_academica/index/escuelas','http://localhost/sga_unap/es/carga_academica/index/facultades','(Windows NT 10.0; Win64; x64) AppleWebKit/537.36 (KHTML, like Gecko)','es','::1'),(111,'CHROME 66.0.3359.139','2018-05-23 00:18:41','/sga_unap/es/carga_academica/index/escuelas','http://localhost/sga_unap/es/carga_academica/index/facultades','(Windows NT 10.0; Win64; x64) AppleWebKit/537.36 (KHTML, like Gecko)','es','::1'),(112,'CHROME 66.0.3359.139','2018-05-23 00:36:03','/sga_unap/es/carga_academica/index/escuelas','http://localhost/sga_unap/es/carga_academica/index/facultades','(Windows NT 10.0; Win64; x64) AppleWebKit/537.36 (KHTML, like Gecko)','es','::1'),(113,'CHROME 66.0.3359.139','2018-05-23 00:37:42','/sga_unap/es/carga_academica/index/escuelas','http://localhost/sga_unap/es/carga_academica/index/facultades','(Windows NT 10.0; Win64; x64) AppleWebKit/537.36 (KHTML, like Gecko)','es','::1'),(114,'CHROME 66.0.3359.139','2018-05-23 00:38:21','/sga_unap/es/carga_academica/index/escuelas','http://localhost/sga_unap/es/carga_academica/index/facultades','(Windows NT 10.0; Win64; x64) AppleWebKit/537.36 (KHTML, like Gecko)','es','::1'),(115,'CHROME 66.0.3359.139','2018-05-23 01:38:57','/sga_unap/es/carga_academica/index/escuelas','http://localhost/sga_unap/es/carga_academica/index/escuelas','(Windows NT 10.0; Win64; x64) AppleWebKit/537.36 (KHTML, like Gecko)','es','::1'),(116,'CHROME 66.0.3359.139','2018-05-23 01:45:57','/sga_unap/es/carga_academica/index/escuelas','http://localhost/sga_unap/es/carga_academica/index/escuelas','(Windows NT 10.0; Win64; x64) AppleWebKit/537.36 (KHTML, like Gecko)','es','::1'),(117,'CHROME 66.0.3359.139','2018-05-23 01:47:47','/sga_unap/es/carga_academica/index/escuelas','/sga_unap/es/carga_academica/index/escuelas','(Windows NT 10.0; Win64; x64) AppleWebKit/537.36 (KHTML, like Gecko)','es','::1'),(118,'CHROME 66.0.3359.139','2018-05-23 01:52:41','/sga_unap/es/carga_academica/index/escuelas','/sga_unap/es/carga_academica/index/escuelas','(Windows NT 10.0; Win64; x64) AppleWebKit/537.36 (KHTML, like Gecko)','es','::1'),(119,'CHROME 66.0.3359.139','2018-05-23 01:54:42','/sga_unap/es/carga_academica/index/escuelas','/sga_unap/es/carga_academica/index/escuelas','(Windows NT 10.0; Win64; x64) AppleWebKit/537.36 (KHTML, like Gecko)','es','::1'),(120,'CHROME 66.0.3359.139','2018-05-23 01:59:28','/sga_unap/es/carga_academica/index/escuelas','/sga_unap/es/carga_academica/index/escuelas','(Windows NT 10.0; Win64; x64) AppleWebKit/537.36 (KHTML, like Gecko)','es','::1'),(121,'CHROME 66.0.3359.139','2018-05-23 02:06:35','/sga_unap/es/carga_academica/index/escuelas','/sga_unap/es/carga_academica/index/escuelas','(Windows NT 10.0; Win64; x64) AppleWebKit/537.36 (KHTML, like Gecko)','es','::1'),(122,'CHROME 66.0.3359.139','2018-05-23 02:07:30','/sga_unap/es/carga_academica/index/escuelas','/sga_unap/es/carga_academica/index/escuelas','(Windows NT 10.0; Win64; x64) AppleWebKit/537.36 (KHTML, like Gecko)','es','::1'),(123,'CHROME 66.0.3359.139','2018-05-23 02:09:41','/sga_unap/es/usuarios/perfil/index/1','http://localhost/sga_unap/es/carga_academica/index/escuelas','(Windows NT 10.0; Win64; x64) AppleWebKit/537.36 (KHTML, like Gecko)','es','::1'),(124,'CHROME 66.0.3359.139','2018-05-23 02:09:52','/sga_unap/es/carga_academica/index/escuelas','/sga_unap/es/carga_academica/index/escuelas','(Windows NT 10.0; Win64; x64) AppleWebKit/537.36 (KHTML, like Gecko)','es','::1'),(125,'CHROME 66.0.3359.139','2018-05-23 02:11:37','/sga_unap/es/carga_academica/index/escuelas','/sga_unap/es/carga_academica/index/escuelas','(Windows NT 10.0; Win64; x64) AppleWebKit/537.36 (KHTML, like Gecko)','es','::1'),(126,'CHROME 66.0.3359.139','2018-05-23 02:14:16','/sga_unap/es/carga_academica/index/escuelas','/sga_unap/es/carga_academica/index/escuelas','(Windows NT 10.0; Win64; x64) AppleWebKit/537.36 (KHTML, like Gecko)','es','::1'),(127,'CHROME 66.0.3359.139','2018-05-23 02:15:30','/sga_unap/es/carga_academica/index/escuelas','/sga_unap/es/carga_academica/index/escuelas','(Windows NT 10.0; Win64; x64) AppleWebKit/537.36 (KHTML, like Gecko)','es','::1'),(128,'CHROME 66.0.3359.139','2018-05-23 02:16:08','/sga_unap/es/carga_academica/index/escuelas','/sga_unap/es/carga_academica/index/escuelas','(Windows NT 10.0; Win64; x64) AppleWebKit/537.36 (KHTML, like Gecko)','es','::1'),(129,'CHROME 66.0.3359.139','2018-05-23 07:58:25','/sga_unap/es/carga_academica/index/escuelas','http://localhost/sga_unap/es/carga_academica/index/escuelas','(Windows NT 10.0; Win64; x64) AppleWebKit/537.36 (KHTML, like Gecko)','es','::1'),(130,'CHROME 66.0.3359.139','2018-05-23 07:59:24','/sga_unap/es/carga_academica/index/_cambiarEstadoEscuela/13/1','http://localhost/sga_unap/es/carga_academica/index/escuelas','(Windows NT 10.0; Win64; x64) AppleWebKit/537.36 (KHTML, like Gecko)','es','::1'),(131,'CHROME 66.0.3359.139','2018-05-23 07:59:30','/sga_unap/es/carga_academica/index/_cambiarEstadoEscuela/13/0','http://localhost/sga_unap/es/carga_academica/index/_cambiarEstadoEscuela/13/1','(Windows NT 10.0; Win64; x64) AppleWebKit/537.36 (KHTML, like Gecko)','es','::1'),(132,'CHROME 66.0.3359.139','2018-05-23 08:01:45','/sga_unap/es/carga_academica/index/_cambiarEstadoEscuela/13/1','http://localhost/sga_unap/es/carga_academica/index/_cambiarEstadoEscuela/13/0','(Windows NT 10.0; Win64; x64) AppleWebKit/537.36 (KHTML, like Gecko)','es','::1'),(133,'CHROME 66.0.3359.139','2018-05-23 08:23:11','/sga_unap/es/carga_academica/index/_cambiarEstadoEscuela/13/1','http://localhost/sga_unap/es/carga_academica/index/_cambiarEstadoEscuela/13/0','(Windows NT 10.0; Win64; x64) AppleWebKit/537.36 (KHTML, like Gecko)','es','::1'),(134,'CHROME 66.0.3359.139','2018-05-23 08:31:57','/sga_unap/es/carga_academica/index/editarEscuela/13','http://localhost/sga_unap/es/carga_academica/index/_cambiarEstadoEscuela/13/1','(Windows NT 10.0; Win64; x64) AppleWebKit/537.36 (KHTML, like Gecko)','es','::1'),(135,'CHROME 66.0.3359.139','2018-05-23 08:31:57','/sga_unap/error/access/5050/es*carga_academica*index*editarEscuela*13','http://localhost/sga_unap/es/carga_academica/index/_cambiarEstadoEscuela/13/1','(Windows NT 10.0; Win64; x64) AppleWebKit/537.36 (KHTML, like Gecko)','es','::1'),(136,'CHROME 66.0.3359.139','2018-05-23 08:31:58','/sga_unap/es/error/access/5050/es*carga_academica*index*editarEscuela*13','http://localhost/sga_unap/es/carga_academica/index/_cambiarEstadoEscuela/13/1','(Windows NT 10.0; Win64; x64) AppleWebKit/537.36 (KHTML, like Gecko)','es','::1'),(137,'CHROME 66.0.3359.139','2018-05-23 08:32:01','/sga_unap/es/acl','http://localhost/sga_unap/es/error/access/5050/es*carga_academica*index*editarEscuela*13','(Windows NT 10.0; Win64; x64) AppleWebKit/537.36 (KHTML, like Gecko)','es','::1'),(138,'CHROME 66.0.3359.139','2018-05-23 08:32:20','/sga_unap/es/carga_academica/index/escuelas','http://localhost/sga_unap/es/acl','(Windows NT 10.0; Win64; x64) AppleWebKit/537.36 (KHTML, like Gecko)','es','::1'),(139,'CHROME 66.0.3359.139','2018-05-23 08:32:45','/sga_unap/es/carga_academica/index/_cambiarEstadoEscuela/14/','http://localhost/sga_unap/es/carga_academica/index/escuelas','(Windows NT 10.0; Win64; x64) AppleWebKit/537.36 (KHTML, like Gecko)','es','::1'),(140,'CHROME 66.0.3359.139','2018-05-23 08:32:49','/sga_unap/es/carga_academica/index/_cambiarEstadoEscuela/15/','http://localhost/sga_unap/es/carga_academica/index/_cambiarEstadoEscuela/14/','(Windows NT 10.0; Win64; x64) AppleWebKit/537.36 (KHTML, like Gecko)','es','::1'),(141,'CHROME 66.0.3359.139','2018-05-23 08:33:01','/sga_unap/es/carga_academica/index/editarEscuela/15','http://localhost/sga_unap/es/carga_academica/index/_cambiarEstadoEscuela/15/','(Windows NT 10.0; Win64; x64) AppleWebKit/537.36 (KHTML, like Gecko)','es','::1'),(142,'CHROME 66.0.3359.139','2018-05-23 08:36:47','/sga_unap/es/carga_academica/index/editarEscuela/15','http://localhost/sga_unap/es/carga_academica/index/_cambiarEstadoEscuela/15/','(Windows NT 10.0; Win64; x64) AppleWebKit/537.36 (KHTML, like Gecko)','es','::1'),(143,'CHROME 66.0.3359.139','2018-05-23 08:37:57','/sga_unap/es/carga_academica/index/editarEscuela/15','http://localhost/sga_unap/es/carga_academica/index/_cambiarEstadoEscuela/15/','(Windows NT 10.0; Win64; x64) AppleWebKit/537.36 (KHTML, like Gecko)','es','::1'),(144,'CHROME 66.0.3359.139','2018-05-23 08:38:57','/sga_unap/es/carga_academica/index/editarEscuela/15','http://localhost/sga_unap/es/carga_academica/index/editarEscuela/15','(Windows NT 10.0; Win64; x64) AppleWebKit/537.36 (KHTML, like Gecko)','es','::1'),(145,'CHROME 66.0.3359.139','2018-05-23 08:40:04','/sga_unap/es/carga_academica/index/editarEscuela/15','/sga_unap/es/carga_academica/index/editarEscuela/15','(Windows NT 10.0; Win64; x64) AppleWebKit/537.36 (KHTML, like Gecko)','es','::1'),(146,'CHROME 66.0.3359.139','2018-05-23 08:45:18','/sga_unap/es/carga_academica/index/editarEscuela/15','http://localhost/sga_unap/es/carga_academica/index/editarEscuela/15','(Windows NT 10.0; Win64; x64) AppleWebKit/537.36 (KHTML, like Gecko)','es','::1'),(147,'CHROME 66.0.3359.181','2018-05-23 08:58:22','/sga_unap/','/sga_unap/','(Windows NT 6.1; Win64; x64) AppleWebKit/537.36 (KHTML, like Gecko)','es','172.18.0.45'),(148,'CHROME 66.0.3359.181','2018-05-23 08:59:05','/sga_unap/','/sga_unap/','(Windows NT 6.1; Win64; x64) AppleWebKit/537.36 (KHTML, like Gecko)','es','172.18.0.45'),(149,'CHROME 66.0.3359.181','2018-05-23 08:59:09','/sga_unap/es/acl','http://172.18.0.30/sga_unap/','(Windows NT 6.1; Win64; x64) AppleWebKit/537.36 (KHTML, like Gecko)','es','172.18.0.45'),(150,'CHROME 66.0.3359.181','2018-05-23 08:59:13','/sga_unap/es/carga_academica/index/cursos','http://172.18.0.30/sga_unap/es/acl','(Windows NT 6.1; Win64; x64) AppleWebKit/537.36 (KHTML, like Gecko)','es','172.18.0.45'),(151,'CHROME 66.0.3359.181','2018-05-23 08:59:19','/sga_unap/es/carga_academica/index/facultades','http://172.18.0.30/sga_unap/es/carga_academica/index/cursos','(Windows NT 6.1; Win64; x64) AppleWebKit/537.36 (KHTML, like Gecko)','es','172.18.0.45'),(152,'CHROME 66.0.3359.181','2018-05-23 08:59:59','/sga_unap/es/carga_academica/index/escuelas','http://172.18.0.30/sga_unap/es/carga_academica/index/facultades','(Windows NT 6.1; Win64; x64) AppleWebKit/537.36 (KHTML, like Gecko)','es','172.18.0.45'),(153,'CHROME 66.0.3359.139','2018-05-23 09:51:03','/sga_unap/es/carga_academica/index/editarEscuela/15','http://localhost/sga_unap/es/carga_academica/index/editarEscuela/15','(Windows NT 10.0; Win64; x64) AppleWebKit/537.36 (KHTML, like Gecko)','es','::1'),(154,'CHROME 66.0.3359.139','2018-05-23 09:51:08','/sga_unap/es/carga_academica/index/editarEscuela/15','http://localhost/sga_unap/es/carga_academica/index/editarEscuela/15','(Windows NT 10.0; Win64; x64) AppleWebKit/537.36 (KHTML, like Gecko)','es','::1'),(155,'CHROME 66.0.3359.139','2018-05-23 09:56:09','/sga_unap/es/carga_academica/index/editarEscuela/15','http://localhost/sga_unap/es/carga_academica/index/editarEscuela/15','(Windows NT 10.0; Win64; x64) AppleWebKit/537.36 (KHTML, like Gecko)','es','::1'),(156,'CHROME 66.0.3359.139','2018-05-23 09:59:31','/sga_unap/es/carga_academica/index/escuelas','http://localhost/sga_unap/es/carga_academica/index/editarEscuela/15','(Windows NT 10.0; Win64; x64) AppleWebKit/537.36 (KHTML, like Gecko)','es','::1'),(157,'CHROME 66.0.3359.139','2018-05-23 10:00:14','/sga_unap/es/carga_academica/index/_cambiarEstadoEscuela/21/1','http://localhost/sga_unap/es/carga_academica/index/escuelas','(Windows NT 10.0; Win64; x64) AppleWebKit/537.36 (KHTML, like Gecko)','es','::1'),(158,'CHROME 66.0.3359.139','2018-05-23 10:00:33','/sga_unap/es/carga_academica/index/_cambiarEstadoEscuela/21/0','http://localhost/sga_unap/es/carga_academica/index/_cambiarEstadoEscuela/21/1','(Windows NT 10.0; Win64; x64) AppleWebKit/537.36 (KHTML, like Gecko)','es','::1'),(159,'CHROME 66.0.3359.139','2018-05-23 10:15:37','/sga_unap/es/carga_academica/index/facultades','http://localhost/sga_unap/es/carga_academica/index/_cambiarEstadoEscuela/21/0','(Windows NT 10.0; Win64; x64) AppleWebKit/537.36 (KHTML, like Gecko)','es','::1'),(160,'CHROME 66.0.3359.139','2018-05-23 12:14:02','/sga_unap/es/carga_academica/index/curriculas','http://localhost/sga_unap/es/carga_academica/index/facultades','(Windows NT 10.0; Win64; x64) AppleWebKit/537.36 (KHTML, like Gecko)','es','::1'),(161,'CHROME 66.0.3359.139','2018-05-23 15:40:16','/sga_unap/es/carga_academica/index/facultades','http://localhost/sga_unap/es/carga_academica/index/curriculas','(Windows NT 10.0; Win64; x64) AppleWebKit/537.36 (KHTML, like Gecko)','es','::1'),(162,'CHROME 66.0.3359.139','2018-05-23 15:42:41','/sga_unap/es/carga_academica/index/facultades','http://localhost/sga_unap/es/carga_academica/index/curriculas','(Windows NT 10.0; Win64; x64) AppleWebKit/537.36 (KHTML, like Gecko)','es','::1'),(163,'CHROME 66.0.3359.139','2018-05-23 15:42:54','/sga_unap/es/carga_academica/index/facultades','http://localhost/sga_unap/es/carga_academica/index/curriculas','(Windows NT 10.0; Win64; x64) AppleWebKit/537.36 (KHTML, like Gecko)','es','::1'),(164,'CHROME 66.0.3359.139','2018-05-23 15:45:22','/sga_unap/es/carga_academica/index/facultades','http://localhost/sga_unap/es/carga_academica/index/curriculas','(Windows NT 10.0; Win64; x64) AppleWebKit/537.36 (KHTML, like Gecko)','es','::1'),(165,'CHROME 66.0.3359.139','2018-05-23 15:45:27','/sga_unap/es/carga_academica/index/facultades','http://localhost/sga_unap/es/carga_academica/index/curriculas','(Windows NT 10.0; Win64; x64) AppleWebKit/537.36 (KHTML, like Gecko)','es','::1'),(166,'CHROME 66.0.3359.139','2018-05-23 16:10:25','/sga_unap/es/carga_academica/index/curriculas','http://localhost/sga_unap/es/carga_academica/index/facultades','(Windows NT 10.0; Win64; x64) AppleWebKit/537.36 (KHTML, like Gecko)','es','::1'),(167,'CHROME 66.0.3359.139','2018-05-23 16:11:15','/sga_unap/es/carga_academica/index/curriculas','http://localhost/sga_unap/es/carga_academica/index/facultades','(Windows NT 10.0; Win64; x64) AppleWebKit/537.36 (KHTML, like Gecko)','es','::1'),(168,'CHROME 66.0.3359.139','2018-05-23 17:06:44','/sga_unap/es/carga_academica/index/curriculas','http://localhost/sga_unap/es/carga_academica/index/facultades','(Windows NT 10.0; Win64; x64) AppleWebKit/537.36 (KHTML, like Gecko)','es','::1'),(169,'CHROME 66.0.3359.139','2018-05-23 17:07:26','/sga_unap/es/carga_academica/index/curriculas','http://localhost/sga_unap/es/carga_academica/index/facultades','(Windows NT 10.0; Win64; x64) AppleWebKit/537.36 (KHTML, like Gecko)','es','::1'),(170,'CHROME 66.0.3359.139','2018-05-23 17:11:17','/sga_unap/es/carga_academica/index/curriculas','http://localhost/sga_unap/es/carga_academica/index/facultades','(Windows NT 10.0; Win64; x64) AppleWebKit/537.36 (KHTML, like Gecko)','es','::1'),(171,'CHROME 66.0.3359.181','2018-05-23 17:47:01','/sga_unap/es/carga_academica/index/escuelas','http://172.18.0.30/sga_unap/es/carga_academica/index/facultades','(Windows NT 6.1; Win64; x64) AppleWebKit/537.36 (KHTML, like Gecko)','es','172.18.0.45'),(172,'CHROME 66.0.3359.181','2018-05-23 17:50:45','/sga_unap/es/carga_academica/index/cursos','http://172.18.0.30/sga_unap/es/carga_academica/index/escuelas','(Windows NT 6.1; Win64; x64) AppleWebKit/537.36 (KHTML, like Gecko)','es','172.18.0.45'),(173,'CHROME 66.0.3359.181','2018-05-23 17:50:47','/sga_unap/es/carga_academica/index/facultades','http://172.18.0.30/sga_unap/es/carga_academica/index/cursos','(Windows NT 6.1; Win64; x64) AppleWebKit/537.36 (KHTML, like Gecko)','es','172.18.0.45'),(174,'CHROME 66.0.3359.181','2018-05-23 17:50:50','/sga_unap/es/carga_academica/index/escuelas','http://172.18.0.30/sga_unap/es/carga_academica/index/facultades','(Windows NT 6.1; Win64; x64) AppleWebKit/537.36 (KHTML, like Gecko)','es','172.18.0.45'),(175,'CHROME 66.0.3359.139','2018-05-23 18:00:44','/sga_unap/es/','http://localhost/sga_unap/es/carga_academica/index/curriculas','(Windows NT 10.0; Win64; x64) AppleWebKit/537.36 (KHTML, like Gecko)','es','::1'),(176,'CHROME 66.0.3359.139','2018-05-23 18:02:15','/sga_unap/es/','http://localhost/sga_unap/es/carga_academica/index/curriculas','(Windows NT 10.0; Win64; x64) AppleWebKit/537.36 (KHTML, like Gecko)','es','::1'),(177,'CHROME 66.0.3359.139','2018-05-23 18:22:44','/sga_unap/es/acl','http://localhost/sga_unap/es/','(Windows NT 10.0; Win64; x64) AppleWebKit/537.36 (KHTML, like Gecko)','es','::1'),(178,'CHROME 66.0.3359.139','2018-05-23 18:22:48','/sga_unap/es/carga_academica/index/curriculas','http://localhost/sga_unap/es/acl','(Windows NT 10.0; Win64; x64) AppleWebKit/537.36 (KHTML, like Gecko)','es','::1'),(179,'CHROME 66.0.3359.139','2018-05-23 18:33:52','/sga_unap/es/carga_academica/index/facultades','http://localhost/sga_unap/es/carga_academica/index/curriculas','(Windows NT 10.0; Win64; x64) AppleWebKit/537.36 (KHTML, like Gecko)','es','::1'),(180,'CHROME 66.0.3359.139','2018-05-23 18:39:20','/sga_unap/es/carga_academica/index/editarFacultad/14','http://localhost/sga_unap/es/carga_academica/index/facultades','(Windows NT 10.0; Win64; x64) AppleWebKit/537.36 (KHTML, like Gecko)','es','::1'),(181,'CHROME 66.0.3359.139','2018-05-23 18:39:25','/sga_unap/es/carga_academica/index/facultades','http://localhost/sga_unap/es/carga_academica/index/editarFacultad/14','(Windows NT 10.0; Win64; x64) AppleWebKit/537.36 (KHTML, like Gecko)','es','::1'),(182,'CHROME 66.0.3359.139','2018-05-23 18:40:09','/sga_unap/es/carga_academica/index/facultades','http://localhost/sga_unap/es/carga_academica/index/editarFacultad/14','(Windows NT 10.0; Win64; x64) AppleWebKit/537.36 (KHTML, like Gecko)','es','::1'),(183,'CHROME 66.0.3359.139','2018-05-23 18:40:32','/sga_unap/es/carga_academica/index/curriculas','http://localhost/sga_unap/es/carga_academica/index/facultades','(Windows NT 10.0; Win64; x64) AppleWebKit/537.36 (KHTML, like Gecko)','es','::1'),(184,'CHROME 66.0.3359.139','2018-05-23 18:41:57','/sga_unap/es/carga_academica/index/curriculas','http://localhost/sga_unap/es/carga_academica/index/curriculas','(Windows NT 10.0; Win64; x64) AppleWebKit/537.36 (KHTML, like Gecko)','es','::1'),(185,'CHROME 66.0.3359.139','2018-05-23 18:43:47','/sga_unap/es/carga_academica/index/facultades','http://localhost/sga_unap/es/carga_academica/index/curriculas','(Windows NT 10.0; Win64; x64) AppleWebKit/537.36 (KHTML, like Gecko)','es','::1'),(186,'CHROME 66.0.3359.139','2018-05-23 18:43:51','/sga_unap/es/carga_academica/index/editarFacultad/1','http://localhost/sga_unap/es/carga_academica/index/facultades','(Windows NT 10.0; Win64; x64) AppleWebKit/537.36 (KHTML, like Gecko)','es','::1'),(187,'CHROME 66.0.3359.139','2018-05-23 18:51:34','/sga_unap/es/carga_academica/index/curriculas','http://localhost/sga_unap/es/carga_academica/index/editarFacultad/1','(Windows NT 10.0; Win64; x64) AppleWebKit/537.36 (KHTML, like Gecko)','es','::1'),(188,'CHROME 66.0.3359.181','2018-05-23 18:56:58','/sga_unap/es/','http://172.18.0.30/sga_unap/es/carga_academica/index/escuelas','(Windows NT 6.1; Win64; x64) AppleWebKit/537.36 (KHTML, like Gecko)','es','172.18.0.45'),(189,'CHROME 66.0.3359.139','2018-05-24 19:01:40','/sga_unap/es/carga_academica/index/curriculas','http://localhost/sga_unap/es/carga_academica/index/facultades','(Windows NT 10.0; Win64; x64) AppleWebKit/537.36 (KHTML, like Gecko)','es','::1'),(190,'CHROME 66.0.3359.139','2018-05-24 19:02:41','/sga_unap/es/carga_academica/index/curriculas','http://localhost/sga_unap/es/carga_academica/index/curriculas','(Windows NT 10.0; Win64; x64) AppleWebKit/537.36 (KHTML, like Gecko)','es','::1'),(191,'CHROME 66.0.3359.139','2018-05-24 19:04:01','/sga_unap/es/carga_academica/index/curriculas','http://localhost/sga_unap/es/carga_academica/index/curriculas','(Windows NT 10.0; Win64; x64) AppleWebKit/537.36 (KHTML, like Gecko)','es','::1'),(192,'CHROME 66.0.3359.139','2018-05-24 19:06:00','/sga_unap/es/carga_academica/index/curriculas','http://localhost/sga_unap/es/carga_academica/index/curriculas','(Windows NT 10.0; Win64; x64) AppleWebKit/537.36 (KHTML, like Gecko)','es','::1'),(193,'CHROME 66.0.3359.139','2018-05-24 19:06:19','/sga_unap/es/bitacora','http://localhost/sga_unap/es/carga_academica/index/curriculas','(Windows NT 10.0; Win64; x64) AppleWebKit/537.36 (KHTML, like Gecko)','es','::1'),(194,'CHROME 66.0.3359.139','2018-05-24 19:14:19','/sga_unap/es/carga_academica/index/curriculas','http://localhost/sga_unap/es/carga_academica/index/curriculas','(Windows NT 10.0; Win64; x64) AppleWebKit/537.36 (KHTML, like Gecko)','es','::1'),(195,'CHROME 66.0.3359.139','2018-05-24 21:26:28','/sga_unap/es/carga_academica/index/curriculas','http://localhost/sga_unap/es/carga_academica/index/curriculas','(Windows NT 10.0; Win64; x64) AppleWebKit/537.36 (KHTML, like Gecko)','es','::1'),(196,'CHROME 66.0.3359.139','2018-05-24 21:31:13','/sga_unap/es/carga_academica/index/curriculas','http://localhost/sga_unap/es/carga_academica/index/curriculas','(Windows NT 10.0; Win64; x64) AppleWebKit/537.36 (KHTML, like Gecko)','es','::1'),(197,'CHROME 66.0.3359.139','2018-05-25 00:15:02','/sga_unap/es/carga_academica/index/curriculas','/sga_unap/es/carga_academica/index/curriculas','(Windows NT 10.0; Win64; x64) AppleWebKit/537.36 (KHTML, like Gecko)','es','::1'),(198,'CHROME 66.0.3359.139','2018-05-25 00:15:06','/sga_unap/es/carga_academica/index/curriculas','/sga_unap/es/carga_academica/index/curriculas','(Windows NT 10.0; Win64; x64) AppleWebKit/537.36 (KHTML, like Gecko)','es','::1'),(199,'CHROME 66.0.3359.139','2018-05-25 00:15:10','/sga_unap/es/carga_academica/index/curriculas','/sga_unap/es/carga_academica/index/curriculas','(Windows NT 10.0; Win64; x64) AppleWebKit/537.36 (KHTML, like Gecko)','es','::1'),(200,'CHROME 66.0.3359.139','2018-05-25 00:37:41','/sga_unap/es/carga_academica/index/curriculas','/sga_unap/es/carga_academica/index/curriculas','(Windows NT 10.0; Win64; x64) AppleWebKit/537.36 (KHTML, like Gecko)','es','::1'),(201,'CHROME 66.0.3359.139','2018-05-25 00:57:24','/sga_unap/es/carga_academica/index/curriculas','/sga_unap/es/carga_academica/index/curriculas','(Windows NT 10.0; Win64; x64) AppleWebKit/537.36 (KHTML, like Gecko)','es','::1'),(202,'CHROME 66.0.3359.139','2018-05-25 01:28:34','/sga_unap/es/carga_academica/index/curriculas','/sga_unap/es/carga_academica/index/curriculas','(Windows NT 10.0; Win64; x64) AppleWebKit/537.36 (KHTML, like Gecko)','es','::1'),(203,'CHROME 66.0.3359.139','2018-05-25 01:32:20','/sga_unap/es/carga_academica/index/curriculas','/sga_unap/es/carga_academica/index/curriculas','(Windows NT 10.0; Win64; x64) AppleWebKit/537.36 (KHTML, like Gecko)','es','::1'),(204,'CHROME 66.0.3359.139','2018-05-25 01:33:31','/sga_unap/carga_academica/index/_buscarlistarCurriculas','http://localhost/sga_unap/es/carga_academica/index/curriculas','(Windows NT 10.0; Win64; x64) AppleWebKit/537.36 (KHTML, like Gecko)','es','::1'),(205,'CHROME 66.0.3359.139','2018-05-25 01:33:31','/sga_unap/es/carga_academica/index/_buscarlistarCurriculas','http://localhost/sga_unap/es/carga_academica/index/curriculas','(Windows NT 10.0; Win64; x64) AppleWebKit/537.36 (KHTML, like Gecko)','es','::1'),(206,'CHROME 66.0.3359.139','2018-05-25 01:34:18','/sga_unap/carga_academica/index/_cambiarEstadolistarCurriculas','http://localhost/sga_unap/es/carga_academica/index/curriculas','(Windows NT 10.0; Win64; x64) AppleWebKit/537.36 (KHTML, like Gecko)','es','::1'),(207,'CHROME 66.0.3359.139','2018-05-25 01:34:18','/sga_unap/es/carga_academica/index/_cambiarEstadolistarCurriculas','http://localhost/sga_unap/es/carga_academica/index/curriculas','(Windows NT 10.0; Win64; x64) AppleWebKit/537.36 (KHTML, like Gecko)','es','::1'),(208,'CHROME 66.0.3359.139','2018-05-25 01:41:08','/sga_unap/carga_academica/index/_cambiarEstadolistarCurriculas','http://localhost/sga_unap/es/carga_academica/index/curriculas','(Windows NT 10.0; Win64; x64) AppleWebKit/537.36 (KHTML, like Gecko)','es','::1'),(209,'CHROME 66.0.3359.139','2018-05-25 01:41:09','/sga_unap/es/carga_academica/index/curriculas','/sga_unap/es/carga_academica/index/curriculas','(Windows NT 10.0; Win64; x64) AppleWebKit/537.36 (KHTML, like Gecko)','es','::1'),(210,'CHROME 66.0.3359.139','2018-05-25 01:41:10','/sga_unap/es/carga_academica/index/_cambiarEstadolistarCurriculas','http://localhost/sga_unap/es/carga_academica/index/curriculas','(Windows NT 10.0; Win64; x64) AppleWebKit/537.36 (KHTML, like Gecko)','es','::1'),(211,'CHROME 66.0.3359.139','2018-05-25 01:43:02','/sga_unap/es/carga_academica/index/curriculas','/sga_unap/es/carga_academica/index/curriculas','(Windows NT 10.0; Win64; x64) AppleWebKit/537.36 (KHTML, like Gecko)','es','::1'),(212,'CHROME 66.0.3359.139','2018-05-25 01:47:59','/sga_unap/es/carga_academica/index/facultades','http://localhost/sga_unap/es/carga_academica/index/curriculas','(Windows NT 10.0; Win64; x64) AppleWebKit/537.36 (KHTML, like Gecko)','es','::1'),(213,'CHROME 66.0.3359.139','2018-05-25 01:49:03','/sga_unap/es/carga_academica/index/facultades','http://localhost/sga_unap/es/carga_academica/index/curriculas','(Windows NT 10.0; Win64; x64) AppleWebKit/537.36 (KHTML, like Gecko)','es','::1'),(214,'CHROME 66.0.3359.139','2018-05-25 01:49:23','/sga_unap/es/carga_academica/index/curriculas','http://localhost/sga_unap/es/carga_academica/index/facultades','(Windows NT 10.0; Win64; x64) AppleWebKit/537.36 (KHTML, like Gecko)','es','::1'),(215,'CHROME 66.0.3359.139','2018-05-25 08:21:16','/sga_unap/es/carga_academica/index/curriculas','http://localhost/sga_unap/es/carga_academica/index/facultades','(Windows NT 10.0; Win64; x64) AppleWebKit/537.36 (KHTML, like Gecko)','es','::1'),(216,'CHROME 66.0.3359.139','2018-05-25 08:42:33','/sga_unap/es/carga_academica/index/curriculas','http://localhost/sga_unap/es/carga_academica/index/facultades','(Windows NT 10.0; Win64; x64) AppleWebKit/537.36 (KHTML, like Gecko)','es','::1'),(217,'CHROME 66.0.3359.139','2018-05-25 08:44:18','/sga_unap/es/carga_academica/index/curriculas','http://localhost/sga_unap/es/carga_academica/index/facultades','(Windows NT 10.0; Win64; x64) AppleWebKit/537.36 (KHTML, like Gecko)','es','::1'),(218,'CHROME 66.0.3359.139','2018-05-25 08:47:39','/sga_unap/es/carga_academica/index/curriculas','http://localhost/sga_unap/es/carga_academica/index/facultades','(Windows NT 10.0; Win64; x64) AppleWebKit/537.36 (KHTML, like Gecko)','es','::1'),(219,'CHROME 66.0.3359.139','2018-05-25 08:47:56','/sga_unap/es/carga_academica/index/curriculas','http://localhost/sga_unap/es/carga_academica/index/facultades','(Windows NT 10.0; Win64; x64) AppleWebKit/537.36 (KHTML, like Gecko)','es','::1'),(220,'CHROME 66.0.3359.139','2018-05-25 08:48:07','/sga_unap/es/carga_academica/index/curriculas','http://localhost/sga_unap/es/carga_academica/index/facultades','(Windows NT 10.0; Win64; x64) AppleWebKit/537.36 (KHTML, like Gecko)','es','::1'),(221,'CHROME 66.0.3359.139','2018-05-25 08:49:35','/sga_unap/es/carga_academica/index/curriculas','http://localhost/sga_unap/es/carga_academica/index/facultades','(Windows NT 10.0; Win64; x64) AppleWebKit/537.36 (KHTML, like Gecko)','es','::1'),(222,'CHROME 66.0.3359.139','2018-05-25 09:21:25','/sga_unap/es/carga_academica/index/curriculas','http://localhost/sga_unap/es/carga_academica/index/facultades','(Windows NT 10.0; Win64; x64) AppleWebKit/537.36 (KHTML, like Gecko)','es','::1'),(223,'CHROME 66.0.3359.139','2018-05-25 09:30:49','/sga_unap/es/carga_academica/index/facultades','http://localhost/sga_unap/es/carga_academica/index/curriculas','(Windows NT 10.0; Win64; x64) AppleWebKit/537.36 (KHTML, like Gecko)','es','::1'),(224,'CHROME 66.0.3359.139','2018-05-25 09:31:20','/sga_unap/carga_academica/index/_eliminarRol','http://localhost/sga_unap/es/carga_academica/index/facultades','(Windows NT 10.0; Win64; x64) AppleWebKit/537.36 (KHTML, like Gecko)','es','::1'),(225,'CHROME 66.0.3359.139','2018-05-25 09:31:20','/sga_unap/es/carga_academica/index/_eliminarRol','http://localhost/sga_unap/es/carga_academica/index/facultades','(Windows NT 10.0; Win64; x64) AppleWebKit/537.36 (KHTML, like Gecko)','es','::1'),(226,'CHROME 66.0.3359.139','2018-05-25 09:31:24','/sga_unap/es/carga_academica/index/facultades','http://localhost/sga_unap/es/carga_academica/index/curriculas','(Windows NT 10.0; Win64; x64) AppleWebKit/537.36 (KHTML, like Gecko)','es','::1'),(227,'CHROME 66.0.3359.139','2018-05-25 09:54:16','/sga_unap/carga_academica/index/_cambiarEstadoFacultad','http://localhost/sga_unap/es/carga_academica/index/facultades','(Windows NT 10.0; Win64; x64) AppleWebKit/537.36 (KHTML, like Gecko)','es','::1'),(228,'CHROME 66.0.3359.139','2018-05-25 09:54:17','/sga_unap/es/carga_academica/index/_cambiarEstadoFacultad','http://localhost/sga_unap/es/carga_academica/index/facultades','(Windows NT 10.0; Win64; x64) AppleWebKit/537.36 (KHTML, like Gecko)','es','::1'),(229,'CHROME 66.0.3359.139','2018-05-25 09:55:32','/sga_unap/es/carga_academica/index/facultades','http://localhost/sga_unap/es/carga_academica/index/curriculas','(Windows NT 10.0; Win64; x64) AppleWebKit/537.36 (KHTML, like Gecko)','es','::1'),(230,'CHROME 66.0.3359.139','2018-05-25 09:58:32','/sga_unap/es/carga_academica/index/facultades','/sga_unap/es/carga_academica/index/facultades','(Windows NT 10.0; Win64; x64) AppleWebKit/537.36 (KHTML, like Gecko)','es','::1'),(231,'CHROME 66.0.3359.139','2018-05-25 10:08:22','/sga_unap/carga_academica/index/_buscarFacultad','http://localhost/sga_unap/es/carga_academica/index/facultades','(Windows NT 10.0; Win64; x64) AppleWebKit/537.36 (KHTML, like Gecko)','es','::1'),(232,'CHROME 66.0.3359.139','2018-05-25 10:08:23','/sga_unap/es/carga_academica/index/_buscarFacultad','http://localhost/sga_unap/es/carga_academica/index/facultades','(Windows NT 10.0; Win64; x64) AppleWebKit/537.36 (KHTML, like Gecko)','es','::1'),(233,'CHROME 66.0.3359.139','2018-05-25 10:09:33','/sga_unap/es/carga_academica/index/facultades','/sga_unap/es/carga_academica/index/facultades','(Windows NT 10.0; Win64; x64) AppleWebKit/537.36 (KHTML, like Gecko)','es','::1'),(234,'CHROME 66.0.3359.139','2018-05-25 10:09:36','/sga_unap/es/carga_academica/index/facultades','/sga_unap/es/carga_academica/index/facultades','(Windows NT 10.0; Win64; x64) AppleWebKit/537.36 (KHTML, like Gecko)','es','::1'),(235,'CHROME 66.0.3359.139','2018-05-25 10:10:17','/sga_unap/es/carga_academica/index/facultades','/sga_unap/es/carga_academica/index/facultades','(Windows NT 10.0; Win64; x64) AppleWebKit/537.36 (KHTML, like Gecko)','es','::1'),(236,'CHROME 66.0.3359.139','2018-05-25 11:39:33','/sga_unap/es/carga_academica/index/facultades','/sga_unap/es/carga_academica/index/facultades','(Windows NT 10.0; Win64; x64) AppleWebKit/537.36 (KHTML, like Gecko)','es','::1'),(237,'CHROME 66.0.3359.139','2018-05-25 11:40:08','/sga_unap/es/carga_academica/index/facultades','/sga_unap/es/carga_academica/index/facultades','(Windows NT 10.0; Win64; x64) AppleWebKit/537.36 (KHTML, like Gecko)','es','::1'),(238,'CHROME 66.0.3359.139','2018-05-25 12:41:15','/sga_unap/es/carga_academica/index/facultades','/sga_unap/es/carga_academica/index/facultades','(Windows NT 10.0; Win64; x64) AppleWebKit/537.36 (KHTML, like Gecko)','es','::1'),(239,'CHROME 66.0.3359.139','2018-05-25 12:46:10','/sga_unap/es/carga_academica/index/facultades','/sga_unap/es/carga_academica/index/facultades','(Windows NT 10.0; Win64; x64) AppleWebKit/537.36 (KHTML, like Gecko)','es','::1'),(240,'CHROME 66.0.3359.139','2018-05-25 16:49:39','/sga_unap/es/dublincore/registrar/index/420','http://localhost/sga_unap/es/carga_academica/index/facultades','(Windows NT 10.0; Win64; x64) AppleWebKit/537.36 (KHTML, like Gecko)','es','::1'),(241,'CHROME 66.0.3359.139','2018-05-25 20:16:54','/sga_unap/es/carga_academica/index/curriculas','http://localhost/sga_unap/es/carga_academica/index/curriculas','(Windows NT 10.0; Win64; x64) AppleWebKit/537.36 (KHTML, like Gecko)','es','::1'),(242,'CHROME 66.0.3359.139','2018-05-25 20:19:34','/sga_unap/es/carga_academica/index/ciclos','/sga_unap/es/carga_academica/index/ciclos','(Windows NT 10.0; Win64; x64) AppleWebKit/537.36 (KHTML, like Gecko)','es','::1'),(243,'CHROME 66.0.3359.139','2018-05-25 20:20:08','/sga_unap/es/carga_academica/index/ciclos','/sga_unap/es/carga_academica/index/ciclos','(Windows NT 10.0; Win64; x64) AppleWebKit/537.36 (KHTML, like Gecko)','es','::1'),(244,'CHROME 66.0.3359.139','2018-05-25 20:23:26','/sga_unap/es/carga_academica/index/ciclos','/sga_unap/es/carga_academica/index/ciclos','(Windows NT 10.0; Win64; x64) AppleWebKit/537.36 (KHTML, like Gecko)','es','::1'),(245,'CHROME 66.0.3359.139','2018-05-25 20:26:09','/sga_unap/es/carga_academica/index/ciclos','/sga_unap/es/carga_academica/index/ciclos','(Windows NT 10.0; Win64; x64) AppleWebKit/537.36 (KHTML, like Gecko)','es','::1'),(246,'CHROME 66.0.3359.139','2018-05-25 21:24:21','/sga_unap/es/carga_academica/index/ciclos','/sga_unap/es/carga_academica/index/ciclos','(Windows NT 10.0; Win64; x64) AppleWebKit/537.36 (KHTML, like Gecko)','es','::1'),(247,'CHROME 66.0.3359.139','2018-05-25 21:24:37','/sga_unap/es/carga_academica/index/ciclos','http://localhost/sga_unap/es/carga_academica/index/ciclos','(Windows NT 10.0; Win64; x64) AppleWebKit/537.36 (KHTML, like Gecko)','es','::1'),(248,'CHROME 66.0.3359.139','2018-05-25 21:37:14','/sga_unap/es/carga_academica/index/ciclos','/sga_unap/es/carga_academica/index/ciclos','(Windows NT 10.0; Win64; x64) AppleWebKit/537.36 (KHTML, like Gecko)','es','::1'),(249,'CHROME 66.0.3359.139','2018-05-25 21:37:18','/sga_unap/es/carga_academica/index/ciclos','/sga_unap/es/carga_academica/index/ciclos','(Windows NT 10.0; Win64; x64) AppleWebKit/537.36 (KHTML, like Gecko)','es','::1'),(250,'CHROME 66.0.3359.139','2018-05-25 23:50:09','/sga_unap/es/carga_academica/index/ciclos','/sga_unap/es/carga_academica/index/ciclos','(Windows NT 10.0; Win64; x64) AppleWebKit/537.36 (KHTML, like Gecko)','es','::1'),(251,'CHROME 66.0.3359.139','2018-05-25 23:50:13','/sga_unap/carga_academica/index/_cambiarEstadoCiclos','http://localhost/sga_unap/es/carga_academica/index/ciclos','(Windows NT 10.0; Win64; x64) AppleWebKit/537.36 (KHTML, like Gecko)','es','::1'),(252,'CHROME 66.0.3359.139','2018-05-25 23:50:13','/sga_unap/es/carga_academica/index/_cambiarEstadoCiclos','http://localhost/sga_unap/es/carga_academica/index/ciclos','(Windows NT 10.0; Win64; x64) AppleWebKit/537.36 (KHTML, like Gecko)','es','::1'),(253,'CHROME 66.0.3359.139','2018-05-25 23:57:10','/sga_unap/es/carga_academica/index/ciclos','/sga_unap/es/carga_academica/index/ciclos','(Windows NT 10.0; Win64; x64) AppleWebKit/537.36 (KHTML, like Gecko)','es','::1'),(254,'CHROME 66.0.3359.139','2018-05-26 00:00:29','/sga_unap/es/carga_academica/index/ciclos','/sga_unap/es/carga_academica/index/ciclos','(Windows NT 10.0; Win64; x64) AppleWebKit/537.36 (KHTML, like Gecko)','es','::1'),(255,'CHROME 66.0.3359.139','2018-05-26 00:23:22','/sga_unap/es/carga_academica/index/ciclos','/sga_unap/es/carga_academica/index/ciclos','(Windows NT 10.0; Win64; x64) AppleWebKit/537.36 (KHTML, like Gecko)','es','::1'),(256,'CHROME 66.0.3359.139','2018-05-26 00:25:54','/sga_unap/es/carga_academica/index/ciclos','/sga_unap/es/carga_academica/index/ciclos','(Windows NT 10.0; Win64; x64) AppleWebKit/537.36 (KHTML, like Gecko)','es','::1'),(257,'CHROME 66.0.3359.139','2018-05-26 00:28:50','/sga_unap/es/carga_academica/index/ciclos','/sga_unap/es/carga_academica/index/ciclos','(Windows NT 10.0; Win64; x64) AppleWebKit/537.36 (KHTML, like Gecko)','es','::1'),(258,'CHROME 66.0.3359.139','2018-05-26 00:30:15','/sga_unap/es/carga_academica/index/ciclos','/sga_unap/es/carga_academica/index/ciclos','(Windows NT 10.0; Win64; x64) AppleWebKit/537.36 (KHTML, like Gecko)','es','::1'),(259,'CHROME 66.0.3359.139','2018-05-26 00:56:34','/sga_unap/es/carga_academica/index/ciclos','/sga_unap/es/carga_academica/index/ciclos','(Windows NT 10.0; Win64; x64) AppleWebKit/537.36 (KHTML, like Gecko)','es','::1'),(260,'CHROME 66.0.3359.139','2018-05-26 00:57:20','/sga_unap/es/carga_academica/index/escuelas','http://localhost/sga_unap/es/carga_academica/index/ciclos','(Windows NT 10.0; Win64; x64) AppleWebKit/537.36 (KHTML, like Gecko)','es','::1'),(261,'CHROME 66.0.3359.139','2018-05-26 00:58:12','/sga_unap/es/usuarios','http://localhost/sga_unap/es/carga_academica/index/escuelas','(Windows NT 10.0; Win64; x64) AppleWebKit/537.36 (KHTML, like Gecko)','es','::1'),(262,'CHROME 66.0.3359.139','2018-05-26 00:58:20','/sga_unap/es/usuarios/index/permisos/1','http://localhost/sga_unap/es/usuarios','(Windows NT 10.0; Win64; x64) AppleWebKit/537.36 (KHTML, like Gecko)','es','::1'),(263,'CHROME 66.0.3359.139','2018-05-26 00:58:41','/sga_unap/es/arquitectura','http://localhost/sga_unap/es/usuarios/index/permisos/1','(Windows NT 10.0; Win64; x64) AppleWebKit/537.36 (KHTML, like Gecko)','es','::1'),(264,'CHROME 66.0.3359.139','2018-05-26 00:58:43','/sga_unap/es/','http://localhost/sga_unap/es/arquitectura','(Windows NT 10.0; Win64; x64) AppleWebKit/537.36 (KHTML, like Gecko)','es','::1'),(265,'CHROME 66.0.3359.139','2018-05-26 00:58:45','/sga_unap/es/arquitectura','http://localhost/sga_unap/es/usuarios/index/permisos/1','(Windows NT 10.0; Win64; x64) AppleWebKit/537.36 (KHTML, like Gecko)','es','::1'),(266,'CHROME 66.0.3359.139','2018-05-26 00:58:50','/sga_unap/es/arquitectura','http://localhost/sga_unap/es/arquitectura','(Windows NT 10.0; Win64; x64) AppleWebKit/537.36 (KHTML, like Gecko)','es','::1'),(267,'CHROME 66.0.3359.139','2018-05-26 00:58:54','/sga_unap/es/arquitectura/index/index/1','http://localhost/sga_unap/es/arquitectura','(Windows NT 10.0; Win64; x64) AppleWebKit/537.36 (KHTML, like Gecko)','es','::1'),(268,'CHROME 66.0.3359.139','2018-05-26 00:59:15','/sga_unap/es/usuarios','http://localhost/sga_unap/es/arquitectura/index/index/1','(Windows NT 10.0; Win64; x64) AppleWebKit/537.36 (KHTML, like Gecko)','es','::1'),(269,'CHROME 66.0.3359.139','2018-05-26 00:59:18','/sga_unap/es/bitacora','http://localhost/sga_unap/es/usuarios','(Windows NT 10.0; Win64; x64) AppleWebKit/537.36 (KHTML, like Gecko)','es','::1'),(270,'CHROME 66.0.3359.139','2018-05-26 09:12:07','/sga_unap/es/carga_academica/index/curriculas','http://localhost/sga_unap/es/bitacora','(Windows NT 10.0; Win64; x64) AppleWebKit/537.36 (KHTML, like Gecko)','es','::1'),(271,'CHROME 66.0.3359.139','2018-05-26 09:12:28','/sga_unap/es/carga_academica/index/ciclos','/sga_unap/es/carga_academica/index/ciclos','(Windows NT 10.0; Win64; x64) AppleWebKit/537.36 (KHTML, like Gecko)','es','::1'),(272,'CHROME 66.0.3359.139','2018-05-26 09:44:10','/sga_unap/es/carga_academica/index/ciclos','/sga_unap/es/carga_academica/index/ciclos','(Windows NT 10.0; Win64; x64) AppleWebKit/537.36 (KHTML, like Gecko)','es','::1'),(273,'CHROME 66.0.3359.139','2018-05-26 09:48:02','/sga_unap/es/carga_academica/index/ciclos','/sga_unap/es/carga_academica/index/ciclos','(Windows NT 10.0; Win64; x64) AppleWebKit/537.36 (KHTML, like Gecko)','es','::1'),(274,'CHROME 66.0.3359.139','2018-05-26 09:55:38','/sga_unap/es/carga_academica/index/ciclos','/sga_unap/es/carga_academica/index/ciclos','(Windows NT 10.0; Win64; x64) AppleWebKit/537.36 (KHTML, like Gecko)','es','::1'),(275,'CHROME 66.0.3359.139','2018-05-26 09:57:49','/sga_unap/es/carga_academica/index/ciclos','/sga_unap/es/carga_academica/index/ciclos','(Windows NT 10.0; Win64; x64) AppleWebKit/537.36 (KHTML, like Gecko)','es','::1'),(276,'CHROME 66.0.3359.139','2018-05-26 10:03:51','/sga_unap/es/carga_academica/index/curriculas','http://localhost/sga_unap/es/carga_academica/index/ciclos','(Windows NT 10.0; Win64; x64) AppleWebKit/537.36 (KHTML, like Gecko)','es','::1'),(277,'CHROME 66.0.3359.139','2018-05-26 10:21:19','/sga_unap/es/carga_academica/index/ciclos','/sga_unap/es/carga_academica/index/ciclos','(Windows NT 10.0; Win64; x64) AppleWebKit/537.36 (KHTML, like Gecko)','es','::1'),(278,'CHROME 66.0.3359.139','2018-05-26 10:21:27','/sga_unap/carga_academica/index/_eliminarCiclos','http://localhost/sga_unap/es/carga_academica/index/ciclos','(Windows NT 10.0; Win64; x64) AppleWebKit/537.36 (KHTML, like Gecko)','es','::1'),(279,'CHROME 66.0.3359.139','2018-05-26 10:21:27','/sga_unap/es/carga_academica/index/_eliminarCiclos','http://localhost/sga_unap/es/carga_academica/index/ciclos','(Windows NT 10.0; Win64; x64) AppleWebKit/537.36 (KHTML, like Gecko)','es','::1'),(280,'CHROME 66.0.3359.139','2018-05-26 10:27:17','/sga_unap/es/carga_academica/index/ciclos','/sga_unap/es/carga_academica/index/ciclos','(Windows NT 10.0; Win64; x64) AppleWebKit/537.36 (KHTML, like Gecko)','es','::1'),(281,'CHROME 66.0.3359.139','2018-05-26 10:33:42','/sga_unap/es/carga_academica/index/ciclos','/sga_unap/es/carga_academica/index/ciclos','(Windows NT 10.0; Win64; x64) AppleWebKit/537.36 (KHTML, like Gecko)','es','::1'),(282,'CHROME 66.0.3359.139','2018-05-26 10:34:49','/sga_unap/es/carga_academica/index/ciclos','/sga_unap/es/carga_academica/index/ciclos','(Windows NT 10.0; Win64; x64) AppleWebKit/537.36 (KHTML, like Gecko)','es','::1'),(283,'CHROME 66.0.3359.139','2018-05-26 10:34:53','/sga_unap/es/carga_academica/index/ciclos','http://localhost/sga_unap/es/carga_academica/index/ciclos','(Windows NT 10.0; Win64; x64) AppleWebKit/537.36 (KHTML, like Gecko)','es','::1'),(284,'CHROME 66.0.3359.139','2018-05-26 10:39:48','/sga_unap/es/carga_academica/index/cursos','http://localhost/sga_unap/es/carga_academica/index/ciclos','(Windows NT 10.0; Win64; x64) AppleWebKit/537.36 (KHTML, like Gecko)','es','::1'),(285,'CHROME 66.0.3359.139','2018-05-26 10:39:51','/sga_unap/es/carga_academica/index/facultades','http://localhost/sga_unap/es/carga_academica/index/cursos','(Windows NT 10.0; Win64; x64) AppleWebKit/537.36 (KHTML, like Gecko)','es','::1'),(286,'CHROME 66.0.3359.139','2018-05-26 11:37:32','/sga_unap/es/carga_academica/index/facultades','http://localhost/sga_unap/es/carga_academica/index/facultades','(Windows NT 10.0; Win64; x64) AppleWebKit/537.36 (KHTML, like Gecko)','es','::1'),(287,'CHROME 66.0.3359.139','2018-05-26 17:35:07','/sga_unap/es/carga_academica/index/horarios','/sga_unap/es/carga_academica/index/horarios','(Windows NT 10.0; Win64; x64) AppleWebKit/537.36 (KHTML, like Gecko)','es','::1');

/*Table structure for table `evento_sistema` */

DROP TABLE IF EXISTS `evento_sistema`;

CREATE TABLE `evento_sistema` (
  `Evs_IdEventoSistema` int(11) NOT NULL AUTO_INCREMENT,
  `Evs_Descripcion` varchar(45) DEFAULT NULL,
  `Evs_Tipo` varchar(45) DEFAULT NULL,
  PRIMARY KEY (`Evs_IdEventoSistema`)
) ENGINE=InnoDB AUTO_INCREMENT=5 DEFAULT CHARSET=utf8;

/*Data for the table `evento_sistema` */

insert  into `evento_sistema`(Evs_IdEventoSistema,Evs_Descripcion,Evs_Tipo) values (1,'SQLSTATE[42S22]: Column not found: 1054 Unkno','Error Model'),(2,'SQLSTATE[42000]: Syntax error or access viola','Error Model'),(3,'SQLSTATE[42S02]: Base table or view not found','Error Model'),(4,'SQLSTATE[23000]: Integrity constraint violati','Error Model');

/*Table structure for table `facultad` */

DROP TABLE IF EXISTS `facultad`;

CREATE TABLE `facultad` (
  `Fac_IdFacultad` int(11) NOT NULL AUTO_INCREMENT,
  `Fac_Nombre` varchar(150) DEFAULT NULL,
  `Fac_Direccion` varchar(200) DEFAULT NULL,
  `Fac_Telefono` varchar(100) DEFAULT NULL,
  `Fac_Estado` tinyint(1) DEFAULT NULL,
  `Row_Estado` tinyint(1) DEFAULT NULL,
  PRIMARY KEY (`Fac_IdFacultad`)
) ENGINE=InnoDB AUTO_INCREMENT=16 DEFAULT CHARSET=utf8;

/*Data for the table `facultad` */

insert  into `facultad`(Fac_IdFacultad,Fac_Nombre,Fac_Direccion,Fac_Telefono,Fac_Estado,Row_Estado) values (1,'Facultad de Ingeniería de Sistemas e Informática','Calle Moore 250','065263265',1,1),(2,'Facultad de Ciencias Economicas y de Negocios','Pevas 540','065362565',1,1),(3,'Facultad de Industrias Alimentarias','Nauta 460','065246859',1,1),(4,'Facultad de Agronomia','Nauta 480','065874582',1,1),(5,'Facultad de Ciencias de la Educación y Humanidades','Bermudez 36','065235689',1,1),(6,'Facultad de Odontología','San Marcos/Las Crisnejas s/n, San Juan Bautista','065633728',1,1),(7,'Facultad de Medicina Humana','Av. Colonial s/n, Moronillo, Punchana','065251780',1,1),(8,'Facultad de Zootecnia','Calle Libertad 1250, Yurimaguas, Perú','065351010',1,1),(9,'Facultad de Ciencias Forestales','Pevas 584','065233705',1,1),(10,'Facultad de Ciencias Biológicas','Calle Pevas 5ta cuadra','065236121',1,1),(11,'Facultad de Farmacia y Bioquímica','Nina Rumi, San Juan Bautista',NULL,1,1),(12,'Facultad de Enfermeria','Pasaje Dina Límaco 186','065266368',1,1),(13,'Facultad de Derecho y Ciencias Politicos','Sargento Lores 446','065222720',1,1),(14,'Facultad de Ingenieria Quimica','Av. Freyre 616','065243665 -065234101',1,1),(15,'CurriculaNueva','Descripcion de currii','56590665',1,1);

/*Table structure for table `horario` */

DROP TABLE IF EXISTS `horario`;

CREATE TABLE `horario` (
  `Hor_IdHorario` int(11) NOT NULL AUTO_INCREMENT,
  `Hor_Inicio` time DEFAULT NULL,
  `Hor_Final` time DEFAULT NULL,
  `Hor_Tipo` varchar(45) DEFAULT NULL,
  `Hor_Dia` varchar(45) DEFAULT NULL,
  `Amb_IdAmbiente` int(11) NOT NULL,
  PRIMARY KEY (`Hor_IdHorario`),
  KEY `fk_horario_ambiente_idx` (`Amb_IdAmbiente`),
  CONSTRAINT `fk_horario_ambiente` FOREIGN KEY (`Amb_IdAmbiente`) REFERENCES `ambiente` (`Amb_IdAmbiente`) ON DELETE NO ACTION ON UPDATE NO ACTION
) ENGINE=InnoDB DEFAULT CHARSET=utf8;

/*Data for the table `horario` */

/*Table structure for table `horario_carga_academica` */

DROP TABLE IF EXISTS `horario_carga_academica`;

CREATE TABLE `horario_carga_academica` (
  `Hca_IdHorarioCargaAcademica` int(11) NOT NULL AUTO_INCREMENT,
  `Hor_IdHorario` int(11) NOT NULL,
  `Caa_IdCargaAcademica` int(11) NOT NULL,
  PRIMARY KEY (`Hca_IdHorarioCargaAcademica`),
  KEY `fk_horario_carga_academica_horario_idx` (`Hor_IdHorario`),
  KEY `fk_horario_carga_academica_carga_academica_idx` (`Caa_IdCargaAcademica`),
  CONSTRAINT `fk_horario_carga_academica_carga_academica` FOREIGN KEY (`Caa_IdCargaAcademica`) REFERENCES `carga_academica` (`Caa_IdCargaAcademica`) ON DELETE NO ACTION ON UPDATE NO ACTION,
  CONSTRAINT `fk_horario_carga_academica_horario` FOREIGN KEY (`Hor_IdHorario`) REFERENCES `horario` (`Hor_IdHorario`) ON DELETE NO ACTION ON UPDATE NO ACTION
) ENGINE=InnoDB DEFAULT CHARSET=utf8;

/*Data for the table `horario_carga_academica` */

/*Table structure for table `idioma` */

DROP TABLE IF EXISTS `idioma`;

CREATE TABLE `idioma` (
  `Idi_IdIdioma` char(5) NOT NULL,
  `Idi_Idioma` varchar(100) DEFAULT NULL,
  `Idi_Estado` tinyint(1) DEFAULT NULL,
  PRIMARY KEY (`Idi_IdIdioma`)
) ENGINE=InnoDB DEFAULT CHARSET=utf8;

/*Data for the table `idioma` */

insert  into `idioma`(Idi_IdIdioma,Idi_Idioma,Idi_Estado) values ('en','Ingles',1),('es','Español',1),('pt','Portugues',1);

/*Table structure for table `modulo` */

DROP TABLE IF EXISTS `modulo`;

CREATE TABLE `modulo` (
  `Mod_IdModulo` int(11) NOT NULL AUTO_INCREMENT,
  `Mod_Nombre` varchar(100) NOT NULL,
  `Mod_Codigo` varchar(50) DEFAULT NULL,
  `Mod_Descripcion` varchar(250) DEFAULT NULL,
  `Idi_IdIdioma` char(5) DEFAULT NULL,
  `Mod_Estado` tinyint(1) DEFAULT NULL,
  `Row_Estado` tinyint(1) DEFAULT NULL,
  PRIMARY KEY (`Mod_IdModulo`)
) ENGINE=InnoDB AUTO_INCREMENT=5 DEFAULT CHARSET=utf8;

/*Data for the table `modulo` */

insert  into `modulo`(Mod_IdModulo,Mod_Nombre,Mod_Codigo,Mod_Descripcion,Idi_IdIdioma,Mod_Estado,Row_Estado) values (1,'Access Control List','ACL',NULL,'en',1,1),(2,'Usuarios','Usuario',NULL,'es',1,1),(3,'Foro','foro',NULL,'es',1,1),(4,'E-Learning','elearning',NULL,'es',1,1);

/*Table structure for table `pagina` */

DROP TABLE IF EXISTS `pagina`;

CREATE TABLE `pagina` (
  `Pag_IdPagina` int(11) NOT NULL AUTO_INCREMENT,
  `Pag_IdPrincipal` int(11) DEFAULT NULL,
  `Pag_TipoPagina` int(11) NOT NULL,
  `Pag_Sistema` varchar(200) NOT NULL,
  `Pag_Nombre` varchar(200) NOT NULL,
  `Pag_Descripcion` varchar(250) NOT NULL,
  `Pag_Orden` int(11) NOT NULL,
  `Pag_Contenido` longtext NOT NULL,
  `Pag_Url` varchar(250) NOT NULL,
  `Pag_Selectable` tinyint(11) NOT NULL,
  `Pag_Estado` tinyint(1) NOT NULL,
  `Idi_IdIdioma` char(5) NOT NULL,
  PRIMARY KEY (`Pag_IdPagina`)
) ENGINE=InnoDB AUTO_INCREMENT=8 DEFAULT CHARSET=utf8;

/*Data for the table `pagina` */

insert  into `pagina`(Pag_IdPagina,Pag_IdPrincipal,Pag_TipoPagina,Pag_Sistema,Pag_Nombre,Pag_Descripcion,Pag_Orden,Pag_Contenido,Pag_Url,Pag_Selectable,Pag_Estado,Idi_IdIdioma) values (1,0,1,'estatica','LA OTCA','Descripción OTCA',3,'Sin Contenido','http://www.otca-oficial.info/',1,1,'es'),(2,0,1,'estatica','EL PROYECTO','Descripción PRIC',2,'Sin Contenido','',0,1,'es'),(3,7,1,'estatica','EL ORA','Descripción ORA',4,'Sin Contenido','http://190.187.112.101/ORA/index.html',1,1,'es'),(4,0,1,'estatica','DOCUMENTOS','Descripción de documentos(Repositorio)',7,'Sin Contenido','/sga_unap/dublincore/documentos',1,1,'es'),(5,0,1,'estatica','INICIO','Descripcion de Inicio',1,'Sin Contenido','http://190.187.112.101/pric/',1,1,'es'),(6,0,1,'estatica','CURSOS','Descripcion de la pagina cursos',5,'Sin Contenido','http://local.github/framework_mvc_php_multi-idioma/elearning',1,1,'es'),(7,0,1,'estatica','FORO','Descripcion de la pagina Foro',6,'Sin Contenido','/sga_unap/foro',1,1,'es');

/*Table structure for table `pais` */

DROP TABLE IF EXISTS `pais`;

CREATE TABLE `pais` (
  `Pai_IdPais` int(11) NOT NULL AUTO_INCREMENT,
  `Pai_Nombre` varchar(50) DEFAULT NULL,
  `Pai_Siglas` varchar(10) DEFAULT NULL,
  `Pai_Estado` char(1) DEFAULT NULL,
  `Idi_IdIdioma` int(11) DEFAULT NULL,
  PRIMARY KEY (`Pai_IdPais`),
  KEY `FK_pais_idi` (`Idi_IdIdioma`)
) ENGINE=InnoDB AUTO_INCREMENT=9 DEFAULT CHARSET=latin1;

/*Data for the table `pais` */

insert  into `pais`(Pai_IdPais,Pai_Nombre,Pai_Siglas,Pai_Estado,Idi_IdIdioma) values (1,'Bolivia',NULL,'1',0),(2,'Brasil',NULL,'1',0),(3,'Colombia',NULL,'1',0),(4,'Ecuador',NULL,'1',0),(5,'Guyana',NULL,'1',0),(6,'Perú',NULL,'1',0),(7,'Suriname',NULL,'1',0),(8,'Venezuela',NULL,'1',0);

/*Table structure for table `participacion_docente` */

DROP TABLE IF EXISTS `participacion_docente`;

CREATE TABLE `participacion_docente` (
  `Pad_IdParticipacionDocente` int(11) NOT NULL AUTO_INCREMENT,
  `Pad_Item1` int(11) DEFAULT NULL,
  `Pad_Item2` int(11) DEFAULT NULL,
  `Pad_Item3` int(11) DEFAULT NULL,
  `Pad_Observacion1` int(11) DEFAULT NULL,
  `Pad_Observacion2` int(11) DEFAULT NULL,
  `Pad_Observacion3` int(11) DEFAULT NULL,
  `Pad_Observacion4` int(11) DEFAULT NULL,
  `Pad_Observacion(5)` int(11) DEFAULT NULL,
  `Sem_IdSemestre` int(11) DEFAULT NULL,
  `Facu_IdFacultad` int(11) DEFAULT NULL,
  `Cur_IdCurso` int(11) DEFAULT NULL,
  PRIMARY KEY (`Pad_IdParticipacionDocente`)
) ENGINE=InnoDB DEFAULT CHARSET=utf8;

/*Data for the table `participacion_docente` */

/*Table structure for table `permisos` */

DROP TABLE IF EXISTS `permisos`;

CREATE TABLE `permisos` (
  `Per_IdPermiso` int(11) NOT NULL AUTO_INCREMENT,
  `Per_Nombre` varchar(100) NOT NULL,
  `Per_Ckey` varchar(50) NOT NULL,
  `Mod_IdModulo` int(11) DEFAULT NULL,
  `Idi_IdIdioma` char(5) DEFAULT NULL,
  `Per_Estado` tinyint(1) DEFAULT NULL,
  `Row_Estado` tinyint(1) DEFAULT NULL,
  PRIMARY KEY (`Per_IdPermiso`),
  KEY `FK_permisos_idi` (`Idi_IdIdioma`),
  KEY `FK_permisos_modulo` (`Mod_IdModulo`),
  CONSTRAINT `FK_permisos_modulo` FOREIGN KEY (`Mod_IdModulo`) REFERENCES `modulo` (`Mod_IdModulo`)
) ENGINE=InnoDB AUTO_INCREMENT=66 DEFAULT CHARSET=utf8;

/*Data for the table `permisos` */

insert  into `permisos`(Per_IdPermiso,Per_Nombre,Per_Ckey,Mod_IdModulo,Idi_IdIdioma,Per_Estado,Row_Estado) values (1,'Listar Arquitectura Web','listar_arquitectura_web',NULL,NULL,1,1),(2,'Agregar Arquitectura Web','agregar_arquitectura_web',NULL,NULL,1,1),(3,'Editar Arquitectura Web','editar_arquitectura_web',NULL,NULL,1,NULL),(4,'Eliminar Arquitectura Web','eliminar_arquitectura_web',NULL,NULL,1,NULL),(5,'Habilitar/Deshabilitar Arquitectura Web','habilitar_deshabilitar_arquitectura_web',NULL,NULL,1,1),(6,'Agregar Usuario','agregar_usuario',NULL,NULL,1,NULL),(7,'Editar usuario','editar_usuario',NULL,NULL,1,NULL),(8,'Eliminar Usuario','eliminar_usuario',NULL,NULL,1,1),(9,'Habilitar/Deshabilitar Usuario','habilitar_deshabilitar_usuario',NULL,NULL,1,NULL),(10,'Listar Usuarios','listar_usuarios',NULL,NULL,1,1),(11,'Agregar Rol','agregar_rol',NULL,NULL,1,1),(12,'Editar Rol','editar_rol',NULL,NULL,1,1),(13,'Habilitar/Deshabilitar Rol','habilitar_deshabilitar_rol',NULL,NULL,1,1),(14,'Eliminar Rol','eliminar_rol',NULL,NULL,1,NULL),(15,'Listar Bitácora','listar_bitacora',NULL,NULL,1,1),(16,'Exportar Bitácora','exportar_bitacora',NULL,NULL,1,NULL),(17,'Listar Visita','listar_visita',NULL,NULL,1,1),(18,'Exportar Visita','exportar_visita',NULL,NULL,1,1),(19,'Listar Idiomas','listar_idiomas',NULL,NULL,1,1),(20,'Agregar Idioma','agregar_idioma',NULL,NULL,1,NULL),(21,'Editar Idioma','editar_idioma',NULL,NULL,1,1),(22,'Ver Perfil','ver_perfil',NULL,NULL,1,1),(23,'Editar Perfil','editar_perfil',1,NULL,1,1),(24,'Agregar Permiso','agregar_permiso',NULL,NULL,1,1),(25,'Listar Permisos','listar_permisos',NULL,NULL,1,1),(26,'Editar Permiso','editar_permiso',NULL,NULL,1,1),(27,'Eliminar Permiso','eliminar_permiso',NULL,NULL,1,1),(28,'Ver Eliminados','ver_eliminados',1,NULL,1,1),(29,'Listar Estandar','listar_estandar',NULL,NULL,1,1),(30,'Editar Estandar','editar_estandar',NULL,NULL,1,1),(31,'Agregar Estandar','agregar_estandar',NULL,NULL,1,1),(32,'Listar Recurso','listar_recurso',NULL,NULL,1,1),(33,'Listar Documentos','listar_documentos',1,NULL,1,1),(34,'Editar Documentos','editar_documentos',NULL,NULL,1,1),(35,'Registrar Documentos','registrar_documentos',NULL,NULL,1,1),(36,'Eliminar Documentos','eliminar_documentos',NULL,NULL,1,1),(37,'Cambiar estado Documentos','cambiar_estado_documentos',NULL,NULL,1,1),(38,'Editar Recurso','editar_recurso',NULL,NULL,1,1),(39,'Agregar Recurso','agregar_recurso',NULL,NULL,1,1),(40,'Habilitar/Deshabilitar Recurso','habilitar_deshabilitar_recurso',NULL,NULL,1,1),(41,'Ver Metadata Recurso','ver_metadata_recurso',NULL,NULL,1,1),(42,'Listar Capa','listar_capa',NULL,NULL,1,1),(43,'Agregar Capa','agregar_capa',NULL,NULL,1,1),(44,'Editar Capa','editar_capa',NULL,NULL,1,1),(45,'Eliminar Capa','eliminar_capa',NULL,NULL,1,1),(46,'Listar Registros','listar_registros',NULL,NULL,1,1),(47,'Editar Metadata Recurso','editar_metadata_recurso',NULL,NULL,1,1),(48,'Registro Individual','registro_individual',NULL,NULL,1,1),(49,'Registro desde Excel','registro_desde_excel',NULL,NULL,1,1),(50,'Registro desde Web Servicie','registro_desde_web_servicie',NULL,NULL,1,1),(51,'Registro desde Pecari','registro_desde_excel',NULL,NULL,1,1),(52,'Registro desde Web Servicie','registro_desde_web_servicie',NULL,NULL,1,1),(53,'Registro desde Pecari','registro_desde_pecari',NULL,NULL,1,1),(54,'Editar Registros Recurso','editar_registros_recurso',NULL,NULL,1,1),(55,'Habilitar/Deshabilitar Registros','habilitar_deshabilitar_registros',NULL,NULL,1,1),(56,'Eliminar Registros','eliminar_registros',NULL,NULL,1,1),(57,'Eliminar Recurso','eliminar_recurso',NULL,NULL,NULL,1),(58,'Editar todos los Documentos','editar_todos_los_documentos',NULL,NULL,NULL,1),(59,'Listar Columna','listar_columna',NULL,NULL,NULL,1),(60,'Agregar Columna','agregar_columna',NULL,NULL,NULL,1),(61,'Editar Columna','editar_columna',NULL,NULL,NULL,1),(62,'Generar Tabla','generar_tabla',NULL,NULL,NULL,1),(63,'Agregar Registro Recurso','agregar_registro_recurso',NULL,NULL,1,1),(64,'Comentar Foro','comentar_foro',NULL,NULL,1,1),(65,'Subir Archivo','subir_archivo',NULL,NULL,1,1);

/*Table structure for table `permisos_rol` */

DROP TABLE IF EXISTS `permisos_rol`;

CREATE TABLE `permisos_rol` (
  `Rol_IdRol` int(11) NOT NULL,
  `Per_IdPermiso` int(11) NOT NULL,
  `Per_Valor` tinyint(1) NOT NULL,
  PRIMARY KEY (`Rol_IdRol`,`Per_IdPermiso`),
  UNIQUE KEY `role` (`Rol_IdRol`,`Per_IdPermiso`),
  KEY `FK_permisos_role` (`Per_IdPermiso`),
  CONSTRAINT `FK_permisos_rol_permiso` FOREIGN KEY (`Per_IdPermiso`) REFERENCES `permisos` (`Per_IdPermiso`),
  CONSTRAINT `FK_permisos_rol_rol` FOREIGN KEY (`Rol_IdRol`) REFERENCES `rol` (`Rol_IdRol`)
) ENGINE=InnoDB DEFAULT CHARSET=utf8;

/*Data for the table `permisos_rol` */

insert  into `permisos_rol`(Rol_IdRol,Per_IdPermiso,Per_Valor) values (1,1,1),(1,2,1),(1,3,1),(1,4,1),(1,5,1),(1,6,1),(1,7,1),(1,8,1),(1,9,1),(1,10,1),(1,11,1),(1,12,1),(1,13,1),(1,14,1),(1,15,1),(1,16,1),(1,17,1),(1,18,1),(1,19,1),(1,20,1),(1,21,1),(1,22,1),(1,23,1),(1,24,1),(1,25,1),(1,26,1),(1,27,1),(1,63,1),(2,28,1),(2,29,1),(2,34,1),(3,30,1),(3,31,1),(3,32,1),(3,33,1),(3,34,1),(7,22,1),(7,23,1),(7,24,1),(7,25,1),(7,26,1),(7,27,1),(7,28,1),(7,29,1),(7,30,1),(7,31,1),(7,32,1),(7,33,1),(7,34,1),(7,35,1),(7,36,1),(7,37,1),(7,38,1),(7,39,1),(7,40,1),(7,41,1),(7,42,1),(7,43,1),(7,44,1),(7,45,1),(7,46,1),(7,47,1),(7,48,1),(7,49,1),(7,50,1),(7,51,1),(7,52,1),(7,53,1),(7,54,1),(7,55,1),(7,56,1),(7,57,1),(8,58,1),(9,64,1),(9,65,1),(10,64,1),(10,65,1),(11,64,1),(11,65,1),(12,64,1),(12,65,1);

/*Table structure for table `permisos_usuario` */

DROP TABLE IF EXISTS `permisos_usuario`;

CREATE TABLE `permisos_usuario` (
  `Usu_IdUsuario` int(11) NOT NULL,
  `Per_IdPermiso` int(11) NOT NULL,
  `Peu_Valor` varchar(50) DEFAULT NULL,
  PRIMARY KEY (`Usu_IdUsuario`,`Per_IdPermiso`),
  KEY `FK_permiso_usuario_per` (`Per_IdPermiso`),
  CONSTRAINT `FK_permiso_usuario_per` FOREIGN KEY (`Per_IdPermiso`) REFERENCES `permisos` (`Per_IdPermiso`),
  CONSTRAINT `FK_permiso_usuario_usu` FOREIGN KEY (`Usu_IdUsuario`) REFERENCES `usuario` (`Usu_IdUsuario`)
) ENGINE=InnoDB DEFAULT CHARSET=utf8;

/*Data for the table `permisos_usuario` */

/*Table structure for table `rol` */

DROP TABLE IF EXISTS `rol`;

CREATE TABLE `rol` (
  `Rol_IdRol` int(11) NOT NULL AUTO_INCREMENT,
  `Rol_Nombre` varchar(100) NOT NULL,
  `Rol_Ckey` varchar(75) DEFAULT NULL,
  `Mod_IdModulo` int(11) DEFAULT NULL,
  `Idi_IdIdioma` char(5) DEFAULT NULL,
  `Rol_Estado` tinyint(1) NOT NULL,
  `Row_Estado` tinyint(1) DEFAULT NULL,
  PRIMARY KEY (`Rol_IdRol`),
  KEY `FK_roles_idi` (`Idi_IdIdioma`),
  KEY `FK_rol_modulo` (`Mod_IdModulo`),
  CONSTRAINT `FK_rol_modulo` FOREIGN KEY (`Mod_IdModulo`) REFERENCES `modulo` (`Mod_IdModulo`)
) ENGINE=InnoDB AUTO_INCREMENT=14 DEFAULT CHARSET=utf8;

/*Data for the table `rol` */

insert  into `rol`(Rol_IdRol,Rol_Nombre,Rol_Ckey,Mod_IdModulo,Idi_IdIdioma,Rol_Estado,Row_Estado) values (1,'Administrador',NULL,NULL,'es',1,1),(2,'Administrador de Usuarios',NULL,NULL,'es',1,1),(3,'Administrador de Elearning',NULL,NULL,'es',1,1),(4,'Administrador de Foro','administrador_foro',NULL,'es',1,1),(5,'Administrador de Instituciones','administrador_instituciones',NULL,'es',1,1),(6,'Alumno','alumno',NULL,'es',1,1),(7,'Subir Archivos','subir_archivos',NULL,'es',1,1),(8,'Administrador de Documentos','administrador_documentos',NULL,'es',1,1),(9,'Lider de Foro','lider_foro',3,'es',1,1),(10,'Moderador','moderador_foro',3,'es',1,1),(11,'Facilitador','facilitador_foro',3,'es',1,1),(12,'Participante','participante_foro',3,'es',1,1),(13,'nuevorol',NULL,NULL,NULL,1,1);

/*Table structure for table `semestre` */

DROP TABLE IF EXISTS `semestre`;

CREATE TABLE `semestre` (
  `Sem_IdSemestre` int(11) NOT NULL AUTO_INCREMENT,
  `Sem_Numero` int(11) DEFAULT NULL,
  `Sem_Ano` year(4) DEFAULT NULL,
  `Sem_Activo` tinyint(1) DEFAULT NULL,
  `Sem_Inicio` datetime DEFAULT NULL,
  `Sem_fin` datetime DEFAULT NULL,
  PRIMARY KEY (`Sem_IdSemestre`)
) ENGINE=InnoDB DEFAULT CHARSET=utf8;

/*Data for the table `semestre` */

/*Table structure for table `silabo` */

DROP TABLE IF EXISTS `silabo`;

CREATE TABLE `silabo` (
  `Sil_IdSilabo` int(11) NOT NULL AUTO_INCREMENT,
  `Sil_CompetenciaGeneral` varchar(250) DEFAULT NULL,
  `Sil_Sumilla` varchar(500) DEFAULT NULL,
  `Sil_Actitud1` varchar(200) DEFAULT NULL,
  `Sil_Actitud2` varchar(200) DEFAULT NULL,
  `Sil_Actitud3` varchar(200) DEFAULT NULL,
  `Sil_Fecha` date DEFAULT NULL,
  `Sil_Bibliiografia` varchar(600) DEFAULT NULL,
  `Sil_Califacion` varchar(500) DEFAULT NULL,
  `Caa_IdCargaAcademica` int(11) NOT NULL,
  PRIMARY KEY (`Sil_IdSilabo`),
  KEY `fk_silabo_carga_academica_idx` (`Caa_IdCargaAcademica`),
  CONSTRAINT `fk_silabo_carga_academica` FOREIGN KEY (`Caa_IdCargaAcademica`) REFERENCES `carga_academica` (`Caa_IdCargaAcademica`) ON DELETE NO ACTION ON UPDATE NO ACTION
) ENGINE=InnoDB DEFAULT CHARSET=utf8;

/*Data for the table `silabo` */

/*Table structure for table `supervicion_docente` */

DROP TABLE IF EXISTS `supervicion_docente`;

CREATE TABLE `supervicion_docente` (
  `Sud_IdDocente` int(11) NOT NULL AUTO_INCREMENT,
  `Sud_Planificacion1` int(11) DEFAULT NULL,
  `Sud_Planificacion2` int(11) DEFAULT NULL,
  `Sud_Planificacion3` int(11) DEFAULT NULL,
  `Sud_Planificacion4` int(11) DEFAULT NULL,
  `Sud_Planificacion5` int(11) DEFAULT NULL,
  `Sud_Inicio1` int(11) DEFAULT NULL,
  `Sud_Inicio2` int(11) DEFAULT NULL,
  `Sud_Inicio3` int(11) DEFAULT NULL,
  `Sud_Inicio4` int(11) DEFAULT NULL,
  `Sud_Inicio5` int(11) DEFAULT NULL,
  `Sud_Desarrollo1` int(11) DEFAULT NULL,
  `Sud_Desarrollo2` int(11) DEFAULT NULL,
  `Sud_Desarrollo3` int(11) DEFAULT NULL,
  `Sud_Desarrollo4` int(11) DEFAULT NULL,
  `Sud_Desarrollo5` int(11) DEFAULT NULL,
  `Sud_Desarrollo6` int(11) DEFAULT NULL,
  `Sud_Desarrollo7` int(11) DEFAULT NULL,
  `Sud_Cierre1` int(11) DEFAULT NULL,
  `Sud_Cierre2` int(11) DEFAULT NULL,
  `Sud_Cierre3` int(11) DEFAULT NULL,
  `Usu_IdUsuario` int(11) DEFAULT NULL,
  `Caa_IdCargaAcademica` int(11) DEFAULT NULL,
  PRIMARY KEY (`Sud_IdDocente`)
) ENGINE=InnoDB DEFAULT CHARSET=utf8;

/*Data for the table `supervicion_docente` */

/*Table structure for table `tema_dublin` */

DROP TABLE IF EXISTS `tema_dublin`;

CREATE TABLE `tema_dublin` (
  `Ted_IdTemaDublin` int(11) NOT NULL AUTO_INCREMENT,
  `Ted_Descripcion` varchar(225) NOT NULL,
  `Ted_Estado` bit(1) DEFAULT NULL,
  `Idi_IdIdioma` char(5) DEFAULT NULL,
  PRIMARY KEY (`Ted_IdTemaDublin`)
) ENGINE=InnoDB AUTO_INCREMENT=11 DEFAULT CHARSET=utf8;

/*Data for the table `tema_dublin` */

insert  into `tema_dublin`(Ted_IdTemaDublin,Ted_Descripcion,Ted_Estado,Idi_IdIdioma) values (1,'Visión de la cuenca Amazónica','','es'),(2,'Aspectos Institucionales y Legales','','es'),(3,'Investigaciones','','es'),(4,'Vulnerabilidad Hidroclimática','','es'),(5,'Diagnóstico Transfronterizo','','es'),(6,'Proyectos en MIRH','','es'),(7,'Prioridades especiales de Adaptación','','es'),(8,'Sistema Integrado de Información','','es'),(9,'Comunicación, Extensión y Finanzas','','es'),(10,'Programa de Acciones Estratégicas','','es');

/*Table structure for table `tematica` */

DROP TABLE IF EXISTS `tematica`;

CREATE TABLE `tematica` (
  `Tem_IdTematica` int(11) NOT NULL AUTO_INCREMENT,
  `Tem_Nombre` varchar(50) NOT NULL,
  `row_estado` int(11) NOT NULL,
  PRIMARY KEY (`Tem_IdTematica`)
) ENGINE=InnoDB AUTO_INCREMENT=15 DEFAULT CHARSET=utf8;

/*Data for the table `tematica` */

insert  into `tematica`(Tem_IdTematica,Tem_Nombre,row_estado) values (1,'AGRICULTURA',1),(2,'CIENCIAS AMBIENTALES',1),(3,'DERECHO',1),(4,'ECONOMÍA',1),(5,'CIENCIAS DE LA EDUCACIÓN',1),(6,'INFORMÁTICA',1),(7,'SALUD',1),(8,'INGENIERÍA',1),(9,'TECNOLOGÍA',1),(10,'ACUICULTURA',1),(11,'CIENCIAS SOCIALES Y FILOSOFÍA',1),(12,'GESTIÓN',1),(13,'TURISMO',1),(14,'INVESTIGACIÓN GENERAL',1);

/*Table structure for table `tipo_ambiente` */

DROP TABLE IF EXISTS `tipo_ambiente`;

CREATE TABLE `tipo_ambiente` (
  `Tia_IdTipoAmbiente` int(11) NOT NULL AUTO_INCREMENT,
  `Tia_Nombre` varchar(45) DEFAULT NULL,
  `Tia_Descripcion` varchar(45) DEFAULT NULL,
  PRIMARY KEY (`Tia_IdTipoAmbiente`)
) ENGINE=InnoDB DEFAULT CHARSET=utf8;

/*Data for the table `tipo_ambiente` */

/*Table structure for table `tipo_archivo_fisico` */

DROP TABLE IF EXISTS `tipo_archivo_fisico`;

CREATE TABLE `tipo_archivo_fisico` (
  `Taf_IdTipoArchivoFisico` int(11) NOT NULL AUTO_INCREMENT,
  `Taf_Descripcion` varchar(50) DEFAULT NULL,
  PRIMARY KEY (`Taf_IdTipoArchivoFisico`)
) ENGINE=InnoDB AUTO_INCREMENT=11 DEFAULT CHARSET=utf8 CHECKSUM=1 DELAY_KEY_WRITE=1 ROW_FORMAT=DYNAMIC;

/*Data for the table `tipo_archivo_fisico` */

insert  into `tipo_archivo_fisico`(Taf_IdTipoArchivoFisico,Taf_Descripcion) values (1,'pdf'),(2,'word'),(3,'excel'),(4,'ppt'),(5,'otros'),(6,'imagen'),(7,'html'),(8,'audio'),(9,'video'),(10,'shapes');

/*Table structure for table `tipo_dublin` */

DROP TABLE IF EXISTS `tipo_dublin`;

CREATE TABLE `tipo_dublin` (
  `Tid_IdTipoDublin` int(11) NOT NULL AUTO_INCREMENT,
  `Tid_Descripcion` varchar(45) DEFAULT NULL,
  `Tid_Estado` char(1) DEFAULT NULL,
  `Idi_IdIdioma` char(5) DEFAULT NULL,
  PRIMARY KEY (`Tid_IdTipoDublin`),
  KEY `FK_tipo_dublin_idi` (`Idi_IdIdioma`)
) ENGINE=InnoDB AUTO_INCREMENT=11 DEFAULT CHARSET=utf8;

/*Data for the table `tipo_dublin` */

insert  into `tipo_dublin`(Tid_IdTipoDublin,Tid_Descripcion,Tid_Estado,Idi_IdIdioma) values (1,'Artículo Científico','1','es'),(2,'Artículo Periodístico','1','es'),(3,'Documento Técnico','1','es'),(4,'Glosario','1','es'),(5,'Guia','1','es'),(6,'Informe Técnico','1','es'),(7,'Manual','1','es'),(8,'Memoria','1','es'),(9,'Otros','1','es'),(10,'Informe final','1','es');

/*Table structure for table `usuario` */

DROP TABLE IF EXISTS `usuario`;

CREATE TABLE `usuario` (
  `Usu_IdUsuario` int(11) NOT NULL AUTO_INCREMENT,
  `Usu_Nombre` varchar(50) DEFAULT NULL,
  `Usu_Apellidos` varchar(250) DEFAULT NULL,
  `Usu_URLImage` varchar(300) DEFAULT NULL,
  `Usu_DocumentoIdentidad` int(11) DEFAULT NULL,
  `Usu_Direccion` varchar(250) DEFAULT NULL,
  `Usu_Telefono` varchar(250) DEFAULT NULL,
  `Usu_InstitucionLaboral` varchar(250) DEFAULT NULL,
  `Usu_Cargo` varchar(200) DEFAULT NULL,
  `Usu_Usuario` varchar(150) NOT NULL,
  `Usu_Password` varchar(250) NOT NULL,
  `Usu_Email` varchar(150) NOT NULL,
  `Usu_Fecha` datetime DEFAULT NULL,
  `Usu_FechaActualizacion` datetime DEFAULT NULL,
  `Usu_FechaUltimoAcceso` datetime DEFAULT NULL,
  `Usu_Estado` tinyint(1) NOT NULL,
  `Usu_Codigo` varchar(250) NOT NULL,
  `Usu_RecuperarPass` tinyint(1) DEFAULT NULL,
  `Row_Estado` tinyint(1) NOT NULL,
  PRIMARY KEY (`Usu_IdUsuario`)
) ENGINE=InnoDB AUTO_INCREMENT=26 DEFAULT CHARSET=utf8 CHECKSUM=1 DELAY_KEY_WRITE=1 ROW_FORMAT=DYNAMIC;

/*Data for the table `usuario` */

insert  into `usuario`(Usu_IdUsuario,Usu_Nombre,Usu_Apellidos,Usu_URLImage,Usu_DocumentoIdentidad,Usu_Direccion,Usu_Telefono,Usu_InstitucionLaboral,Usu_Cargo,Usu_Usuario,Usu_Password,Usu_Email,Usu_Fecha,Usu_FechaActualizacion,Usu_FechaUltimoAcceso,Usu_Estado,Usu_Codigo,Usu_RecuperarPass,Row_Estado) values (1,'nombre administrador','apellido administrador',NULL,12345685,'av. brazil 737','123456','iiap','poster - administrador del PHP MVC','admin','f3f4c7ac10098d04b0c99a68f0322e61cc42cc53','admin@admin.adm','2012-03-21 00:00:00','0000-00-00 00:00:00','0000-00-00 00:00:00',1,'1963007335',NULL,1),(2,'Jhon','Martinez',NULL,12345678,'Av. Uno','999999999','IIAP','Desarrollo','jmartinez','eb610c78d57395e27bda788e7fba6f5b68f845d4','jmartinezcc@hotmail.es','2018-02-27 00:00:00',NULL,'2018-02-27 00:00:00',1,'1436611573',NULL,1),(3,'uno','uno',NULL,NULL,NULL,NULL,NULL,NULL,'uno','f3f4c7ac10098d04b0c99a68f0322e61cc42cc53','uno@gmail.com','2018-03-01 11:46:27',NULL,'2018-03-01 11:46:27',1,'1743273769',NULL,1),(4,'dos','dos',NULL,NULL,NULL,NULL,NULL,NULL,'dos','f3f4c7ac10098d04b0c99a68f0322e61cc42cc53','dos@gmail.com','2018-03-01 11:50:29',NULL,'2018-03-01 11:50:29',1,'1517750747',NULL,1),(5,'tres','tres',NULL,NULL,NULL,NULL,NULL,NULL,'tres','f3f4c7ac10098d04b0c99a68f0322e61cc42cc53','tres@gmail.com','2018-03-05 19:00:50',NULL,'2018-03-05 19:00:50',1,'1659201442',NULL,1),(6,'cuatro','cuatro',NULL,NULL,NULL,NULL,NULL,NULL,'cuatro','7995b111656e4a045f50e65955a1aeb629cb0168','cuatro@gmail.com','2018-03-05 19:12:03',NULL,'2018-03-05 19:12:03',1,'1544956302',NULL,1),(7,'Rodrigo Lopez Rojas','apellido administrador','',12345685,'av. brazil 737','123456','iiap','poster - administrador del PHP MVC','adminPHP','d1b254c9620425f582e27f0044be34bee087d8b4','admin@iiap.org.pe','2012-03-21 00:00:00','0000-00-00 00:00:00','0000-00-00 00:00:00',1,'1963007335',NULL,1),(8,'Lelis','Saravia','',0,'','','','','lsaravia','bb18f13a0cfd64499e14b8083d7ccf4ffe14e7c6','saravia.lelis952@gmail.co','0000-00-00 00:00:00','0000-00-00 00:00:00','0000-00-00 00:00:00',1,'1963007338',NULL,1),(9,'Alberto','Soriano','',0,'','','','','facilitador','f3f4c7ac10098d04b0c99a68f0322e61cc42cc53','prueba@gmail.com','0000-00-00 00:00:00','0000-00-00 00:00:00','0000-00-00 00:00:00',1,'1963007337',NULL,1),(10,'Rodrigo Lopez Rojas','apellido administrador','',12345685,'av. brazil 737','123456','iiap','poster - administrador del PHP MVC','moderador','f3f4c7ac10098d04b0c99a68f0322e61cc42cc53','admin@iiap.org.pe','2012-03-21 00:00:00','0000-00-00 00:00:00','0000-00-00 00:00:00',1,'1963007335',NULL,1),(11,'Lelis','Saravia','',0,'','','','','lider','f3f4c7ac10098d04b0c99a68f0322e61cc42cc53','saravia.lelis951@gmail.co','0000-00-00 00:00:00','0000-00-00 00:00:00','0000-00-00 00:00:00',1,'1963007335',NULL,1),(12,'Alberto','Soriano','',0,'','','','','participànte','f3f4c7ac10098d04b0c99a68f0322e61cc42cc53','prueba@gmail.com','0000-00-00 00:00:00','0000-00-00 00:00:00','0000-00-00 00:00:00',1,'1963007335',NULL,1),(13,'Jhon Martinez','admin123','public/resources/perfil/jhonmartinez888@gmail.com.jpg',NULL,NULL,NULL,NULL,NULL,'admin123','ae3f263898dfe1cdc69d2fbb5bded4432ee92aca','jhonmartinez8888@gmail.com',NULL,NULL,NULL,1,'',NULL,1),(16,'Prueba Nombre','Prueba Apellido',NULL,NULL,NULL,NULL,NULL,NULL,'lh5.googleusercontent.com','0c76bd0b7fba4fbdda66ea56b61a16b48d33155d','lh5.googleusercontent.com','2018-04-01 13:26:10',NULL,'2018-04-01 13:26:10',3,'100213249940333709390',NULL,1),(17,'Jhon','Martinez',NULL,NULL,NULL,NULL,NULL,NULL,'lh4.googleusercontent.com','0c76bd0b7fba4fbdda66ea56b61a16b48d33155d','lh4.googleusercontent.com','2018-04-01 13:27:07',NULL,'2018-04-01 13:27:07',3,'106521031400376269679',NULL,1),(18,'Jhon','Martinez',NULL,NULL,NULL,NULL,NULL,NULL,'jhonmartinez88888@gmail.com','0c76bd0b7fba4fbdda66ea56b61a16b48d33155d','jhonmartinez8888@gmail.com','2018-04-01 16:47:39',NULL,'2018-04-01 16:47:39',1,'106521031400376269679',NULL,1),(19,'Prueba Nombre','Prueba Apellido',NULL,NULL,NULL,NULL,NULL,NULL,'pruebanombrea@gmail.com','0c76bd0b7fba4fbdda66ea56b61a16b48d33155d','pruebanombrea@gmail.com','2018-04-01 16:49:28',NULL,'2018-04-01 16:49:28',1,'100213249940333709390',NULL,1),(25,'Nombre4','Apellido4',NULL,NULL,NULL,NULL,NULL,NULL,'jmartinez8888','bb18f13a0cfd64499e14b8083d7ccf4ffe14e7c6','jhonmartinez888@gmail.com','2018-04-01 19:13:02',NULL,'2018-04-01 19:13:02',1,'1434576556',0,1);

/*Table structure for table `usuario_carga_academica` */

DROP TABLE IF EXISTS `usuario_carga_academica`;

CREATE TABLE `usuario_carga_academica` (
  `Uca_IdUsuarioCarga` int(11) NOT NULL AUTO_INCREMENT,
  `Caa_IdCargaAcademica` int(11) NOT NULL,
  `Usr_IdUsuarioRol` int(11) NOT NULL,
  `Uca_Estado` int(1) DEFAULT NULL,
  `Row_Estado` int(1) DEFAULT NULL,
  PRIMARY KEY (`Uca_IdUsuarioCarga`),
  KEY `FK_usuario_carga_academica_ca` (`Caa_IdCargaAcademica`),
  KEY `FK_usuario_carga_academica_ur` (`Usr_IdUsuarioRol`),
  CONSTRAINT `FK_usuario_carga_academica_ca` FOREIGN KEY (`Caa_IdCargaAcademica`) REFERENCES `carga_academica` (`Caa_IdCargaAcademica`),
  CONSTRAINT `FK_usuario_carga_academica_ur` FOREIGN KEY (`Usr_IdUsuarioRol`) REFERENCES `usuario_rol` (`Usr_IdUsuarioRol`)
) ENGINE=InnoDB AUTO_INCREMENT=2 DEFAULT CHARSET=utf8;

/*Data for the table `usuario_carga_academica` */

/*Table structure for table `usuario_rol` */

DROP TABLE IF EXISTS `usuario_rol`;

CREATE TABLE `usuario_rol` (
  `Usr_IdUsuarioRol` int(11) NOT NULL AUTO_INCREMENT,
  `Usu_IdUsuario` int(11) NOT NULL,
  `Rol_IdRol` int(11) NOT NULL,
  `Usr_Valor` int(3) DEFAULT NULL,
  PRIMARY KEY (`Usr_IdUsuarioRol`,`Usu_IdUsuario`,`Rol_IdRol`),
  KEY `FK_usuario_rol_rol` (`Rol_IdRol`),
  KEY `FK_usuario_rol_usuario` (`Usu_IdUsuario`),
  CONSTRAINT `FK_usuario_rol_rol` FOREIGN KEY (`Rol_IdRol`) REFERENCES `rol` (`Rol_IdRol`),
  CONSTRAINT `FK_usuario_rol_usuario` FOREIGN KEY (`Usu_IdUsuario`) REFERENCES `usuario` (`Usu_IdUsuario`)
) ENGINE=InnoDB AUTO_INCREMENT=15 DEFAULT CHARSET=utf8;

/*Data for the table `usuario_rol` */

insert  into `usuario_rol`(Usr_IdUsuarioRol,Usu_IdUsuario,Rol_IdRol,Usr_Valor) values (1,1,1,1),(2,1,2,1),(3,1,3,1),(4,1,5,1),(5,1,7,1),(6,1,9,1),(7,1,12,1),(8,3,7,1),(9,4,7,1),(10,4,8,1),(11,9,11,1),(12,10,10,1),(13,11,9,1),(14,12,12,1);

/* Function  structure for function  `fn_devolverIdioma` */

/*!50003 DROP FUNCTION IF EXISTS `fn_devolverIdioma` */;
DELIMITER $$

/*!50003 CREATE DEFINER=`root`@`localhost` FUNCTION `fn_devolverIdioma`(Tabla VARCHAR(50), Registro INT(11),idioma CHAR(5), IdiomaOriginal CHAR(5)) RETURNS char(5) CHARSET utf8
BEGIN
      DECLARE iIdi_IdIdioma CHAR(5);
      SET iIdi_IdIdioma= (SELECT DISTINCT Idi_IdIdioma FROM contenido_traducido WHERE Cot_Tabla=Tabla AND Cot_IdRegistro=Registro AND Idi_IdIdioma=idioma);
      
      IF (ISNULL(iIdi_IdIdioma)) 
      THEN
      SET iIdi_IdIdioma=IdiomaOriginal;
      END IF;
	
	RETURN iIdi_IdIdioma;
    END */$$
DELIMITER ;

/* Function  structure for function  `fn_TraducirContenido` */

/*!50003 DROP FUNCTION IF EXISTS `fn_TraducirContenido` */;
DELIMITER $$

/*!50003 CREATE DEFINER=`root`@`localhost` FUNCTION `fn_TraducirContenido`(Tabla VARCHAR(50), Columna VARCHAR(50), Registro INT, Idioma CHAR(5), ContenidoOriginal LONGTEXT) RETURNS longtext CHARSET utf8
BEGIN
      DECLARE Resultado LONGTEXT;
      SET Resultado= ( SELECT Cot_Traduccion FROM contenido_traducido WHERE Cot_Tabla=Tabla AND Cot_Columna=Columna AND Cot_IdRegistro=Registro AND Idi_IdIdioma=Idioma );
      
      IF (ISNULL(Resultado)) 
      THEN
      SET Resultado=ContenidoOriginal;
      END IF;
	
	RETURN Resultado;
    END */$$
DELIMITER ;

/* Procedure structure for procedure `s_d_eliminar_permisos_rol` */

/*!50003 DROP PROCEDURE IF EXISTS  `s_d_eliminar_permisos_rol` */;

DELIMITER $$

/*!50003 CREATE DEFINER=`root`@`localhost` PROCEDURE `s_d_eliminar_permisos_rol`(
	IN iRol_IdRol int(11),
	IN iPer_IdPermiso INT(11)
)
DELETE FROM permisos_rol WHERE Per_IdPermiso = iPer_IdPermiso AND Rol_IdRol = iRol_IdRol */$$
DELIMITER ;

/* Procedure structure for procedure `s_i_ciclo` */

/*!50003 DROP PROCEDURE IF EXISTS  `s_i_ciclo` */;

DELIMITER $$

/*!50003 CREATE DEFINER=`root`@`localhost` PROCEDURE `s_i_ciclo`(
	IN iCic_Nombre VARCHAR(150),
	IN iCic_Numero INT(11),
	IN iCic_Estado TINYINT(1),
	in iRow_Estado tinyint(1)
    )
BEGIN
    INSERT INTO ciclo(
	Cic_Nombre,
	Cic_Numero,
	Cic_Estado,
	Row_Estado
	)
   VALUES(
	iCic_Nombre,
	iCic_Numero,
	iCic_Estado,
	iRow_Estado
);
    SELECT LAST_INSERT_ID();
END */$$
DELIMITER ;

/* Procedure structure for procedure `s_i_contenido_traducido` */

/*!50003 DROP PROCEDURE IF EXISTS  `s_i_contenido_traducido` */;

DELIMITER $$

/*!50003 CREATE DEFINER=`root`@`localhost` PROCEDURE `s_i_contenido_traducido`(
IN iCot_Tabla VARCHAR(100),
IN iCot_IdRegistro INT(11),
IN iCot_Columna VARCHAR(100),
IN iIdi_IdIdioma CHAR(5),
IN iCot_Traduccion LONGTEXT
)
BEGIN
   INSERT INTO contenido_traducido(
   Cot_Tabla,
   Cot_IdRegistro,
   Cot_Columna,
   Idi_IdIdioma,
   Cot_Traduccion 
   )
   VALUES(
   iCot_Tabla,
   iCot_IdRegistro,
   iCot_Columna,
   iIdi_IdIdioma,
   iCot_Traduccion 
   );   
   SELECT LAST_INSERT_ID();
END */$$
DELIMITER ;

/* Procedure structure for procedure `s_i_bitacora` */

/*!50003 DROP PROCEDURE IF EXISTS  `s_i_bitacora` */;

DELIMITER $$

/*!50003 CREATE DEFINER=`root`@`localhost` PROCEDURE `s_i_bitacora`(
IN iEve_Descripcion VARCHAR(45),
IN iEve_Tipo VARCHAR(45),
IN iBit_UserName VARCHAR(45),
IN iBit_NombrePagina VARCHAR(45),
IN iBit_NombreMetodo VARCHAR(45),
IN iBit_Descripcion LONGTEXT,
IN iBit_Estado CHAR(1)
)
BEGIN
DECLARE eve_IdEventoSistema INT;
SET eve_IdEventoSistema =0;
SELECT 
	E.Evs_IdEventoSistema FROM Evento_Sistema AS E WHERE E.Evs_Descripcion = iEve_Descripcion AND E.Evs_Tipo = iEve_Tipo
INTO
	eve_IdEventoSistema;
	
IF 	eve_IdEventoSistema=0 THEN
	INSERT INTO evento_sistema(Evs_Descripcion, Evs_Tipo) VALUES (iEve_Descripcion, iEve_Tipo);
	set eve_IdEventoSistema = (select @@IDENTITY);
	
END IF;
   INSERT INTO bitacora_evento_sistema(
   Bit_UserName,
   Bit_Fecha,
   Bit_NombrePagina,
   Bit_NombreMetodo,
   Bit_Descripcion,
   Bit_Estado,
   Evs_IdEventoSistema
   )
   VALUES(
   iBit_UserName,
   NOW(),
   iBit_NombrePagina,
   iBit_NombreMetodo,
   iBit_Descripcion,
   iBit_Estado,
   eve_IdEventoSistema  
);
    SELECT LAST_INSERT_ID();
END */$$
DELIMITER ;

/* Procedure structure for procedure `s_i_curricula` */

/*!50003 DROP PROCEDURE IF EXISTS  `s_i_curricula` */;

DELIMITER $$

/*!50003 CREATE DEFINER=`root`@`localhost` PROCEDURE `s_i_curricula`(
	IN iCui_Nombre VARCHAR(250) ,
	IN iCui_Descripcion longtext ,
	IN iCui_Codigo VARCHAR(50) ,
	in iCui_Resolucion varchar(250),
	IN iEsc_IdEscuela INT(11),
	IN iCui_Estado TINYINT(1),
	in iRow_Estado tinyint(1)
    )
BEGIN
    INSERT INTO curricula(
	Cui_Nombre,
	Cui_Descripcion,
	Cui_Codigo,
	Cui_Resolucion,
	Esc_IdEscuela,
	Cui_Estado,
	Row_Estado
	)
   VALUES(
	iCui_Nombre,
	iCui_Descripcion,
	iCui_Codigo,
	iCui_Resolucion,
	iEsc_IdEscuela,
	iCui_Estado,
	iRow_Estado
);
    SELECT LAST_INSERT_ID();
END */$$
DELIMITER ;

/* Procedure structure for procedure `s_i_escuela` */

/*!50003 DROP PROCEDURE IF EXISTS  `s_i_escuela` */;

DELIMITER $$

/*!50003 CREATE DEFINER=`root`@`localhost` PROCEDURE `s_i_escuela`(
	IN iEsc_Nombre VARCHAR(200) ,
	IN iEsc_Descripcion VARCHAR(250) ,
	IN iEsc_Direccion VARCHAR(250) ,
	in iEsc_Telefono varchar(45),
	IN iFac_IdFacultad INT(11),
	IN iEsc_Estado TINYINT(1),
	in iRow_Estado tinyint(1)
    )
BEGIN
    INSERT INTO escuela(
	Esc_Nombre,
	Esc_Descripcion,
	Esc_Direccion,
	Esc_Telefono,
	Fac_IdFacultad,
	Esc_Estado,
	Row_Estado
	)
   VALUES(
	iEsc_Nombre,
	iEsc_Descripcion,
	iEsc_Direccion,
	iEsc_Telefono,
	iFac_IdFacultad,
	iEsc_Estado,
	iRow_Estado
);
    SELECT LAST_INSERT_ID();
END */$$
DELIMITER ;

/* Procedure structure for procedure `s_i_estadistica_busqueda` */

/*!50003 DROP PROCEDURE IF EXISTS  `s_i_estadistica_busqueda` */;

DELIMITER $$

/*!50003 CREATE DEFINER=`root`@`localhost` PROCEDURE `s_i_estadistica_busqueda`(
	IN iEsb_PalabraBuscada VARCHAR(100) ,
	IN iEsb_Ip varchar(50),
	IN iEsb_TipoAcceso VARCHAR(50)
    )
BEGIN
    INSERT INTO estadistica_busqueda(
	Esb_PalabraBuscada,
	Esb_Ip,
	Esb_Fecha,
	Esb_TipoAcceso
	)
   VALUES(	
	iEsb_PalabraBuscada,
	iEsb_Ip,
	NOW(),
	iEsb_TipoAcceso
);
    SELECT LAST_INSERT_ID();
END */$$
DELIMITER ;

/* Procedure structure for procedure `s_i_estadistica_visita` */

/*!50003 DROP PROCEDURE IF EXISTS  `s_i_estadistica_visita` */;

DELIMITER $$

/*!50003 CREATE DEFINER=`root`@`localhost` PROCEDURE `s_i_estadistica_visita`(
IN iVis_Explorador VARCHAR(25),
IN iVis_PaginaVisita VARCHAR(250),
IN iVis_PaginaAnterior VARCHAR(250),
IN iVis_SistemaOperativo VARCHAR(250),
IN iVis_Idioma VARCHAR(25),
IN iVis_Ip VARCHAR(50)
)
BEGIN
    INSERT INTO estadistica_visita(
	Vis_Explorador,
	Vis_Fecha,
	Vis_PaginaVisita,
	Vis_PaginaAnterior,
	Vis_SistemaOperativo,
	Vis_Idioma,
	Vis_Ip
	)
   VALUES(
	iVis_Explorador,
	NOW(),
	iVis_PaginaVisita,
	iVis_PaginaAnterior,
	iVis_SistemaOperativo,
	iVis_Idioma,
	iVis_Ip
);
    SELECT LAST_INSERT_ID();
END */$$
DELIMITER ;

/* Procedure structure for procedure `s_i_facultad` */

/*!50003 DROP PROCEDURE IF EXISTS  `s_i_facultad` */;

DELIMITER $$

/*!50003 CREATE DEFINER=`root`@`localhost` PROCEDURE `s_i_facultad`(
	IN iFac_Nombre VARCHAR(150) ,
	IN iFac_Direccion varCHAR(200) ,
	in iFac_Telefono varchar(100),
	in iFac_Estado TINYINT(1),
	in iRow_Estado tinyint(1)
    )
BEGIN
    INSERT INTO facultad(
	Fac_Nombre,
	Fac_Direccion,
	Fac_Telefono,
	Fac_Estado,
	Row_Estado
	)
   VALUES(
	iFac_Nombre,
	iFac_Direccion,
	iFac_Telefono,
	iFac_Estado,
	iRow_Estado
);
    SELECT LAST_INSERT_ID();
END */$$
DELIMITER ;

/* Procedure structure for procedure `s_i_pagina` */

/*!50003 DROP PROCEDURE IF EXISTS  `s_i_pagina` */;

DELIMITER $$

/*!50003 CREATE DEFINER=`root`@`localhost` PROCEDURE `s_i_pagina`(
	IN iPag_IdPrincipal INT(11) ,
	IN iPag_TipoPagina INT(11) ,
	IN iPag_Sistema VARCHAR(200),
	IN iPag_Nombre VARCHAR(200),
	IN iPag_Descripcion VARCHAR(250),
	IN iPag_Orden INT(11),
	IN iPag_Contenido longtext,
	IN iPag_Url VARCHAR(250),
	IN iPag_Selectable TINYINT(11),
	IN iPag_Estado TINYINT(11),
	IN iIdi_IdIdioma char(11)
    )
BEGIN
    INSERT INTO pagina(
	Pag_IdPrincipal,
	Pag_TipoPagina,
	Pag_Sistema,
	Pag_Nombre,
	Pag_Descripcion,
	Pag_Orden,
	Pag_Contenido,
	Pag_Url,
	Pag_Selectable,
	Pag_Estado,
	Idi_IdIdioma
	)
   VALUES(
	iPag_IdPrincipal,
	iPag_TipoPagina,
	iPag_Sistema,
	iPag_Nombre,
	iPag_Descripcion,
	iPag_Orden,
	iPag_Contenido,
	iPag_Url,
	iPag_Selectable,
	iPag_Estado,
	iIdi_IdIdioma
);
    SELECT LAST_INSERT_ID();
END */$$
DELIMITER ;

/* Procedure structure for procedure `s_i_permisos` */

/*!50003 DROP PROCEDURE IF EXISTS  `s_i_permisos` */;

DELIMITER $$

/*!50003 CREATE DEFINER=`root`@`localhost` PROCEDURE `s_i_permisos`(
	IN iPer_Nombre VARCHAR(100) ,
	IN iPer_Ckey VARCHAR(50) ,
	IN iMod_IdModulo int(11),
	IN iIdi_IdIdioma CHAR(5) 
    )
BEGIN
    INSERT INTO permisos(
	Per_Nombre,
	Per_Ckey,
	Mod_IdModulo,
	Idi_IdIdioma,
	Per_Estado,
	Row_Estado
	)
   VALUES(
	iPer_Nombre,
	iPer_Ckey,
	iMod_IdModulo,
	iIdi_IdIdioma,
	1,1
);
    SELECT LAST_INSERT_ID();
END */$$
DELIMITER ;

/* Procedure structure for procedure `s_i_rol` */

/*!50003 DROP PROCEDURE IF EXISTS  `s_i_rol` */;

DELIMITER $$

/*!50003 CREATE DEFINER=`root`@`localhost` PROCEDURE `s_i_rol`(
	IN iRol_Nombre VARCHAR(100) ,
	IN iIdi_IdIdioma CHAR(11) ,
	in iRol_Estado tinyint(1)
    )
BEGIN
    INSERT INTO rol(
	Rol_Nombre,
	Idi_IdIdioma,
	Rol_Estado,
	Row_Estado
	)
   VALUES(
	iRol_Nombre,
	iIdi_IdIdioma,
	iRol_Estado,
	1
);
    SELECT LAST_INSERT_ID();
END */$$
DELIMITER ;

/* Procedure structure for procedure `s_i_usuario` */

/*!50003 DROP PROCEDURE IF EXISTS  `s_i_usuario` */;

DELIMITER $$

/*!50003 CREATE DEFINER=`root`@`localhost` PROCEDURE `s_i_usuario`(
	IN iUsu_Nombre VARCHAR(50) ,
	IN iUsu_Apellidos VARCHAR(250) ,
	IN iUsu_DocumentoIdentidad INT (11),
	IN iUsu_Direccion VARCHAR(250),
	IN iUsu_Telefono VARCHAR(250),
	IN iUsu_InstitucionLaboral VARCHAR(250),
	IN iUsu_Cargo VARCHAR(200),
	IN iUsu_Usuario VARCHAR(50),
	IN iUsu_Password VARCHAR(250),
	IN iUsu_Email VARCHAR(100),
	IN iUsu_Fecha DATEtime,
	IN iUsu_FechaUltimoAcceso datetime,
	IN iUsu_Estado TINYINT(1),
	IN iUsu_Codigo VARCHAR(250),
	in iRow_Estado tinyint(1)
    )
BEGIN
    INSERT INTO usuario(
	Usu_Nombre,
	Usu_Apellidos,
	Usu_DocumentoIdentidad,
	Usu_Direccion,
	Usu_Telefono,
	Usu_InstitucionLaboral,
	Usu_Cargo,
	Usu_Usuario,
	Usu_Password,
	Usu_Email,
	Usu_Fecha,
	Usu_FechaUltimoAcceso,
	Usu_Estado,
	Usu_Codigo,
	Row_Estado
	)
   VALUES(
	iUsu_Nombre,
	iUsu_Apellidos,
	iUsu_DocumentoIdentidad,
	iUsu_Direccion,
	iUsu_Telefono,
	iUsu_InstitucionLaboral,
	iUsu_Cargo,
	iUsu_Usuario,
	iUsu_Password,
	iUsu_Email,
	iUsu_Fecha,
	iUsu_FechaUltimoAcceso,
	iUsu_Estado,
	iUsu_Codigo,
	iRow_Estado
);
    SELECT LAST_INSERT_ID();
END */$$
DELIMITER ;

/* Procedure structure for procedure `s_i_usuario_login` */

/*!50003 DROP PROCEDURE IF EXISTS  `s_i_usuario_login` */;

DELIMITER $$

/*!50003 CREATE DEFINER=`root`@`localhost` PROCEDURE `s_i_usuario_login`(
	IN iUsu_Nombre VARCHAR(50),
	IN iUsu_Apellidos VARCHAR(250),
	IN iUsu_Usuario VARCHAR(150),
	IN iUsu_Password VARCHAR(250),
	IN iUsu_Email VARCHAR(150),
	IN iUsu_Fecha DATEtime,
	IN iUsu_FechaUltimoAcceso DATETIME,
	IN iUsu_Estado TINYINT(1),
	IN iUsu_Codigo VARCHAR(250),
	in iRow_Estado tinyint(1)
    )
BEGIN
    INSERT INTO usuario(
	Usu_Nombre,
	Usu_Apellidos,
	Usu_Usuario,
	Usu_Password,
	Usu_Email,
	Usu_Fecha,
	Usu_FechaUltimoAcceso,
	Usu_Estado,
	Usu_Codigo,
	Row_Estado
	)
   VALUES(
	iUsu_Nombre,
	iUsu_Apellidos,
	iUsu_Usuario,
	iUsu_Password,
	iUsu_Email,
	iUsu_Fecha,
	iUsu_FechaUltimoAcceso,
	iUsu_Estado,
	iUsu_Codigo,
	iRow_Estado
);
    SELECT LAST_INSERT_ID();
END */$$
DELIMITER ;

/* Procedure structure for procedure `s_i_usuario_login_gmail` */

/*!50003 DROP PROCEDURE IF EXISTS  `s_i_usuario_login_gmail` */;

DELIMITER $$

/*!50003 CREATE DEFINER=`root`@`localhost` PROCEDURE `s_i_usuario_login_gmail`(
	IN iUsu_Nombre VARCHAR(50),
	IN iUsu_Apellidos VARCHAR(250),
	IN iUsu_Usuario VARCHAR(150),
	IN iUsu_Email VARCHAR(150),
	IN iUsu_Fecha DATEtime,
	IN iUsu_FechaUltimoAcceso DATETIME,
	IN iUsu_Estado TINYINT(1),
	IN iUsu_Codigo VARCHAR(250),
	in iRow_Estado tinyint(1)
    )
BEGIN
    INSERT INTO usuario(
	Usu_Nombre,
	Usu_Apellidos,
	Usu_Usuario,
	Usu_Email,
	Usu_Fecha,
	Usu_FechaUltimoAcceso,
	Usu_Estado,
	Usu_Codigo,
	Row_Estado
	)
   VALUES(
	iUsu_Nombre,
	iUsu_Apellidos,
	iUsu_Usuario,
	iUsu_Email,
	iUsu_Fecha,
	iUsu_FechaUltimoAcceso,
	iUsu_Estado,
	iUsu_Codigo,
	iRow_Estado
);
    SELECT LAST_INSERT_ID();
END */$$
DELIMITER ;

/* Procedure structure for procedure `s_s_bitacora_evento_sistema` */

/*!50003 DROP PROCEDURE IF EXISTS  `s_s_bitacora_evento_sistema` */;

DELIMITER $$

/*!50003 CREATE DEFINER=`root`@`localhost` PROCEDURE `s_s_bitacora_evento_sistema`(IN iBit_Descripcion VARCHAR(1000) )
SELECT * FROM bitacora_evento_sistema be
WHERE be.Bit_Descripcion like   CONCAT('%', iBit_Descripcion ,'%') */$$
DELIMITER ;

/* Procedure structure for procedure `s_s_ListarBitacoraErrores` */

/*!50003 DROP PROCEDURE IF EXISTS  `s_s_ListarBitacoraErrores` */;

DELIMITER $$

/*!50003 CREATE DEFINER=`root`@`localhost` PROCEDURE `s_s_ListarBitacoraErrores`(
IN iano VARCHAR(10),
IN imes VARCHAR(10),
IN iEvs_Tipo VARCHAR(250)
)
select 
		B.Bit_IdBitacora,
		E.Evs_Tipo,
		E.Evs_Descripcion,
		B.Bit_NombrePagina,
		B.Bit_Fecha
	from 
		evento_sistema as E 
		left join bitacora_evento_sistema as B on (E.Evs_IdEventoSistema = B.Evs_IdEventoSistema)
	where
		E.Evs_Tipo like CONCAT('%', iEvs_Tipo ,'%') and
		YEAR(B.Bit_Fecha) like case when iano is null then '%' else CONCAT('%', iano ,'%') end and 
		Month(B.Bit_Fecha) like case when imes is null then '%' else CONCAT('%', imes ,'%') end
	order by B.Bit_Fecha desc */$$
DELIMITER ;

/* Procedure structure for procedure `s_s_Buscar_Pagina` */

/*!50003 DROP PROCEDURE IF EXISTS  `s_s_Buscar_Pagina` */;

DELIMITER $$

/*!50003 CREATE DEFINER=`root`@`localhost` PROCEDURE `s_s_Buscar_Pagina`(
IN iPag_IdPrincipal int(11),
IN iPag_TipoPagina int(11),
IN iPag_Nombre VARCHAR(200),
IN iIdi_IdIdioma char(11) 
)
SELECT p.* FROM (
	SELECT 
	pa.Pag_IdPagina,
	pa.Pag_IdPrincipal,
	pa.Pag_TipoPagina,
	pa.Pag_Sistema,
	fn_TraducirContenido('pagina','Pag_Nombre',pa.Pag_IdPagina,iIdi_IdIdioma,pa.Pag_Nombre) Pag_Nombre,
	fn_TraducirContenido('pagina','Pag_Descripcion',pa.Pag_IdPagina,iIdi_IdIdioma,pa.Pag_Descripcion) Pag_Descripcion,
	pa.Pag_Orden,
	fn_TraducirContenido('pagina','Pag_Contenido',pa.Pag_IdPagina,iIdi_IdIdioma,pa.Pag_Contenido) Pag_Contenido,
	pa.Pag_Url,
	pa.Pag_Selectable,
	pa.Pag_Estado,
	fn_devolverIdioma('pagina',pa.Pag_IdPagina,iIdi_IdIdioma,pa.Idi_IdIdioma) Idi_IdIdioma
	
	FROM pagina pa) p WHERE p.Pag_IdPrincipal = iPag_IdPrincipal and
	CASE WHEN iPag_Nombre IS NULL THEN  p.Pag_Nombre LIKE '%' ELSE  p.Pag_Nombre LIKE CONCAT('%', iPag_Nombre ,'%') ENd */$$
DELIMITER ;

/* Procedure structure for procedure `s_s_Buscar_Tipo_Pagina` */

/*!50003 DROP PROCEDURE IF EXISTS  `s_s_Buscar_Tipo_Pagina` */;

DELIMITER $$

/*!50003 CREATE DEFINER=`root`@`localhost` PROCEDURE `s_s_Buscar_Tipo_Pagina`(
IN iPag_IdPrincipal int(11),
IN iPag_TipoPagina int(11),
IN iPag_Nombre VARCHAR(200),
IN iIdi_IdIdioma char(11) 
)
SELECT p.* FROM (
	SELECT 
	pa.Pag_IdPagina,
	pa.Pag_IdPrincipal,
	pa.Pag_TipoPagina,
	pa.Pag_Sistema,
	fn_TraducirContenido('pagina','Pag_Nombre',pa.Pag_IdPagina,iIdi_IdIdioma,pa.Pag_Nombre) Pag_Nombre,
	fn_TraducirContenido('pagina','Pag_Descripcion',pa.Pag_IdPagina,iIdi_IdIdioma,pa.Pag_Descripcion) Pag_Descripcion,
	pa.Pag_Orden,
	fn_TraducirContenido('pagina','Pag_Contenido',pa.Pag_IdPagina,iIdi_IdIdioma,pa.Pag_Contenido) Pag_Contenido,
	pa.Pag_Url,
	pa.Pag_Selectable,
	pa.Pag_Estado,
	fn_devolverIdioma('pagina',pa.Pag_IdPagina,iIdi_IdIdioma,pa.Idi_IdIdioma) Idi_IdIdioma
	
	FROM pagina pa) p WHERE p.Pag_IdPrincipal = iPag_IdPrincipal and p.Pag_TipoPagina = iPag_TipoPagina and
	CASE WHEN iPag_Nombre IS NULL THEN  p.Pag_Nombre LIKE '%' ELSE  p.Pag_Nombre LIKE CONCAT('%', iPag_Nombre ,'%') ENd */$$
DELIMITER ;

/* Procedure structure for procedure `s_s_ListarVisita` */

/*!50003 DROP PROCEDURE IF EXISTS  `s_s_ListarVisita` */;

DELIMITER $$

/*!50003 CREATE DEFINER=`root`@`localhost` PROCEDURE `s_s_ListarVisita`(
IN iano VARCHAR(10),
IN imes VARCHAR(10)
)
SELECT 
		V.Vis_IdVisita,
		V.Vis_Explorador,
		V.Vis_Fecha,
		V.Vis_PaginaVisita,
		V.Vis_PaginaAnterior,
		V.Vis_SistemaOperativo,
		V.Vis_Idioma,
		V.Vis_Ip
	FROM 
		estadistica_visita AS V
	WHERE
		YEAR(V.Vis_Fecha) LIKE CASE WHEN iano IS NULL THEN '%' ELSE CONCAT('%', iano ,'%') END AND 
		MONTH(V.Vis_Fecha) LIKE CASE WHEN imes IS NULL THEN '%' ELSE CONCAT('%', imes ,'%') END
	ORDER BY V.Vis_Fecha DESC */$$
DELIMITER ;

/* Procedure structure for procedure `s_s_listar_ciclo` */

/*!50003 DROP PROCEDURE IF EXISTS  `s_s_listar_ciclo` */;

DELIMITER $$

/*!50003 CREATE DEFINER=`root`@`localhost` PROCEDURE `s_s_listar_ciclo`( 
	IN iPagina INT(11),
	IN iRegistrosXPagina INT(11),
	in iRow_Estado tinyint(1)
)
BEGIN
	DECLARE registroInicio INT;
	IF iPagina > 0 THEN 
		SET registroInicio = (iPagina - 1) * iRegistrosXPagina;
		if iRow_Estado = 1 then
			SELECT c.* FROM ciclo c
			where Row_Estado = iRow_Estado 
			LIMIT registroInicio,iRegistrosXPagina;
		else
			SELECT c.* FROM ciclo c
			ORDER BY Row_Estado DESC 
			LIMIT registroInicio,iRegistrosXPagina;
		end if;
	ELSE 
		IF iRow_Estado = 1 THEN			
			SELECT c.* FROM ciclo c
			WHERE Row_Estado = iRow_Estado 
			LIMIT 0,iRegistrosXPagina;
		else 	
			SELECT c.* FROM ciclo c
			ORDER BY Row_Estado DESC 
			LIMIT 0,iRegistrosXPagina;
		END IF;
	END IF;
END */$$
DELIMITER ;

/* Procedure structure for procedure `s_s_listar_curriculas` */

/*!50003 DROP PROCEDURE IF EXISTS  `s_s_listar_curriculas` */;

DELIMITER $$

/*!50003 CREATE DEFINER=`root`@`localhost` PROCEDURE `s_s_listar_curriculas`( 
	IN iPagina INT(11),
	IN iRegistrosXPagina INT(11),
	in iRow_Estado tinyint(1)
)
BEGIN
	DECLARE registroInicio INT;
	IF iPagina > 0 THEN 
		SET registroInicio = (iPagina - 1) * iRegistrosXPagina;
		if iRow_Estado = 1 then
			SELECT c.*, e.Esc_Nombre FROM curricula c
			inner join escuela e on c.Esc_IdEscuela = e.Esc_IdEscuela 
			where Row_Estado = iRow_Estado 
			LIMIT registroInicio,iRegistrosXPagina;
		else
			SELECT c.*, e.Esc_Nombre FROM curricula c
			INNER JOIN escuela e ON c.Esc_IdEscuela = e.Esc_IdEscuela 
			ORDER BY Row_Estado DESC 
			LIMIT registroInicio,iRegistrosXPagina;
		end if;
	ELSE 
		IF iRow_Estado = 1 THEN			
			SELECT c.*, e.Esc_Nombre FROM curricula c
			INNER JOIN escuela e ON c.Esc_IdEscuela = e.Esc_IdEscuela   
			WHERE Row_Estado = iRow_Estado 
			LIMIT 0,iRegistrosXPagina;
		else 
			SELECT c.*, e.Esc_Nombre FROM curricula c
			INNER JOIN escuela e ON c.Esc_IdEscuela = e.Esc_IdEscuela 
			ORDER BY Row_Estado DESC 
			LIMIT 0,iRegistrosXPagina;
		END IF;
	END IF;
END */$$
DELIMITER ;

/* Procedure structure for procedure `s_s_listar_facultades` */

/*!50003 DROP PROCEDURE IF EXISTS  `s_s_listar_facultades` */;

DELIMITER $$

/*!50003 CREATE DEFINER=`root`@`localhost` PROCEDURE `s_s_listar_facultades`( 
	IN iPagina INT(11),
	IN iRegistrosXPagina INT(11),
	in iRow_Estado tinyint(1)
)
BEGIN
	DECLARE registroInicio INT;
	IF iPagina > 0 THEN 
		SET registroInicio = (iPagina - 1) * iRegistrosXPagina;
		if iRow_Estado = 1 then
			SELECT f.* FROM facultad f 
			where Row_Estado = iRow_Estado 
			LIMIT registroInicio,iRegistrosXPagina;
		else
			SELECT f.* FROM facultad f  
			ORDER BY Row_Estado DESC 
			LIMIT registroInicio,iRegistrosXPagina;
		end if;
	ELSE 
		IF iRow_Estado = 1 THEN			
			SELECT f.* FROM facultad f   
			WHERE Row_Estado = iRow_Estado 
			LIMIT 0,iRegistrosXPagina;
		else 
			SELECT f.* FROM facultad f 
			ORDER BY Row_Estado DESC 
			LIMIT 0,iRegistrosXPagina;
		END IF;
	END IF;
END */$$
DELIMITER ;

/* Procedure structure for procedure `s_s_listar_ids_permisos_x_id_rol` */

/*!50003 DROP PROCEDURE IF EXISTS  `s_s_listar_ids_permisos_x_id_rol` */;

DELIMITER $$

/*!50003 CREATE DEFINER=`root`@`localhost` PROCEDURE `s_s_listar_ids_permisos_x_id_rol`( 
	IN iRol_IdRol int(11) 
)
SELECT Per_IdPermiso FROM permisos_rol 
	WHERE Rol_IdRol = iRol_IdRol */$$
DELIMITER ;

/* Procedure structure for procedure `s_s_listar_modulos` */

/*!50003 DROP PROCEDURE IF EXISTS  `s_s_listar_modulos` */;

DELIMITER $$

/*!50003 CREATE DEFINER=`root`@`localhost` PROCEDURE `s_s_listar_modulos`( )
SELECT * FROM modulo WHERE Row_Estado = 1 */$$
DELIMITER ;

/* Procedure structure for procedure `s_s_listar_permisos_rol_x_id_rol` */

/*!50003 DROP PROCEDURE IF EXISTS  `s_s_listar_permisos_rol_x_id_rol` */;

DELIMITER $$

/*!50003 CREATE DEFINER=`root`@`localhost` PROCEDURE `s_s_listar_permisos_rol_x_id_rol`( 
	IN iRol_IdRol int(11) 
)
SELECT * FROM permisos_rol 
	WHERE Rol_IdRol = iRol_IdRol */$$
DELIMITER ;

/* Procedure structure for procedure `s_s_listar_permisos_usuario_x_id_usuario` */

/*!50003 DROP PROCEDURE IF EXISTS  `s_s_listar_permisos_usuario_x_id_usuario` */;

DELIMITER $$

/*!50003 CREATE DEFINER=`root`@`localhost` PROCEDURE `s_s_listar_permisos_usuario_x_id_usuario`( 
	IN iUsu_IdUsuario INT(11)
)
SELECT * FROM permisos_usuario WHERE Usu_IdUsuario = iUsu_IdUsuario */$$
DELIMITER ;

/* Procedure structure for procedure `s_s_listar_roles_x_id_usuario` */

/*!50003 DROP PROCEDURE IF EXISTS  `s_s_listar_roles_x_id_usuario` */;

DELIMITER $$

/*!50003 CREATE DEFINER=`root`@`localhost` PROCEDURE `s_s_listar_roles_x_id_usuario`( 
	IN iUsu_IdUsuario int(11) 
)
SELECT ur.Rol_IdRol, r.Rol_Nombre FROM usuario_rol ur 
	inner JOIN rol r ON ur.Rol_IdRol = r.Rol_IdRol  
	WHERE ur.Usu_IdUsuario = iUsu_IdUsuario */$$
DELIMITER ;

/* Procedure structure for procedure `s_s_ObtenerErroresMasComunes` */

/*!50003 DROP PROCEDURE IF EXISTS  `s_s_ObtenerErroresMasComunes` */;

DELIMITER $$

/*!50003 CREATE DEFINER=`root`@`localhost` PROCEDURE `s_s_ObtenerErroresMasComunes`(
IN iano VARCHAR(10),
IN imes VARCHAR(10),
IN iEvs_Tipo VARCHAR(250)
)
SELECT 
		E.Evs_Descripcion as descripcion , 
		COUNT(B.Bit_IdBitacora) As N
	FROM 
		evento_sistema AS E 
		LEFT JOIN bitacora_evento_sistema AS B ON (E.Evs_IdEventoSistema = B.Evs_IdEventoSistema)
	WHERE
		E.Evs_Tipo LIKE CONCAT('%', iEvs_Tipo ,'%') AND
		YEAR(B.Bit_Fecha) LIKE CASE WHEN iano IS NULL THEN '%' ELSE CONCAT('%', iano ,'%') END AND 
		MONTH(B.Bit_Fecha) LIKE CASE WHEN imes IS NULL THEN '%' ELSE CONCAT('%', imes ,'%') END
	GROUP BY (E.Evs_Descripcion)		
	ORDER BY COUNT(E.Evs_Descripcion) DESC
	LIMIT 7 */$$
DELIMITER ;

/* Procedure structure for procedure `s_s_listar_horarios` */

/*!50003 DROP PROCEDURE IF EXISTS  `s_s_listar_horarios` */;

DELIMITER $$

/*!50003 CREATE DEFINER=`root`@`localhost` PROCEDURE `s_s_listar_horarios`( 
	IN iPagina INT(11),
	IN iRegistrosXPagina INT(11),
	in iRow_Estado tinyint(1)
)
BEGIN
	DECLARE registroInicio INT;
	IF iPagina > 0 THEN 
		SET registroInicio = (iPagina - 1) * iRegistrosXPagina;
		if iRow_Estado = 1 then
			SELECT h.*, a.Amb_Nombre FROM horario h 
			INNER JOIN ambiente a ON h.Amb_IdAmbiente = a.Amb_IdAmbiente
			where Row_Estado = iRow_Estado 
			LIMIT registroInicio,iRegistrosXPagina;
		else
			SELECT h.*, a.Amb_Nombre FROM horario h 
			INNER JOIN ambiente a ON h.Amb_IdAmbiente = a.Amb_IdAmbiente
 
			ORDER BY Row_Estado DESC 
			LIMIT registroInicio,iRegistrosXPagina;
		end if;
	ELSE 
		IF iRow_Estado = 1 THEN			
			SELECT h.*, a.Amb_Nombre FROM horario h 
			INNER JOIN ambiente a ON h.Amb_IdAmbiente = a.Amb_IdAmbiente
 
			WHERE Row_Estado = iRow_Estado 
			LIMIT 0,iRegistrosXPagina;
		else 
			SELECT h.*, a.Amb_Nombre FROM horario h 
			INNER JOIN ambiente a ON h.Amb_IdAmbiente = a.Amb_IdAmbiente 
			ORDER BY Row_Estado DESC 
			LIMIT 0,iRegistrosXPagina;
		END IF;
	END IF;
END */$$
DELIMITER ;

/* Procedure structure for procedure `s_s_listar_permisos_con_modulo` */

/*!50003 DROP PROCEDURE IF EXISTS  `s_s_listar_permisos_con_modulo` */;

DELIMITER $$

/*!50003 CREATE DEFINER=`root`@`localhost` PROCEDURE `s_s_listar_permisos_con_modulo`( 
	IN iPagina INT(11),
	IN iRegistrosXPagina INT(11),
	in iRow_Estado tinyint(1)
)
BEGIN
	DECLARE registroInicio INT;
	IF iPagina > 0 THEN 
		SET registroInicio = (iPagina - 1) * iRegistrosXPagina;
		if iRow_Estado = 1 then
			SELECT p.*, m.Mod_Nombre FROM permisos p
			LEFT JOIN modulo m ON p.Mod_IdModulo = m.Mod_IdModulo  
			where p.Row_Estado = iRow_Estado 
			LIMIT registroInicio,iRegistrosXPagina;
		else
			SELECT p.*, m.Mod_Nombre FROM permisos p
			LEFT JOIN modulo m ON p.Mod_IdModulo = m.Mod_IdModulo 
			ORDER BY p.Row_Estado DESC 
			LIMIT registroInicio,iRegistrosXPagina;
		end if;
	ELSE 
		IF iRow_Estado = 1 THEN						
			SELECT p.*, m.Mod_Nombre FROM permisos p
			LEFT JOIN modulo m ON p.Mod_IdModulo = m.Mod_IdModulo  
			WHERE p.Row_Estado = iRow_Estado
			LIMIT 0,iRegistrosXPagina;
		else 
			SELECT p.*, m.Mod_Nombre FROM permisos p
			LEFT JOIN modulo m ON p.Mod_IdModulo = m.Mod_IdModulo  
			ORDER BY p.Row_Estado DESC 
			LIMIT 0,iRegistrosXPagina;
		END IF;
	END IF;
END */$$
DELIMITER ;

/* Procedure structure for procedure `s_s_listar_roles_con_modulo` */

/*!50003 DROP PROCEDURE IF EXISTS  `s_s_listar_roles_con_modulo` */;

DELIMITER $$

/*!50003 CREATE DEFINER=`root`@`localhost` PROCEDURE `s_s_listar_roles_con_modulo`( 
	IN iPagina INT(11),
	IN iRegistrosXPagina INT(11),
	in iRow_Estado tinyint(1)
)
BEGIN
	DECLARE registroInicio INT;
	IF iPagina > 0 THEN 
		SET registroInicio = (iPagina - 1) * iRegistrosXPagina;
		if iRow_Estado = 1 then
			SELECT r.*, m.Mod_Nombre FROM rol r
			LEFT JOIN modulo m ON r.Mod_IdModulo = m.Mod_IdModulo  
			where Row_Estado = iRow_Estado 
			LIMIT registroInicio,iRegistrosXPagina;
		else
			SELECT r.*, m.Mod_Nombre FROM rol r
			LEFT JOIN modulo m ON r.Mod_IdModulo = m.Mod_IdModulo 
			ORDER BY Row_Estado DESC 
			LIMIT registroInicio,iRegistrosXPagina;
		end if;
	ELSE 
		IF iRow_Estado = 1 THEN			
			SELECT r.*, m.Mod_Nombre FROM rol r
			LEFT JOIN modulo m ON r.Mod_IdModulo = m.Mod_IdModulo  
			WHERE Row_Estado = iRow_Estado 
			LIMIT 0,iRegistrosXPagina;
		else 
			SELECT r.*, m.Mod_Nombre FROM rol r
			LEFT JOIN modulo m ON r.Mod_IdModulo = m.Mod_IdModulo 
			ORDER BY Row_Estado DESC 
			LIMIT 0,iRegistrosXPagina;
		END IF;
	END IF;
END */$$
DELIMITER ;

/* Procedure structure for procedure `s_s_ObtenerExplorador` */

/*!50003 DROP PROCEDURE IF EXISTS  `s_s_ObtenerExplorador` */;

DELIMITER $$

/*!50003 CREATE DEFINER=`root`@`localhost` PROCEDURE `s_s_ObtenerExplorador`(
IN iano VARCHAR(10),
IN imes VARCHAR(10)
)
SELECT 
		V.Vis_Explorador  AS descripcion ,
 		COUNT(V.Vis_Explorador) AS N
	FROM 
		estadistica_visita AS V
	WHERE
		YEAR(V.Vis_Fecha) LIKE CASE WHEN iano IS NULL THEN '%' ELSE CONCAT('%', iano ,'%') END AND 
		MONTH(V.Vis_Fecha) LIKE CASE WHEN imes IS NULL THEN '%' ELSE CONCAT('%', imes ,'%') END
	GROUP BY (V.Vis_Explorador)
	ORDER BY COUNT(V.Vis_Fecha) DESC
	limit 10 */$$
DELIMITER ;

/* Procedure structure for procedure `s_s_ObtenerIpMasFrecuentes` */

/*!50003 DROP PROCEDURE IF EXISTS  `s_s_ObtenerIpMasFrecuentes` */;

DELIMITER $$

/*!50003 CREATE DEFINER=`root`@`localhost` PROCEDURE `s_s_ObtenerIpMasFrecuentes`(
IN iano VARCHAR(10),
IN imes VARCHAR(10)
)
SELECT 
		V.Vis_Ip AS descripcion ,
		COUNT(V.Vis_Ip)  AS N
	FROM 
		estadistica_visita AS V
	WHERE
		YEAR(V.Vis_Fecha) LIKE CASE WHEN iano IS NULL THEN '%' ELSE CONCAT('%', iano ,'%') END AND 
		MONTH(V.Vis_Fecha) LIKE CASE WHEN imes IS NULL THEN '%' ELSE CONCAT('%', imes ,'%') END
	GROUP BY (V.Vis_Ip )
	ORDER BY COUNT(V.Vis_Fecha) DESC
	limit 10 */$$
DELIMITER ;

/* Procedure structure for procedure `s_s_ObtenerOrigenesDeVisitas` */

/*!50003 DROP PROCEDURE IF EXISTS  `s_s_ObtenerOrigenesDeVisitas` */;

DELIMITER $$

/*!50003 CREATE DEFINER=`root`@`localhost` PROCEDURE `s_s_ObtenerOrigenesDeVisitas`(
IN iano VARCHAR(10),
IN imes VARCHAR(10)
)
SELECT 
		V.Vis_PaginaAnterior AS descripcion ,
		COUNT(V.Vis_PaginaAnterior)  AS N
	FROM 
		estadistica_visita AS V
	WHERE
		YEAR(V.Vis_Fecha) LIKE CASE WHEN iano IS NULL THEN '%' ELSE CONCAT('%', iano ,'%') END AND 
		MONTH(V.Vis_Fecha) LIKE CASE WHEN imes IS NULL THEN '%' ELSE CONCAT('%', imes ,'%') END
	GROUP BY (V.Vis_PaginaAnterior)
	ORDER BY COUNT(V.Vis_Fecha) DESC
	limit 10 */$$
DELIMITER ;

/* Procedure structure for procedure `s_s_ObtenerPaginasConMasErrores` */

/*!50003 DROP PROCEDURE IF EXISTS  `s_s_ObtenerPaginasConMasErrores` */;

DELIMITER $$

/*!50003 CREATE DEFINER=`root`@`localhost` PROCEDURE `s_s_ObtenerPaginasConMasErrores`(
IN iano VARCHAR(10),
IN imes VARCHAR(10),
IN iEvs_Tipo VARCHAR(250)
)
SELECT 
		B.Bit_NombrePagina as descripcion , 
		COUNT(B.Bit_IdBitacora) As N
	FROM 
		evento_sistema AS E 
		LEFT JOIN bitacora_evento_sistema AS B ON (E.Evs_IdEventoSistema = B.Evs_IdEventoSistema)
	WHERE
		E.Evs_Tipo LIKE CONCAT('%', iEvs_Tipo ,'%') AND
		YEAR(B.Bit_Fecha) LIKE CASE WHEN iano IS NULL THEN '%' ELSE CONCAT('%', iano ,'%') END AND 
		MONTH(B.Bit_Fecha) LIKE CASE WHEN imes IS NULL THEN '%' ELSE CONCAT('%', imes ,'%') END
	GROUP BY (B.Bit_NombrePagina)		
	ORDER BY COUNT(E.Evs_Descripcion) DESC
	LIMIT 7 */$$
DELIMITER ;

/* Procedure structure for procedure `s_s_ObtenerPaginasMasVisitadas` */

/*!50003 DROP PROCEDURE IF EXISTS  `s_s_ObtenerPaginasMasVisitadas` */;

DELIMITER $$

/*!50003 CREATE DEFINER=`root`@`localhost` PROCEDURE `s_s_ObtenerPaginasMasVisitadas`(
IN iano VARCHAR(10),
IN imes VARCHAR(10)
)
SELECT 
		V.Vis_PaginaVisita AS descripcion,
 		COUNT(V.Vis_PaginaVisita) AS N
	FROM 
		estadistica_visita AS V
	WHERE
		YEAR(V.Vis_Fecha) LIKE CASE WHEN iano IS NULL THEN '%' ELSE CONCAT('%', iano ,'%') END AND 
		MONTH(V.Vis_Fecha) LIKE CASE WHEN imes IS NULL THEN '%' ELSE CONCAT('%', imes ,'%') END
	GROUP BY (V.Vis_PaginaVisita)
	ORDER BY COUNT(V.Vis_Fecha) DESC
	limit 10 */$$
DELIMITER ;

/* Procedure structure for procedure `s_s_obtener_ckey_permiso_x_id` */

/*!50003 DROP PROCEDURE IF EXISTS  `s_s_obtener_ckey_permiso_x_id` */;

DELIMITER $$

/*!50003 CREATE DEFINER=`root`@`localhost` PROCEDURE `s_s_obtener_ckey_permiso_x_id`( 
	IN iPer_IdPermiso int(11) 
)
select Per_Ckey as `key` from permisos where Per_IdPermiso = iPer_IdPermiso */$$
DELIMITER ;

/* Procedure structure for procedure `s_s_obtener_id_rol_x_ckey` */

/*!50003 DROP PROCEDURE IF EXISTS  `s_s_obtener_id_rol_x_ckey` */;

DELIMITER $$

/*!50003 CREATE DEFINER=`root`@`localhost` PROCEDURE `s_s_obtener_id_rol_x_ckey`( 
	IN iRol_Ckey VARCHAR(70) 
)
SELECT Rol_IdRol,Rol_Nombre FROM rol WHERE Rol_Ckey = iRol_Ckey */$$
DELIMITER ;

/* Procedure structure for procedure `s_s_obtener_nombre_permiso_x_id` */

/*!50003 DROP PROCEDURE IF EXISTS  `s_s_obtener_nombre_permiso_x_id` */;

DELIMITER $$

/*!50003 CREATE DEFINER=`root`@`localhost` PROCEDURE `s_s_obtener_nombre_permiso_x_id`( 
	IN iPer_IdPermiso int(11) 
)
SELECT Per_Nombre FROM permisos where Per_IdPermiso = iPer_IdPermiso */$$
DELIMITER ;

/* Procedure structure for procedure `s_s_obtener_nombre_rol_x_id` */

/*!50003 DROP PROCEDURE IF EXISTS  `s_s_obtener_nombre_rol_x_id` */;

DELIMITER $$

/*!50003 CREATE DEFINER=`root`@`localhost` PROCEDURE `s_s_obtener_nombre_rol_x_id`( 
	IN iRol_IdRol int(11) 
)
SELECT Rol_Nombre FROM rol WHERE Rol_IdRol = iRol_IdRol */$$
DELIMITER ;

/* Procedure structure for procedure `s_u_cambiar_estado_ciclo` */

/*!50003 DROP PROCEDURE IF EXISTS  `s_u_cambiar_estado_ciclo` */;

DELIMITER $$

/*!50003 CREATE DEFINER=`root`@`localhost` PROCEDURE `s_u_cambiar_estado_ciclo`(
	IN iIdRegistro int(11),
	IN iEstadoRegistro tinyint(1)
)
UPDATE ciclo SET Cic_Estado = iEstadoRegistro WHERE Cic_IdCiclo = iIdRegistro */$$
DELIMITER ;

/* Procedure structure for procedure `s_u_cambiar_estado_curricula` */

/*!50003 DROP PROCEDURE IF EXISTS  `s_u_cambiar_estado_curricula` */;

DELIMITER $$

/*!50003 CREATE DEFINER=`root`@`localhost` PROCEDURE `s_u_cambiar_estado_curricula`(
	IN iIdRegistro int(11),
	IN iEstadoRegistro tinyint(1)
)
UPDATE curricula SET Cui_Estado = iEstadoRegistro WHERE Cui_IdCurricula = iIdRegistro */$$
DELIMITER ;

/* Procedure structure for procedure `s_u_cambiar_estado_facultad` */

/*!50003 DROP PROCEDURE IF EXISTS  `s_u_cambiar_estado_facultad` */;

DELIMITER $$

/*!50003 CREATE DEFINER=`root`@`localhost` PROCEDURE `s_u_cambiar_estado_facultad`(
	IN iFac_IdFacultad int(11),
	IN iFac_Estado tinyint(1)
)
UPDATE facultad SET Fac_Estado = iFac_Estado WHERE Fac_IdFacultad = iFac_IdFacultad */$$
DELIMITER ;

/* Procedure structure for procedure `s_u_cambiar_estado_permiso` */

/*!50003 DROP PROCEDURE IF EXISTS  `s_u_cambiar_estado_permiso` */;

DELIMITER $$

/*!50003 CREATE DEFINER=`root`@`localhost` PROCEDURE `s_u_cambiar_estado_permiso`(
	IN iPer_IdPermiso int(11),
	IN iPer_Estado tinyint(1)
)
UPDATE permisos SET Per_Estado = iPer_Estado WHERE Per_IdPermiso = iPer_IdPermiso */$$
DELIMITER ;

/* Procedure structure for procedure `s_u_cambiar_estado_rol` */

/*!50003 DROP PROCEDURE IF EXISTS  `s_u_cambiar_estado_rol` */;

DELIMITER $$

/*!50003 CREATE DEFINER=`root`@`localhost` PROCEDURE `s_u_cambiar_estado_rol`(
	IN iRol_IdRol int(11),
	IN iRol_Estado tinyint(1)
)
UPDATE rol SET Rol_Estado = iRol_Estado WHERE Rol_IdRol = iRol_IdRol */$$
DELIMITER ;

/* Procedure structure for procedure `s_u_cambiar_nombre_rol` */

/*!50003 DROP PROCEDURE IF EXISTS  `s_u_cambiar_nombre_rol` */;

DELIMITER $$

/*!50003 CREATE DEFINER=`root`@`localhost` PROCEDURE `s_u_cambiar_nombre_rol`(
	IN iRol_IdRol int(11),
	IN iRol_Nombre VARCHAR(100)
)
UPDATE rol SET Rol_Nombre = iRol_Nombre where Rol_IdRol = iRol_IdRol */$$
DELIMITER ;

/* Procedure structure for procedure `s_u_contenido_traducido` */

/*!50003 DROP PROCEDURE IF EXISTS  `s_u_contenido_traducido` */;

DELIMITER $$

/*!50003 CREATE DEFINER=`root`@`localhost` PROCEDURE `s_u_contenido_traducido`(
IN iCot_IdContenidoTraducido INT(11),
IN iCot_Tabla VARCHAR(100),
IN iCot_IdRegistro INT(11),
IN iCot_Columna VARCHAR(100),
IN iIdi_IdIdioma CHAR(5),
IN iCot_Traduccion LONGTEXT
)
UPDATE contenido_traducido SET 
 Cot_Tabla=iCot_Tabla,
   Cot_IdRegistro=iCot_IdRegistro,
   Cot_Columna=iCot_Columna,
   Idi_IdIdioma=iIdi_IdIdioma,
   Cot_Traduccion=iCot_Traduccion 
WHERE Cot_IdContenidoTraducido=iCot_IdContenidoTraducido */$$
DELIMITER ;

/* Procedure structure for procedure `s_u_editar_facultad` */

/*!50003 DROP PROCEDURE IF EXISTS  `s_u_editar_facultad` */;

DELIMITER $$

/*!50003 CREATE DEFINER=`root`@`localhost` PROCEDURE `s_u_editar_facultad`(
	IN iFac_IdFacultad int(11),
	IN iFac_Nombre VARCHAR(150),
	IN iFac_Direccion VARCHAR(200),
	IN iFac_Telefono VARCHAR(100)
)
UPDATE facultad SET Fac_Nombre = iFac_Nombre, Fac_Direccion = iFac_Direccion, Fac_Telefono = iFac_Telefono 
where Fac_IdFacultad = iFac_IdFacultad */$$
DELIMITER ;

/* Procedure structure for procedure `s_u_habilitar_deshabilitar_ciclo` */

/*!50003 DROP PROCEDURE IF EXISTS  `s_u_habilitar_deshabilitar_ciclo` */;

DELIMITER $$

/*!50003 CREATE DEFINER=`root`@`localhost` PROCEDURE `s_u_habilitar_deshabilitar_ciclo`(
	IN iCic_IdCiclo int(11),
	IN iRow_Estado tinyint(1)
)
UPDATE ciclo SET Row_Estado = iRow_Estado WHERE Cic_IdCiclo = iCic_IdCiclo */$$
DELIMITER ;

/* Procedure structure for procedure `s_u_habilitar_deshabilitar_curricula` */

/*!50003 DROP PROCEDURE IF EXISTS  `s_u_habilitar_deshabilitar_curricula` */;

DELIMITER $$

/*!50003 CREATE DEFINER=`root`@`localhost` PROCEDURE `s_u_habilitar_deshabilitar_curricula`(
	IN iCui_IdCurricula int(11),
	IN iRow_Estado tinyint(1)
)
UPDATE curricula SET Row_Estado = iRow_Estado WHERE Cui_IdCurricula = iCui_IdCurricula */$$
DELIMITER ;

/* Procedure structure for procedure `s_u_habilitar_deshabilitar_facultad` */

/*!50003 DROP PROCEDURE IF EXISTS  `s_u_habilitar_deshabilitar_facultad` */;

DELIMITER $$

/*!50003 CREATE DEFINER=`root`@`localhost` PROCEDURE `s_u_habilitar_deshabilitar_facultad`(
	IN iFac_IdFacultad int(11),
	IN iRow_Estado tinyint(1)
)
UPDATE facultad SET Row_Estado = iRow_Estado WHERE Fac_IdFacultad = iFac_IdFacultad */$$
DELIMITER ;

/* Procedure structure for procedure `s_u_habilitar_deshabilitar_rol` */

/*!50003 DROP PROCEDURE IF EXISTS  `s_u_habilitar_deshabilitar_rol` */;

DELIMITER $$

/*!50003 CREATE DEFINER=`root`@`localhost` PROCEDURE `s_u_habilitar_deshabilitar_rol`(
	IN iRol_IdRol int(11),
	IN iRow_Estado tinyint(1)
)
UPDATE rol SET Row_Estado = iRow_Estado WHERE Rol_IdRol = iRol_IdRol */$$
DELIMITER ;

/* Procedure structure for procedure `s_u_reemplazar_todo_permisos_rol` */

/*!50003 DROP PROCEDURE IF EXISTS  `s_u_reemplazar_todo_permisos_rol` */;

DELIMITER $$

/*!50003 CREATE DEFINER=`root`@`localhost` PROCEDURE `s_u_reemplazar_todo_permisos_rol`(
	IN iRol_IdRol int(11),
	IN iPer_IdPermiso int(11),
	IN iPer_Valor tinyint(1)
)
REPLACE INTO permisos_rol SET Rol_IdRol = iRol_IdRol, Per_IdPermiso = iPer_IdPermiso, Per_Valor = iPer_Valor */$$
DELIMITER ;

/*!40101 SET SQL_MODE=@OLD_SQL_MODE */;
/*!40014 SET FOREIGN_KEY_CHECKS=@OLD_FOREIGN_KEY_CHECKS */;
